Date,Symbol,Close,AdjClose
2009-01-02,0050,32.869998931884766,20.344070434570312
2009-01-05,0050,36.59000015258789,22.646469116210938
2009-01-06,0050,36.56999969482422,22.634092330932617
2009-01-07,0050,32.209999084472656,19.935577392578125
2009-01-08,0050,30.15999984741211,18.666784286499023
2009-01-09,0050,32.220001220703125,19.941768646240234
2009-01-12,0050,34.189998626708984,21.16104507446289
2009-01-13,0050,32.65999984741211,20.214092254638672
2009-01-14,0050,34.77000045776367,21.520029067993164
2009-01-15,0050,31.0,19.186677932739254
2009-01-16,0050,30.0,18.5677547454834
2009-01-19,0050,33.72999954223633,20.87634658813477
2009-01-20,0050,32.84000015258789,20.325502395629883
2009-01-21,0050,30.5,18.877216339111328
2009-02-02,0050,33.040000915527344,20.44928741455078
2009-02-03,0050,31.46999931335449,19.47757339477539
2009-02-04,0050,31.690000534057617,19.613744735717773
2009-02-05,0050,31.43000030517578,19.45281982421875
2009-02-06,0050,32.20000076293945,19.92939567565918
2009-02-09,0050,34.77000045776367,21.520029067993164
2009-02-10,0050,34.97999954223633,21.65000343322754
2009-02-11,0050,30.93000030517578,19.14335823059082
2009-02-12,0050,34.61000061035156,21.421003341674805
2009-02-13,0050,33.279998779296875,20.59783172607422
2009-02-16,0050,35.529998779296875,21.99041175842285
2009-02-17,0050,32.439998626708984,20.07793426513672
2009-02-18,0050,30.21999931335449,18.70391845703125
2009-02-19,0050,35.220001220703125,21.79854202270508
2009-02-20,0050,34.34000015258789,21.253889083862305
2009-02-23,0050,32.439998626708984,20.07793426513672
2009-02-24,0050,34.40999984741211,21.297218322753903
2009-02-25,0050,32.7400016784668,20.263612747192383
2009-02-26,0050,32.79999923706055,20.30074119567871
2009-02-27,0050,33.04999923706055,20.455476760864254
2009-03-02,0050,31.93000030517578,19.76228141784668
2009-03-03,0050,31.950000762939453,19.774660110473636
2009-03-04,0050,32.75,20.26979637145996
2009-03-05,0050,33.45000076293945,20.70304298400879
2009-03-06,0050,36.02000045776367,22.293685913085938
2009-03-09,0050,33.31999969482422,20.622583389282227
2009-03-10,0050,33.47999954223633,20.72161293029785
2009-03-11,0050,34.25,21.198183059692383
2009-03-12,0050,34.04999923706055,21.07439613342285
2009-03-13,0050,35.0,21.66238021850586
2009-03-16,0050,35.529998779296875,21.99041175842285
2009-03-17,0050,36.16999816894531,22.386520385742188
2009-03-18,0050,36.09999847412109,22.34320068359375
2009-03-19,0050,35.900001525878906,22.21941566467285
2009-03-20,0050,35.41999816894531,21.92233085632324
2009-03-23,0050,36.56999969482422,22.634092330932617
2009-03-24,0050,37.400001525878906,23.147804260253903
2009-03-25,0050,37.81999969482422,23.407751083374023
2009-03-26,0050,38.09999847412109,23.581039428710938
2009-03-27,0050,37.77000045776367,23.376802444458008
2009-03-30,0050,36.290000915527344,22.460790634155277
2009-03-31,0050,36.63999938964844,22.677417755126957
2009-04-02,0050,38.58000183105469,23.87813377380371
2009-04-03,0050,38.59999847412109,23.89051055908203
2009-04-06,0050,38.790000915527344,24.00811004638672
2009-04-07,0050,38.79999923706055,24.01429557800293
2009-04-08,0050,37.72999954223633,23.3520450592041
2009-04-09,0050,39.27999877929688,24.311376571655277
2009-04-10,0050,39.970001220703125,24.73844146728516
2009-04-13,0050,40.18000030517578,24.86840438842773
2009-04-14,0050,40.5,25.066469192504883
2009-04-15,0050,40.25,24.911739349365234
2009-04-16,0050,41.20000076293945,25.49971389770508
2009-04-17,0050,39.880001068115234,24.68273162841797
2009-04-20,0050,40.16999816894531,24.86222267150879
2009-04-21,0050,40.77999877929688,25.23976325988769
2009-04-22,0050,40.650001525878906,25.15930557250977
2009-04-23,0050,40.459999084472656,25.04171371459961
2009-04-24,0050,40.5,25.066469192504883
2009-04-27,0050,39.52000045776367,24.45992088317871
2009-04-28,0050,39.04999923706055,24.16903305053711
2009-04-29,0050,39.400001525878906,24.38565444946289
2009-04-30,0050,42.150001525878906,26.08770179748535
2009-05-04,0050,45.09999847412109,27.913524627685547
2009-05-05,0050,46.29999923706055,28.65623664855957
2009-05-06,0050,46.400001525878906,28.718122482299805
2009-05-07,0050,46.29999923706055,28.65623664855957
2009-05-08,0050,45.83000183105469,28.365346908569336
2009-05-11,0050,46.20000076293945,28.59433937072754
2009-05-12,0050,44.59999847412109,27.60407447814941
2009-05-13,0050,44.66999816894531,27.647390365600582
2009-05-14,0050,43.650001525878906,27.01608085632324
2009-05-15,0050,44.79999923706055,27.72784423828125
2009-05-18,0050,45.060001373291016,27.888771057128903
2009-05-19,0050,46.09999847412109,28.532453536987305
2009-05-20,0050,46.29999923706055,28.65623664855957
2009-05-21,0050,45.95000076293945,28.43961334228516
2009-05-22,0050,45.77999877929688,28.33439445495605
2009-05-25,0050,45.72999954223633,28.303449630737305
2009-05-26,0050,45.59999847412109,28.22298812866211
2009-05-27,0050,48.0,29.70840835571289
2009-06-01,0050,47.720001220703125,29.53511047363281
2009-06-02,0050,47.84999847412109,29.61556053161621
2009-06-03,0050,47.790000915527344,29.57843589782715
2009-06-04,0050,46.70000076293945,28.90380859375
2009-06-05,0050,46.619998931884766,28.85428810119629
2009-06-08,0050,45.709999084472656,28.29107093811035
2009-06-09,0050,44.45000076293945,27.5112247467041
2009-06-10,0050,44.84999847412109,27.758792877197266
2009-06-11,0050,45.25,28.00636482238769
2009-06-12,0050,44.65999984741211,27.64119911193848
2009-06-15,0050,43.040000915527344,26.63853645324707
2009-06-16,0050,43.04999923706055,26.644725799560547
2009-06-17,0050,42.970001220703125,26.595218658447266
2009-06-18,0050,42.75,26.45905113220215
2009-06-19,0050,43.25,26.76851272583008
2009-06-22,0050,43.900001525878906,27.170812606811523
2009-06-23,0050,42.84999847412109,26.520944595336918
2009-06-24,0050,44.08000183105469,27.282228469848636
2009-06-25,0050,44.58000183105469,27.591686248779297
2009-06-26,0050,44.59999847412109,27.60407447814941
2009-06-29,0050,44.27999877929688,27.4060115814209
2009-06-30,0050,44.459999084472656,27.517406463623047
2009-07-01,0050,45.45000076293945,28.13015365600586
2009-07-02,0050,45.900001525878906,28.408660888671875
2009-07-03,0050,45.79999923706055,28.34677124023437
2009-07-06,0050,45.68999862670898,28.27869415283203
2009-07-07,0050,46.18999862670898,28.58815574645996
2009-07-08,0050,45.65999984741211,28.26011848449707
2009-07-09,0050,46.5,28.78001594543457
2009-07-10,0050,46.77999877929688,28.95332336425781
2009-07-13,0050,45.29999923706055,28.03730583190918
2009-07-14,0050,46.13999938964844,28.557205200195312
2009-07-15,0050,47.04999923706055,29.12042617797852
2009-07-16,0050,47.45000076293945,29.367998123168945
2009-07-17,0050,47.869998931884766,29.627939224243164
2009-07-20,0050,48.5,30.017868041992188
2009-07-21,0050,48.400001525878906,29.95597267150879
2009-07-22,0050,48.47999954223633,30.0054931640625
2009-07-23,0050,48.5099983215332,30.024057388305664
2009-07-24,0050,48.380001068115234,29.94359970092773
2009-07-27,0050,48.83000183105469,30.22211265563965
2009-07-28,0050,49.70000076293945,30.76058006286621
2009-07-29,0050,49.34999847412109,30.543954849243164
2009-07-30,0050,48.84999847412109,30.234493255615234
2009-07-31,0050,49.02000045776367,30.33971405029297
2009-08-03,0050,49.18999862670898,30.44492721557617
2009-08-04,0050,48.650001525878906,30.110706329345703
2009-08-05,0050,48.04999923706055,29.739356994628903
2009-08-06,0050,48.13999938964844,29.795061111450195
2009-08-07,0050,48.13999938964844,29.795061111450195
2009-08-10,0050,48.2599983215332,29.869325637817383
2009-08-11,0050,48.41999816894531,29.96835708618164
2009-08-12,0050,48.25,29.863136291503903
2009-08-13,0050,49.36000061035156,30.55015182495117
2009-08-14,0050,49.619998931884766,30.711069107055664
2009-08-17,0050,48.65999984741211,30.116899490356445
2009-08-18,0050,48.02000045776367,29.72078895568848
2009-08-19,0050,47.86000061035156,29.62175750732422
2009-08-20,0050,47.59999847412109,29.460844039916992
2009-08-21,0050,47.18000030517578,29.20088768005371
2009-08-24,0050,48.70000076293945,30.14166641235352
2009-08-25,0050,48.33000183105469,29.912656784057617
2009-08-26,0050,48.0,29.70840835571289
2009-08-27,0050,47.75,29.55366516113281
2009-08-28,0050,48.400001525878906,29.95597267150879
2009-08-31,0050,48.45000076293945,29.986927032470703
2009-09-01,0050,50.20000076293945,31.07004737854004
2009-09-02,0050,50.20000076293945,31.07004737854004
2009-09-03,0050,50.45000076293945,31.22476959228516
2009-09-04,0050,51.04999923706055,31.59612464904785
2009-09-07,0050,51.79999923706055,32.060325622558594
2009-09-08,0050,52.5,32.49356460571289
2009-09-09,0050,52.04999923706055,32.215057373046875
2009-09-10,0050,52.84999847412109,32.710201263427734
2009-09-11,0050,52.5,32.49356460571289
2009-09-14,0050,51.84999847412109,32.091270446777344
2009-09-15,0050,52.45000076293945,32.46262741088867
2009-09-16,0050,53.20000076293945,32.92682266235352
2009-09-17,0050,53.150001525878906,32.895870208740234
2009-09-18,0050,53.29999923706055,32.98870849609375
2009-09-21,0050,53.150001525878906,32.895870208740234
2009-09-22,0050,52.95000076293945,32.77208709716797
2009-09-23,0050,52.70000076293945,32.61735534667969
2009-09-24,0050,52.0,32.184112548828125
2009-09-25,0050,52.34999847412109,32.400733947753906
2009-09-28,0050,51.79999923706055,32.060325622558594
2009-09-29,0050,52.84999847412109,32.710201263427734
2009-09-30,0050,53.29999923706055,32.98870849609375
2009-10-01,0050,53.650001525878906,33.2053337097168
2009-10-02,0050,52.70000076293945,32.61735534667969
2009-10-05,0050,52.650001525878906,32.5864143371582
2009-10-06,0050,53.59999847412109,33.17438888549805
2009-10-07,0050,53.900001525878906,33.36005783081055
2009-10-08,0050,53.04999923706055,32.83397674560547
2009-10-09,0050,53.34999847412109,33.019657135009766
2009-10-12,0050,53.59999847412109,33.17438888549805
2009-10-13,0050,53.70000076293945,33.23628234863281
2009-10-14,0050,54.34999847412109,33.63858413696289
2009-10-15,0050,54.650001525878906,33.82426834106445
2009-10-16,0050,54.650001525878906,33.82426834106445
2009-10-19,0050,54.84999847412109,33.94805145263672
2009-10-20,0050,54.900001525878906,33.9789924621582
2009-10-21,0050,54.5,33.731414794921875
2009-10-22,0050,53.70000076293945,33.23628234863281
2009-10-23,0050,53.25,32.957767486572266
2009-10-26,0050,53.5,33.11250305175781
2009-10-27,0050,53.400001525878906,33.05060577392578
2009-10-28,0050,52.54999923706055,32.52452087402344
2009-10-29,0050,51.54999923706055,31.90559959411621
2009-10-30,0050,51.650001525878906,31.96748733520508
2009-11-02,0050,51.34999847412109,31.78180694580078
2009-11-03,0050,51.0,31.5651912689209
2009-11-04,0050,51.95000076293945,32.15316390991211
2009-11-05,0050,51.84999847412109,32.091270446777344
2009-11-06,0050,52.25,32.338836669921875
2009-11-09,0050,52.75,32.6483039855957
2009-11-10,0050,53.150001525878906,32.895870208740234
2009-11-11,0050,53.84999847412109,33.3291130065918
2009-11-12,0050,53.79999923706055,33.29817581176758
2009-11-13,0050,53.650001525878906,33.2053337097168
2009-11-16,0050,54.54999923706055,33.76237487792969
2009-11-17,0050,54.09999847412109,33.483856201171875
2009-11-18,0050,54.150001525878906,33.51480484008789
2009-11-19,0050,53.95000076293945,33.39100646972656
2009-11-20,0050,53.45000076293945,33.0815544128418
2009-11-23,0050,53.400001525878906,33.05060577392578
2009-11-24,0050,53.650001525878906,33.2053337097168
2009-11-25,0050,54.0,33.421966552734375
2009-11-26,0050,53.84999847412109,33.3291130065918
2009-11-27,0050,52.20000076293945,32.30789566040039
2009-11-30,0050,52.70000076293945,32.61735534667969
2009-12-01,0050,53.25,32.957767486572266
2009-12-02,0050,53.400001525878906,33.05060577392578
2009-12-03,0050,53.45000076293945,33.0815544128418
2009-12-04,0050,53.09999847412109,32.86492156982422
2009-12-07,0050,53.95000076293945,33.39100646972656
2009-12-08,0050,53.70000076293945,33.23628234863281
2009-12-09,0050,53.84999847412109,33.3291130065918
2009-12-10,0050,53.0,32.80303955078125
2009-12-11,0050,53.84999847412109,33.3291130065918
2009-12-14,0050,53.900001525878906,33.36005783081055
2009-12-15,0050,53.75,33.267234802246094
2009-12-16,0050,53.20000076293945,32.92682266235352
2009-12-17,0050,53.400001525878906,33.05060577392578
2009-12-18,0050,53.25,32.957767486572266
2009-12-21,0050,53.70000076293945,33.23628234863281
2009-12-22,0050,54.150001525878906,33.51480484008789
2009-12-23,0050,54.54999923706055,33.76237487792969
2009-12-24,0050,55.09999847412109,34.10277557373047
2009-12-25,0050,55.20000076293945,34.1646614074707
2009-12-28,0050,55.59999847412109,34.412235260009766
2009-12-29,0050,55.5,34.3503532409668
2009-12-30,0050,55.70000076293945,34.47414016723633
2009-12-31,0050,56.45000076293945,34.93832778930664
2010-01-04,0050,56.5,34.969268798828125
2010-01-05,0050,56.5,34.969268798828125
2010-01-06,0050,57.54999923706055,35.619140625
2010-01-07,0050,57.400001525878906,35.52630615234375
2010-01-08,0050,57.75,35.74292755126953
2010-01-11,0050,57.900001525878906,35.83576965332031
2010-01-12,0050,57.59999847412109,35.650089263916016
2010-01-13,0050,56.75,35.12400436401367
2010-01-14,0050,57.45000076293945,35.5572509765625
2010-01-15,0050,57.79999923706055,35.77386474609375
2010-01-18,0050,57.5,35.58819961547852
2010-01-19,0050,56.75,35.12400436401367
2010-01-20,0050,56.400001525878906,34.90738296508789
2010-01-21,0050,55.95000076293945,34.62886047363281
2010-01-22,0050,54.400001525878906,33.66952896118164
2010-01-25,0050,54.20000076293945,33.545738220214844
2010-01-26,0050,52.95000076293945,32.77208709716797
2010-01-27,0050,52.900001525878906,32.741146087646484
2010-01-28,0050,54.04999923706055,33.45290756225586
2010-01-29,0050,53.0,32.80303955078125
2010-02-01,0050,52.400001525878906,32.43167495727539
2010-02-02,0050,51.84999847412109,32.091270446777344
2010-02-03,0050,52.75,32.6483039855957
2010-02-04,0050,52.54999923706055,32.52452087402344
2010-02-05,0050,50.75,31.41045570373535
2010-02-08,0050,50.84999847412109,31.472339630126957
2010-02-09,0050,51.54999923706055,31.90559959411621
2010-02-10,0050,52.09999847412109,32.24600601196289
2010-02-22,0050,52.59999847412109,32.555458068847656
2010-02-23,0050,52.59999847412109,32.555458068847656
2010-02-24,0050,52.25,32.338836669921875
2010-02-25,0050,51.650001525878906,31.96748733520508
2010-02-26,0050,51.54999923706055,31.90559959411621
2010-03-01,0050,52.79999923706055,32.67924499511719
2010-03-02,0050,52.650001525878906,32.5864143371582
2010-03-03,0050,52.650001525878906,32.5864143371582
2010-03-04,0050,52.20000076293945,32.30789566040039
2010-03-05,0050,52.95000076293945,32.77208709716797
2010-03-08,0050,53.650001525878906,33.2053337097168
2010-03-09,0050,53.79999923706055,33.29817581176758
2010-03-10,0050,53.79999923706055,33.29817581176758
2010-03-11,0050,53.650001525878906,33.2053337097168
2010-03-12,0050,53.59999847412109,33.17438888549805
2010-03-15,0050,52.84999847412109,32.710201263427734
2010-03-16,0050,53.09999847412109,32.86492156982422
2010-03-17,0050,54.150001525878906,33.51480484008789
2010-03-18,0050,54.400001525878906,33.66952896118164
2010-03-19,0050,54.25,33.576690673828125
2010-03-22,0050,53.70000076293945,33.23628234863281
2010-03-23,0050,53.34999847412109,33.019657135009766
2010-03-24,0050,53.5,33.11250305175781
2010-03-25,0050,53.5,33.11250305175781
2010-03-26,0050,54.0,33.421966552734375
2010-03-29,0050,54.5,33.731414794921875
2010-03-30,0050,54.45000076293945,33.700469970703125
2010-03-31,0050,54.25,33.576690673828125
2010-04-01,0050,54.75,33.88615417480469
2010-04-02,0050,54.75,33.88615417480469
2010-04-06,0050,55.29999923706055,34.2265625
2010-04-07,0050,55.400001525878906,34.288455963134766
2010-04-08,0050,55.04999923706055,34.07183074951172
2010-04-09,0050,55.20000076293945,34.1646614074707
2010-04-12,0050,55.45000076293945,34.31939697265625
2010-04-13,0050,54.79999923706055,33.917091369628906
2010-04-14,0050,55.20000076293945,34.1646614074707
2010-04-15,0050,55.54999923706055,34.381290435791016
2010-04-16,0050,55.20000076293945,34.1646614074707
2010-04-19,0050,53.650001525878906,33.2053337097168
2010-04-20,0050,53.84999847412109,33.3291130065918
2010-04-21,0050,54.54999923706055,33.76237487792969
2010-04-22,0050,54.45000076293945,33.700469970703125
2010-04-23,0050,54.75,33.88615417480469
2010-04-26,0050,55.900001525878906,34.59791564941406
2010-04-27,0050,55.84999847412109,34.56697463989258
2010-04-28,0050,55.25,34.195613861083984
2010-04-29,0050,55.0,34.0408935546875
2010-04-30,0050,54.79999923706055,33.917091369628906
2010-05-03,0050,54.45000076293945,33.700469970703125
2010-05-04,0050,54.5,33.731414794921875
2010-05-05,0050,53.0,32.80303955078125
2010-05-06,0050,51.95000076293945,32.15316390991211
2010-05-07,0050,51.95000076293945,32.15316390991211
2010-05-10,0050,52.400001525878906,32.43167495727539
2010-05-11,0050,52.20000076293945,32.30789566040039
2010-05-12,0050,52.09999847412109,32.24600601196289
2010-05-13,0050,53.25,32.957767486572266
2010-05-14,0050,53.09999847412109,32.86492156982422
2010-05-17,0050,51.900001525878906,32.12221908569336
2010-05-18,0050,52.0,32.184112548828125
2010-05-19,0050,51.45000076293945,31.843700408935547
2010-05-20,0050,50.79999923706055,31.44140625
2010-05-21,0050,49.75,30.79153060913086
2010-05-24,0050,50.45000076293945,31.22476959228516
2010-05-25,0050,49.119998931884766,30.4016056060791
2010-05-26,0050,49.31999969482422,30.525388717651367
2010-05-27,0050,49.65999984741211,30.735828399658203
2010-05-28,0050,49.869998931884766,30.86579704284668
2010-05-31,0050,50.09999847412109,31.008150100708008
2010-06-01,0050,49.83000183105469,30.841045379638672
2010-06-02,0050,49.04999923706055,30.358274459838867
2010-06-03,0050,50.20000076293945,31.07004737854004
2010-06-04,0050,50.04999923706055,30.977205276489254
2010-06-07,0050,48.7400016784668,30.166412353515625
2010-06-08,0050,48.560001373291016,30.05501365661621
2010-06-09,0050,48.18000030517578,29.8198184967041
2010-06-10,0050,48.84999847412109,30.234493255615234
2010-06-11,0050,49.619998931884766,30.711069107055664
2010-06-14,0050,50.34999847412109,31.162885665893555
2010-06-15,0050,50.70000076293945,31.37950325012207
2010-06-17,0050,51.04999923706055,31.59612464904785
2010-06-18,0050,50.900001525878906,31.503292083740234
2010-06-21,0050,52.0,32.184112548828125
2010-06-22,0050,51.70000076293945,31.99842834472656
2010-06-23,0050,51.150001525878906,31.65802001953125
2010-06-24,0050,51.29999923706055,31.750864028930664
2010-06-25,0050,50.59999847412109,31.317615509033203
2010-06-28,0050,50.79999923706055,31.44140625
2010-06-29,0050,50.5,31.25572967529297
2010-06-30,0050,49.54999923706055,30.66774177551269
2010-07-01,0050,49.36000061035156,30.55015182495117
2010-07-02,0050,49.4900016784668,30.630613327026367
2010-07-05,0050,50.5,31.25572967529297
2010-07-06,0050,51.400001525878906,31.81275177001953
2010-07-07,0050,51.29999923706055,31.750864028930664
2010-07-08,0050,52.04999923706055,32.215057373046875
2010-07-09,0050,52.34999847412109,32.400733947753906
2010-07-12,0050,52.29999923706055,32.36978530883789
2010-07-13,0050,52.150001525878906,32.27694320678711
2010-07-14,0050,53.150001525878906,32.895870208740234
2010-07-15,0050,53.25,32.957767486572266
2010-07-16,0050,52.900001525878906,32.741146087646484
2010-07-19,0050,52.75,32.6483039855957
2010-07-20,0050,53.20000076293945,32.92682266235352
2010-07-21,0050,52.900001525878906,32.741146087646484
2010-07-22,0050,52.95000076293945,32.77208709716797
2010-07-23,0050,53.70000076293945,33.23628234863281
2010-07-26,0050,53.84999847412109,33.3291130065918
2010-07-27,0050,53.59999847412109,33.17438888549805
2010-07-28,0050,54.04999923706055,33.45290756225586
2010-07-29,0050,54.09999847412109,33.483856201171875
2010-07-30,0050,53.900001525878906,33.36005783081055
2010-08-02,0050,54.95000076293945,34.00994110107422
2010-08-03,0050,55.20000076293945,34.1646614074707
2010-08-04,0050,55.09999847412109,34.10277557373047
2010-08-05,0050,55.04999923706055,34.07183074951172
2010-08-06,0050,55.20000076293945,34.1646614074707
2010-08-09,0050,55.5,34.3503532409668
2010-08-10,0050,55.400001525878906,34.288455963134766
2010-08-11,0050,54.70000076293945,33.8552131652832
2010-08-12,0050,54.25,33.576690673828125
2010-08-13,0050,54.84999847412109,33.94805145263672
2010-08-16,0050,55.0,34.0408935546875
2010-08-17,0050,54.95000076293945,34.00994110107422
2010-08-18,0050,54.650001525878906,33.82426834106445
2010-08-19,0050,54.95000076293945,34.00994110107422
2010-08-20,0050,54.95000076293945,34.00994110107422
2010-08-23,0050,55.29999923706055,34.2265625
2010-08-24,0050,54.95000076293945,34.00994110107422
2010-08-25,0050,53.95000076293945,33.39100646972656
2010-08-26,0050,53.59999847412109,33.17438888549805
2010-08-27,0050,53.84999847412109,33.3291130065918
2010-08-30,0050,54.09999847412109,33.483856201171875
2010-08-31,0050,53.29999923706055,32.98870849609375
2010-09-01,0050,53.70000076293945,33.23628234863281
2010-09-02,0050,54.0,33.421966552734375
2010-09-03,0050,54.54999923706055,33.76237487792969
2010-09-06,0050,54.95000076293945,34.00994110107422
2010-09-07,0050,54.84999847412109,33.94805145263672
2010-09-08,0050,54.75,33.88615417480469
2010-09-09,0050,54.75,33.88615417480469
2010-09-10,0050,55.25,34.195613861083984
2010-09-13,0050,56.79999923706055,35.15494918823242
2010-09-14,0050,57.0,35.27873611450195
2010-09-15,0050,57.25,35.433467864990234
2010-09-16,0050,56.650001525878906,35.062110900878906
2010-09-17,0050,57.29999923706055,35.46440887451172
2010-09-20,0050,57.25,35.433467864990234
2010-09-21,0050,57.34999847412109,35.49535369873047
2010-09-23,0050,57.34999847412109,35.49535369873047
2010-09-24,0050,57.0,35.27873611450195
2010-09-27,0050,57.5,35.58819961547852
2010-09-28,0050,57.400001525878906,35.52630615234375
2010-09-29,0050,57.79999923706055,35.77386474609375
2010-09-30,0050,57.70000076293945,35.71197891235352
2010-10-01,0050,57.75,35.74292755126953
2010-10-04,0050,57.75,35.74292755126953
2010-10-05,0050,57.400001525878906,35.52630615234375
2010-10-06,0050,57.75,35.74292755126953
2010-10-07,0050,57.95000076293945,35.86671829223633
2010-10-08,0050,57.59999847412109,35.650089263916016
2010-10-11,0050,56.95000076293945,35.24778747558594
2010-10-12,0050,56.20000076293945,34.78359603881836
2010-10-13,0050,56.54999923706055,35.000213623046875
2010-10-14,0050,57.45000076293945,35.5572509765625
2010-10-15,0050,57.34999847412109,35.49535369873047
2010-10-18,0050,56.20000076293945,34.78359603881836
2010-10-19,0050,56.04999923706055,34.690757751464844
2010-10-20,0050,56.70000076293945,35.093055725097656
2010-10-21,0050,56.75,35.12400436401367
2010-10-22,0050,57.09999847412109,35.34062576293945
2010-10-25,0050,56.09999847412109,34.72169876098633
2010-10-26,0050,56.34999847412109,34.87643051147461
2010-10-27,0050,56.04999923706055,34.690757751464844
2010-10-28,0050,56.5,34.969268798828125
2010-10-29,0050,56.0,34.659812927246094
2010-11-01,0050,56.79999923706055,35.15494918823242
2010-11-02,0050,56.79999923706055,35.15494918823242
2010-11-03,0050,56.70000076293945,35.093055725097656
2010-11-04,0050,57.04999923706055,35.3096809387207
2010-11-05,0050,57.650001525878906,35.68103790283203
2010-11-08,0050,57.54999923706055,35.619140625
2010-11-09,0050,57.70000076293945,35.71197891235352
2010-11-10,0050,57.650001525878906,35.68103790283203
2010-11-11,0050,57.5,35.58819961547852
2010-11-12,0050,56.34999847412109,34.87643051147461
2010-11-15,0050,56.150001525878906,34.752655029296875
2010-11-16,0050,56.75,35.12400436401367
2010-11-17,0050,56.5,34.969268798828125
2010-11-18,0050,56.59999847412109,35.03116607666016
2010-11-19,0050,56.650001525878906,35.062110900878906
2010-11-22,0050,57.34999847412109,35.49535369873047
2010-11-23,0050,56.900001525878906,35.21683883666992
2010-11-24,0050,56.84999847412109,35.18589782714844
2010-11-25,0050,57.09999847412109,35.34062576293945
2010-11-26,0050,56.79999923706055,35.15494918823242
2010-11-29,0050,56.900001525878906,35.21683883666992
2010-11-30,0050,57.09999847412109,35.34062576293945
2010-12-01,0050,58.0,35.89765548706055
2010-12-02,0050,58.45000076293945,36.17617416381836
2010-12-03,0050,59.0,36.51658248901367
2010-12-06,0050,59.150001525878906,36.60942077636719
2010-12-07,0050,59.09999847412109,36.57846450805664
2010-12-08,0050,59.09999847412109,36.57846450805664
2010-12-09,0050,59.70000076293945,36.9498291015625
2010-12-10,0050,59.29999923706055,36.70225524902344
2010-12-13,0050,59.45000076293945,36.79510116577149
2010-12-14,0050,59.29999923706055,36.70225524902344
2010-12-15,0050,59.59999847412109,36.887943267822266
2010-12-16,0050,59.70000076293945,36.9498291015625
2010-12-17,0050,60.20000076293945,37.2593002319336
2010-12-20,0050,59.900001525878906,37.07362747192383
2010-12-21,0050,60.04999923706055,37.16645431518555
2010-12-22,0050,60.04999923706055,37.16645431518555
2010-12-23,0050,60.45000076293945,37.41402816772461
2010-12-24,0050,60.20000076293945,37.2593002319336
2010-12-27,0050,60.45000076293945,37.41402816772461
2010-12-28,0050,60.34999847412109,37.35213088989258
2010-12-29,0050,60.5,37.444969177246094
2010-12-30,0050,60.79999923706055,37.63064956665039
2010-12-31,0050,61.400001525878906,38.00201034545898
2011-01-03,0050,61.45000076293945,38.0329475402832
2011-01-04,0050,61.29999923706055,37.94011688232422
2011-01-05,0050,60.29999923706055,37.32118606567383
2011-01-06,0050,60.20000076293945,37.2593002319336
2011-01-07,0050,59.650001525878906,36.918888092041016
2011-01-10,0050,59.84999847412109,37.04266357421875
2011-01-11,0050,60.84999847412109,37.66158676147461
2011-01-12,0050,61.09999847412109,37.81632614135742
2011-01-13,0050,61.04999923706055,37.78538513183594
2011-01-14,0050,61.0,37.754432678222656
2011-01-17,0050,60.84999847412109,37.66158676147461
2011-01-18,0050,61.34999847412109,37.97106170654297
2011-01-19,0050,62.04999923706055,38.40431213378906
2011-01-20,0050,61.650001525878906,38.15673065185547
2011-01-21,0050,61.0,37.754432678222656
2011-01-24,0050,60.95000076293945,37.72349548339844
2011-01-25,0050,61.45000076293945,38.0329475402832
2011-01-26,0050,62.0,38.37335586547852
2011-01-27,0050,62.45000076293945,38.6518783569336
2011-01-28,0050,63.0,38.99228286743164
2011-02-08,0050,62.59999847412109,38.74471664428711
2011-02-09,0050,62.0,38.37335586547852
2011-02-10,0050,60.84999847412109,37.66158676147461
2011-02-11,0050,58.900001525878906,36.45470428466797
2011-02-14,0050,59.400001525878906,36.76415252685547
2011-02-15,0050,59.75,36.98078155517578
2011-02-16,0050,59.84999847412109,37.04266357421875
2011-02-17,0050,59.650001525878906,36.918888092041016
2011-02-18,0050,60.650001525878906,37.53781509399414
2011-02-21,0050,60.650001525878906,37.53781509399414
2011-02-22,0050,59.84999847412109,37.04266357421875
2011-02-23,0050,59.0,36.51658248901367
2011-02-24,0050,59.0,36.51658248901367
2011-02-25,0050,59.5,36.826053619384766
2011-03-01,0050,59.95000076293945,37.10456085205078
2011-03-02,0050,59.45000076293945,36.79510116577149
2011-03-03,0050,60.20000076293945,37.2593002319336
2011-03-04,0050,60.650001525878906,37.53781509399414
2011-03-07,0050,60.20000076293945,37.2593002319336
2011-03-08,0050,60.25,37.29023742675781
2011-03-09,0050,60.20000076293945,37.2593002319336
2011-03-10,0050,59.5,36.826053619384766
2011-03-11,0050,58.84999847412109,36.42374801635742
2011-03-14,0050,58.79999923706055,36.39279174804688
2011-03-15,0050,57.5,35.58819961547852
2011-03-16,0050,57.29999923706055,35.46440887451172
2011-03-17,0050,57.29999923706055,35.46440887451172
2011-03-18,0050,57.75,35.74292755126953
2011-03-21,0050,58.09999847412109,35.95955276489258
2011-03-22,0050,58.400001525878906,36.14523315429688
2011-03-23,0050,58.5,36.207122802734375
2011-03-24,0050,58.75,36.36186599731445
2011-03-25,0050,59.34999847412109,36.73320770263672
2011-03-28,0050,59.150001525878906,36.60942077636719
2011-03-29,0050,59.25,36.67131423950195
2011-03-30,0050,59.59999847412109,36.887943267822266
2011-03-31,0050,59.54999923706055,36.85699081420898
2011-04-01,0050,59.84999847412109,37.04266357421875
2011-04-06,0050,61.150001525878906,37.84727478027344
2011-04-07,0050,61.29999923706055,37.94011688232422
2011-04-08,0050,61.09999847412109,37.81632614135742
2011-04-11,0050,61.09999847412109,37.81632614135742
2011-04-12,0050,60.04999923706055,37.16645431518555
2011-04-13,0050,60.400001525878906,37.38308334350586
2011-04-14,0050,60.34999847412109,37.35213088989258
2011-04-15,0050,59.650001525878906,36.918888092041016
2011-04-18,0050,59.54999923706055,36.85699081420898
2011-04-19,0050,59.20000076293945,36.640380859375
2011-04-20,0050,60.29999923706055,37.32118606567383
2011-04-21,0050,61.70000076293945,38.18768310546875
2011-04-22,0050,61.59999847412109,38.12579345703125
2011-04-25,0050,61.45000076293945,38.0329475402832
2011-04-26,0050,61.20000076293945,37.87822341918945
2011-04-27,0050,62.150001525878906,38.4661979675293
2011-04-28,0050,62.150001525878906,38.4661979675293
2011-04-29,0050,62.0,38.37335586547852
2011-05-03,0050,62.150001525878906,38.4661979675293
2011-05-04,0050,61.79999923706055,38.24957275390625
2011-05-05,0050,62.25,38.52809524536133
2011-05-06,0050,61.95000076293945,38.34241485595703
2011-05-09,0050,62.29999923706055,38.55903244018555
2011-05-10,0050,62.29999923706055,38.55903244018555
2011-05-11,0050,62.04999923706055,38.40431213378906
2011-05-12,0050,62.25,38.52809524536133
2011-05-13,0050,62.04999923706055,38.40431213378906
2011-05-16,0050,61.29999923706055,37.94011688232422
2011-05-17,0050,61.25,37.90916442871094
2011-05-18,0050,61.59999847412109,38.12579345703125
2011-05-19,0050,61.04999923706055,37.78538513183594
2011-05-20,0050,61.09999847412109,37.81632614135742
2011-05-23,0050,60.34999847412109,37.35213088989258
2011-05-24,0050,60.45000076293945,37.41402816772461
2011-05-25,0050,60.25,37.29023742675781
2011-05-26,0050,60.84999847412109,37.66158676147461
2011-05-27,0050,60.59999847412109,37.50685119628906
2011-05-30,0050,60.5,37.444969177246094
2011-05-31,0050,62.0,38.37335586547852
2011-06-01,0050,62.34999847412109,38.589988708496094
2011-06-02,0050,61.900001525878906,38.31147003173828
2011-06-03,0050,62.20000076293945,38.49714279174805
2011-06-07,0050,62.20000076293945,38.49714279174805
2011-06-08,0050,62.0,38.37335586547852
2011-06-09,0050,62.0,38.37335586547852
2011-06-10,0050,60.54999923706055,37.47591781616211
2011-06-13,0050,59.75,36.98078155517578
2011-06-14,0050,60.75,37.59971237182617
2011-06-15,0050,60.5,37.444969177246094
2011-06-16,0050,59.400001525878906,36.76415252685547
2011-06-17,0050,59.20000076293945,36.640380859375
2011-06-20,0050,58.59999847412109,36.26901626586914
2011-06-21,0050,59.04999923706055,36.54753875732422
2011-06-22,0050,59.20000076293945,36.640380859375
2011-06-23,0050,58.650001525878906,36.29995346069336
2011-06-24,0050,58.20000076293945,36.02144241333008
2011-06-27,0050,57.79999923706055,35.77386474609375
2011-06-28,0050,57.650001525878906,35.68103790283203
2011-06-29,0050,58.650001525878906,36.29995346069336
2011-06-30,0050,58.84999847412109,36.42374801635742
2011-07-01,0050,59.70000076293945,36.9498291015625
2011-07-04,0050,60.04999923706055,37.16645431518555
2011-07-05,0050,59.95000076293945,37.10456085205078
2011-07-06,0050,60.59999847412109,37.50685119628906
2011-07-07,0050,60.34999847412109,37.35213088989258
2011-07-08,0050,60.04999923706055,37.16645431518555
2011-07-11,0050,59.650001525878906,36.918888092041016
2011-07-12,0050,58.70000076293945,36.33090591430664
2011-07-13,0050,58.70000076293945,36.33090591430664
2011-07-14,0050,58.900001525878906,36.45470428466797
2011-07-15,0050,59.20000076293945,36.640380859375
2011-07-18,0050,59.0,36.51658248901367
2011-07-19,0050,58.900001525878906,36.45470428466797
2011-07-20,0050,60.45000076293945,37.41402816772461
2011-07-21,0050,60.59999847412109,37.50685119628906
2011-07-22,0050,61.0,37.754432678222656
2011-07-25,0050,60.400001525878906,37.38308334350586
2011-07-26,0050,61.20000076293945,37.87822341918945
2011-07-27,0050,61.34999847412109,37.97106170654297
2011-07-28,0050,60.84999847412109,37.66158676147461
2011-07-29,0050,59.900001525878906,37.07362747192383
2011-08-01,0050,60.34999847412109,37.35213088989258
2011-08-02,0050,59.54999923706055,36.85699081420898
2011-08-03,0050,58.59999847412109,36.26901626586914
2011-08-04,0050,57.84999847412109,35.80482482910156
2011-08-05,0050,54.45000076293945,33.700469970703125
2011-08-08,0050,53.5,33.11250305175781
2011-08-09,0050,53.0,32.80303955078125
2011-08-10,0050,54.09999847412109,33.483856201171875
2011-08-11,0050,54.09999847412109,33.483856201171875
2011-08-12,0050,53.54999923706055,33.143436431884766
2011-08-15,0050,54.59999847412109,33.79330825805664
2011-08-16,0050,54.34999847412109,33.63858413696289
2011-08-17,0050,53.95000076293945,33.39100646972656
2011-08-18,0050,52.95000076293945,32.77208709716797
2011-08-19,0050,51.09999847412109,31.62706756591797
2011-08-22,0050,51.5,31.874650955200195
2011-08-23,0050,53.29999923706055,32.98870849609375
2011-08-24,0050,52.59999847412109,32.555458068847656
2011-08-25,0050,52.34999847412109,32.400733947753906
2011-08-26,0050,53.04999923706055,32.83397674560547
2011-08-29,0050,53.79999923706055,33.29817581176758
2011-08-30,0050,54.20000076293945,33.545738220214844
2011-08-31,0050,54.54999923706055,33.76237487792969
2011-09-01,0050,55.150001525878906,34.13372039794922
2011-09-02,0050,55.150001525878906,34.13372039794922
2011-09-05,0050,53.59999847412109,33.17438888549805
2011-09-06,0050,52.54999923706055,32.52452087402344
2011-09-07,0050,53.54999923706055,33.143436431884766
2011-09-08,0050,53.70000076293945,33.23628234863281
2011-09-09,0050,54.150001525878906,33.51480484008789
2011-09-13,0050,52.650001525878906,32.5864143371582
2011-09-14,0050,51.59999847412109,31.93653678894043
2011-09-15,0050,52.84999847412109,32.710201263427734
2011-09-16,0050,54.09999847412109,33.483856201171875
2011-09-19,0050,53.20000076293945,32.92682266235352
2011-09-20,0050,53.400001525878906,33.05060577392578
2011-09-21,0050,53.59999847412109,33.17438888549805
2011-09-22,0050,52.09999847412109,32.24600601196289
2011-09-23,0050,50.34999847412109,31.162885665893555
2011-09-26,0050,49.31999969482422,30.525388717651367
2011-09-27,0050,51.09999847412109,31.62706756591797
2011-09-28,0050,51.150001525878906,31.65802001953125
2011-09-29,0050,51.59999847412109,31.93653678894043
2011-09-30,0050,51.650001525878906,31.96748733520508
2011-10-03,0050,50.29999923706055,31.131933212280277
2011-10-04,0050,50.75,31.41045570373535
2011-10-05,0050,50.25,31.10099220275879
2011-10-06,0050,51.25,31.719911575317383
2011-10-07,0050,51.54999923706055,31.90559959411621
2011-10-11,0050,53.0,32.80303955078125
2011-10-12,0050,52.84999847412109,32.710201263427734
2011-10-13,0050,52.79999923706055,32.67924499511719
2011-10-14,0050,52.45000076293945,32.46262741088867
2011-10-17,0050,53.09999847412109,32.86492156982422
2011-10-18,0050,52.54999923706055,32.52452087402344
2011-10-19,0050,52.34999847412109,32.400733947753906
2011-10-20,0050,51.75,32.02937316894531
2011-10-21,0050,51.95000076293945,32.15316390991211
2011-10-24,0050,53.59999847412109,33.17438888549805
2011-10-25,0050,53.59999847412109,33.17438888549805
2011-10-26,0050,52.150001525878906,32.27694320678711
2011-10-27,0050,52.25,32.338836669921875
2011-10-28,0050,52.400001525878906,32.43167495727539
2011-10-31,0050,52.20000076293945,32.30789566040039
2011-11-01,0050,52.54999923706055,32.52452087402344
2011-11-02,0050,52.400001525878906,32.43167495727539
2011-11-03,0050,51.45000076293945,31.843700408935547
2011-11-04,0050,52.29999923706055,32.36978530883789
2011-11-07,0050,52.400001525878906,32.43167495727539
2011-11-08,0050,52.150001525878906,32.27694320678711
2011-11-09,0050,52.20000076293945,32.30789566040039
2011-11-10,0050,50.54999923706055,31.28666305541992
2011-11-11,0050,50.900001525878906,31.503292083740234
2011-11-14,0050,52.150001525878906,32.27694320678711
2011-11-15,0050,51.84999847412109,32.091270446777344
2011-11-16,0050,51.20000076293945,31.688966751098636
2011-11-17,0050,51.34999847412109,31.78180694580078
2011-11-18,0050,50.29999923706055,31.131933212280277
2011-11-21,0050,49.22999954223633,30.469682693481445
2011-11-22,0050,49.02000045776367,30.33971405029297
2011-11-23,0050,47.84999847412109,29.61556053161621
2011-11-24,0050,47.86000061035156,29.62175750732422
2011-11-25,0050,47.43999862670898,29.361804962158203
2011-11-28,0050,48.290000915527344,29.88789939880371
2011-11-29,0050,48.720001220703125,30.15403175354004
2011-11-30,0050,48.08000183105469,29.757925033569336
2011-12-01,0050,50.29999923706055,31.131933212280277
2011-12-02,0050,49.81999969482422,30.834856033325195
2011-12-05,0050,49.65999984741211,30.735828399658203
2011-12-06,0050,48.68999862670898,30.13546371459961
2011-12-07,0050,49.20000076293945,30.451120376586918
2011-12-08,0050,48.86000061035156,30.240686416625977
2011-12-09,0050,48.2400016784668,29.85695075988769
2011-12-12,0050,48.79999923706055,30.20355796813965
2011-12-13,0050,48.54999923706055,30.04881858825684
2011-12-14,0050,48.59000015258789,30.07357215881348
2011-12-15,0050,47.5,29.39894676208496
2011-12-16,0050,47.70000076293945,29.52273178100586
2011-12-19,0050,46.7400016784668,28.92856788635254
2011-12-20,0050,47.0,29.0894832611084
2011-12-21,0050,49.27999877929688,30.50062370300293
2011-12-22,0050,49.15999984741211,30.42635726928711
2011-12-23,0050,50.0,30.946258544921875
2011-12-26,0050,49.95000076293945,30.91531181335449
2011-12-27,0050,49.84999847412109,30.853424072265625
2011-12-28,0050,49.56999969482422,30.680116653442383
2011-12-29,0050,49.61000061035156,30.70488166809082
2011-12-30,0050,49.810001373291016,30.82866096496582
2012-01-02,0050,49.060001373291016,30.364477157592773
2012-01-03,0050,49.70000076293945,30.76058006286621
2012-01-04,0050,50.0,30.946258544921875
2012-01-05,0050,50.150001525878906,31.03909492492676
2012-01-06,0050,50.0,30.946258544921875
2012-01-09,0050,49.810001373291016,30.82866096496582
2012-01-10,0050,50.70000076293945,31.37950325012207
2012-01-11,0050,50.650001525878906,31.34856605529785
2012-01-12,0050,50.75,31.41045570373535
2012-01-13,0050,50.84999847412109,31.472339630126957
2012-01-16,0050,50.04999923706055,30.977205276489254
2012-01-17,0050,50.54999923706055,31.28666305541992
2012-01-18,0050,50.400001525878906,31.193828582763672
2012-01-30,0050,51.79999923706055,32.060325622558594
2012-01-31,0050,51.95000076293945,32.15316390991211
2012-02-01,0050,52.29999923706055,32.36978530883789
2012-02-02,0050,52.900001525878906,32.741146087646484
2012-02-03,0050,53.04999923706055,32.83397674560547
2012-02-06,0050,53.20000076293945,32.92682266235352
2012-02-07,0050,53.29999923706055,32.98870849609375
2012-02-08,0050,54.45000076293945,33.700469970703125
2012-02-09,0050,54.400001525878906,33.66952896118164
2012-02-10,0050,53.95000076293945,33.39100646972656
2012-02-13,0050,54.20000076293945,33.545738220214844
2012-02-14,0050,54.0,33.421966552734375
2012-02-15,0050,54.900001525878906,33.9789924621582
2012-02-16,0050,54.25,33.576690673828125
2012-02-17,0050,54.75,33.88615417480469
2012-02-20,0050,54.70000076293945,33.8552131652832
2012-02-21,0050,54.5,33.731414794921875
2012-02-22,0050,54.84999847412109,33.94805145263672
2012-02-23,0050,54.59999847412109,33.79330825805664
2012-02-24,0050,54.75,33.88615417480469
2012-02-29,0050,56.0,34.659812927246094
2012-03-01,0050,55.900001525878906,34.59791564941406
2012-03-02,0050,55.59999847412109,34.412235260009766
2012-03-05,0050,54.84999847412109,33.94805145263672
2012-03-06,0050,54.59999847412109,33.79330825805664
2012-03-07,0050,54.400001525878906,33.66952896118164
2012-03-08,0050,54.70000076293945,33.8552131652832
2012-03-09,0050,54.95000076293945,34.00994110107422
2012-03-12,0050,54.34999847412109,33.63858413696289
2012-03-13,0050,55.09999847412109,34.10277557373047
2012-03-14,0050,55.900001525878906,34.59791564941406
2012-03-15,0050,55.650001525878906,34.44318008422852
2012-03-16,0050,55.400001525878906,34.288455963134766
2012-03-19,0050,55.25,34.195613861083984
2012-03-20,0050,54.84999847412109,33.94805145263672
2012-03-21,0050,54.84999847412109,33.94805145263672
2012-03-22,0050,55.59999847412109,34.412235260009766
2012-03-23,0050,55.45000076293945,34.31939697265625
2012-03-26,0050,54.54999923706055,33.76237487792969
2012-03-27,0050,55.25,34.195613861083984
2012-03-28,0050,55.45000076293945,34.31939697265625
2012-03-29,0050,54.70000076293945,33.8552131652832
2012-03-30,0050,54.900001525878906,33.9789924621582
2012-04-02,0050,54.70000076293945,33.8552131652832
2012-04-03,0050,54.25,33.576690673828125
2012-04-05,0050,53.650001525878906,33.2053337097168
2012-04-06,0050,53.75,33.267234802246094
2012-04-09,0050,53.09999847412109,32.86492156982422
2012-04-10,0050,53.09999847412109,32.86492156982422
2012-04-11,0050,53.29999923706055,32.98870849609375
2012-04-12,0050,53.34999847412109,33.019657135009766
2012-04-13,0050,53.95000076293945,33.39100646972656
2012-04-16,0050,53.79999923706055,33.29817581176758
2012-04-17,0050,52.900001525878906,32.741146087646484
2012-04-18,0050,53.0,32.80303955078125
2012-04-19,0050,53.04999923706055,32.83397674560547
2012-04-20,0050,52.34999847412109,32.400733947753906
2012-04-23,0050,52.29999923706055,32.36978530883789
2012-04-24,0050,52.400001525878906,32.43167495727539
2012-04-25,0050,52.70000076293945,32.61735534667969
2012-04-26,0050,52.29999923706055,32.36978530883789
2012-04-27,0050,52.20000076293945,32.30789566040039
2012-04-30,0050,52.04999923706055,32.215057373046875
2012-05-02,0050,53.34999847412109,33.019657135009766
2012-05-03,0050,53.09999847412109,32.86492156982422
2012-05-04,0050,53.20000076293945,32.92682266235352
2012-05-07,0050,52.04999923706055,32.215057373046875
2012-05-08,0050,52.04999923706055,32.215057373046875
2012-05-09,0050,51.70000076293945,31.99842834472656
2012-05-10,0050,51.70000076293945,31.99842834472656
2012-05-11,0050,51.150001525878906,31.65802001953125
2012-05-14,0050,51.20000076293945,31.688966751098636
2012-05-15,0050,51.20000076293945,31.688966751098636
2012-05-16,0050,50.20000076293945,31.07004737854004
2012-05-17,0050,50.79999923706055,31.44140625
2012-05-18,0050,49.66999816894531,30.742015838623047
2012-05-21,0050,49.95000076293945,30.91531181335449
2012-05-22,0050,50.400001525878906,31.193828582763672
2012-05-23,0050,49.4900016784668,30.630613327026367
2012-05-24,0050,49.380001068115234,30.56252098083496
2012-05-25,0050,49.0099983215332,30.33352279663086
2012-05-28,0050,49.470001220703125,30.61823081970215
2012-05-29,0050,50.70000076293945,31.37950325012207
2012-05-30,0050,50.09999847412109,31.008150100708008
2012-05-31,0050,50.150001525878906,31.03909492492676
2012-06-01,0050,49.150001525878906,30.420166015625
2012-06-04,0050,47.68000030517578,29.51035499572754
2012-06-05,0050,48.29999923706055,29.89408493041992
2012-06-06,0050,48.630001068115234,30.098331451416016
2012-06-07,0050,48.7400016784668,30.166412353515625
2012-06-08,0050,48.0,29.70840835571289
2012-06-11,0050,48.9900016784668,30.32114791870117
2012-06-12,0050,48.61000061035156,30.085952758789062
2012-06-13,0050,48.709999084472656,30.147846221923828
2012-06-14,0050,48.77999877929688,30.19116973876953
2012-06-15,0050,49.400001525878906,30.574907302856445
2012-06-18,0050,50.20000076293945,31.07004737854004
2012-06-19,0050,49.90999984741211,30.890560150146484
2012-06-20,0050,50.45000076293945,31.22476959228516
2012-06-21,0050,50.150001525878906,31.03909492492676
2012-06-22,0050,49.560001373291016,30.673925399780277
2012-06-25,0050,49.20000076293945,30.451120376586918
2012-06-26,0050,48.9900016784668,30.32114791870117
2012-06-27,0050,49.45000076293945,30.605852127075195
2012-06-28,0050,49.52999877929688,30.65535926818848
2012-06-29,0050,50.20000076293945,31.07004737854004
2012-07-02,0050,50.59999847412109,31.317615509033203
2012-07-03,0050,51.20000076293945,31.688966751098636
2012-07-04,0050,51.400001525878906,31.81275177001953
2012-07-05,0050,51.29999923706055,31.750864028930664
2012-07-06,0050,51.0,31.5651912689209
2012-07-09,0050,50.95000076293945,31.53423118591309
2012-07-10,0050,50.400001525878906,31.193828582763672
2012-07-11,0050,50.54999923706055,31.28666305541992
2012-07-12,0050,49.650001525878906,30.729633331298828
2012-07-13,0050,49.5,30.636795043945312
2012-07-16,0050,49.5,30.636795043945312
2012-07-17,0050,49.84999847412109,30.853424072265625
2012-07-18,0050,49.20000076293945,30.451120376586918
2012-07-19,0050,50.20000076293945,31.07004737854004
2012-07-20,0050,50.150001525878906,31.03909492492676
2012-07-23,0050,49.25,30.482067108154297
2012-07-24,0050,49.119998931884766,30.4016056060791
2012-07-25,0050,48.86000061035156,30.240686416625977
2012-07-26,0050,48.93999862670898,30.29019927978516
2012-07-27,0050,49.91999816894531,30.896732330322266
2012-07-30,0050,50.25,31.10099220275879
2012-07-31,0050,51.09999847412109,31.62706756591797
2012-08-01,0050,51.20000076293945,31.688966751098636
2012-08-02,0050,51.20000076293945,31.688966751098636
2012-08-03,0050,50.900001525878906,31.503292083740234
2012-08-06,0050,51.54999923706055,31.90559959411621
2012-08-07,0050,51.59999847412109,31.93653678894043
2012-08-08,0050,51.75,32.02937316894531
2012-08-09,0050,52.84999847412109,32.710201263427734
2012-08-10,0050,52.79999923706055,32.67924499511719
2012-08-13,0050,53.0,32.80303955078125
2012-08-14,0050,53.25,32.957767486572266
2012-08-15,0050,53.04999923706055,32.83397674560547
2012-08-16,0050,53.20000076293945,32.92682266235352
2012-08-17,0050,52.95000076293945,32.77208709716797
2012-08-20,0050,52.79999923706055,32.67924499511719
2012-08-21,0050,53.400001525878906,33.05060577392578
2012-08-22,0050,53.34999847412109,33.019657135009766
2012-08-23,0050,53.29999923706055,32.98870849609375
2012-08-24,0050,53.09999847412109,32.86492156982422
2012-08-27,0050,53.20000076293945,32.92682266235352
2012-08-28,0050,52.5,32.49356460571289
2012-08-29,0050,52.70000076293945,32.61735534667969
2012-08-30,0050,52.54999923706055,32.52452087402344
2012-08-31,0050,52.75,32.6483039855957
2012-09-03,0050,53.150001525878906,32.895870208740234
2012-09-04,0050,53.04999923706055,32.83397674560547
2012-09-05,0050,52.34999847412109,32.400733947753906
2012-09-06,0050,52.150001525878906,32.27694320678711
2012-09-07,0050,52.95000076293945,32.77208709716797
2012-09-10,0050,53.34999847412109,33.019657135009766
2012-09-11,0050,53.29999923706055,32.98870849609375
2012-09-12,0050,54.04999923706055,33.45290756225586
2012-09-13,0050,54.150001525878906,33.51480484008789
2012-09-14,0050,55.5,34.3503532409668
2012-09-17,0050,55.59999847412109,34.412235260009766
2012-09-18,0050,55.400001525878906,34.288455963134766
2012-09-19,0050,55.650001525878906,34.44318008422852
2012-09-20,0050,55.25,34.195613861083984
2012-09-21,0050,55.45000076293945,34.31939697265625
2012-09-24,0050,55.5,34.3503532409668
2012-09-25,0050,55.29999923706055,34.2265625
2012-09-26,0050,54.900001525878906,33.9789924621582
2012-09-27,0050,55.09999847412109,34.10277557373047
2012-09-28,0050,55.150001525878906,34.13372039794922
2012-10-01,0050,55.0,34.0408935546875
2012-10-02,0050,55.25,34.195613861083984
2012-10-03,0050,55.0,34.0408935546875
2012-10-04,0050,55.04999923706055,34.07183074951172
2012-10-05,0050,55.09999847412109,34.10277557373047
2012-10-08,0050,54.650001525878906,33.82426834106445
2012-10-09,0050,54.400001525878906,33.66952896118164
2012-10-11,0050,53.29999923706055,32.98870849609375
2012-10-12,0050,53.150001525878906,32.895870208740234
2012-10-15,0050,53.25,32.957767486572266
2012-10-16,0050,53.5,33.11250305175781
2012-10-17,0050,53.400001525878906,33.05060577392578
2012-10-18,0050,53.650001525878906,33.2053337097168
2012-10-19,0050,53.25,32.957767486572266
2012-10-22,0050,52.900001525878906,32.741146087646484
2012-10-23,0050,52.900001525878906,32.741146087646484
2012-10-24,0050,51.0,31.5651912689209
2012-10-25,0050,50.5,31.25572967529297
2012-10-26,0050,49.90999984741211,30.890560150146484
2012-10-29,0050,50.0,30.946258544921875
2012-10-30,0050,50.45000076293945,31.22476959228516
2012-10-31,0050,50.400001525878906,31.193828582763672
2012-11-01,0050,50.34999847412109,31.162885665893555
2012-11-02,0050,50.70000076293945,31.37950325012207
2012-11-05,0050,50.5,31.25572967529297
2012-11-06,0050,50.900001525878906,31.503292083740234
2012-11-07,0050,51.150001525878906,31.65802001953125
2012-11-08,0050,50.75,31.41045570373535
2012-11-09,0050,51.09999847412109,31.62706756591797
2012-11-12,0050,50.900001525878906,31.503292083740234
2012-11-13,0050,50.04999923706055,30.977205276489254
2012-11-14,0050,50.150001525878906,31.03909492492676
2012-11-15,0050,50.0,30.946258544921875
2012-11-16,0050,49.93999862670898,30.909122467041016
2012-11-19,0050,50.25,31.10099220275879
2012-11-20,0050,50.34999847412109,31.162885665893555
2012-11-21,0050,49.970001220703125,30.927696228027344
2012-11-22,0050,50.20000076293945,31.07004737854004
2012-11-23,0050,51.70000076293945,31.99842834472656
2012-11-26,0050,52.20000076293945,32.30789566040039
2012-11-27,0050,52.400001525878906,32.43167495727539
2012-11-28,0050,52.45000076293945,32.46262741088867
2012-11-29,0050,53.09999847412109,32.86492156982422
2012-11-30,0050,53.54999923706055,33.143436431884766
2012-12-03,0050,53.5,33.11250305175781
2012-12-04,0050,53.45000076293945,33.0815544128418
2012-12-05,0050,53.75,33.267234802246094
2012-12-06,0050,53.59999847412109,33.17438888549805
2012-12-07,0050,53.900001525878906,33.36005783081055
2012-12-10,0050,53.70000076293945,33.23628234863281
2012-12-11,0050,53.650001525878906,33.2053337097168
2012-12-12,0050,54.09999847412109,33.483856201171875
2012-12-13,0050,54.70000076293945,33.8552131652832
2012-12-14,0050,54.20000076293945,33.545738220214844
2012-12-17,0050,53.5,33.11250305175781
2012-12-18,0050,53.54999923706055,33.143436431884766
2012-12-19,0050,53.70000076293945,33.23628234863281
2012-12-20,0050,53.04999923706055,32.83397674560547
2012-12-21,0050,52.79999923706055,32.67924499511719
2012-12-24,0050,52.70000076293945,32.61735534667969
2012-12-25,0050,53.59999847412109,33.17438888549805
2012-12-26,0050,53.5,33.11250305175781
2012-12-27,0050,53.45000076293945,33.0815544128418
2012-12-28,0050,53.79999923706055,33.29817581176758
2013-01-02,0050,54.400001525878906,33.66952896118164
2013-01-03,0050,54.84999847412109,33.94805145263672
2013-01-04,0050,54.5,33.731414794921875
2013-01-07,0050,54.25,33.576690673828125
2013-01-08,0050,53.900001525878906,33.36005783081055
2013-01-09,0050,54.09999847412109,33.483856201171875
2013-01-10,0050,54.5,33.731414794921875
2013-01-11,0050,54.45000076293945,33.700469970703125
2013-01-14,0050,54.5,33.731414794921875
2013-01-15,0050,54.0,33.421966552734375
2013-01-16,0050,53.70000076293945,33.23628234863281
2013-01-17,0050,53.29999923706055,32.98870849609375
2013-01-18,0050,53.95000076293945,33.39100646972656
2013-01-21,0050,53.900001525878906,33.36005783081055
2013-01-22,0050,54.04999923706055,33.45290756225586
2013-01-23,0050,54.0,33.421966552734375
2013-01-24,0050,53.70000076293945,33.23628234863281
2013-01-25,0050,53.5,33.11250305175781
2013-01-28,0050,53.75,33.267234802246094
2013-01-29,0050,54.5,33.731414794921875
2013-01-30,0050,54.59999847412109,33.79330825805664
2013-01-31,0050,54.59999847412109,33.79330825805664
2013-02-01,0050,54.79999923706055,33.917091369628906
2013-02-04,0050,55.20000076293945,34.1646614074707
2013-02-05,0050,55.0,34.0408935546875
2013-02-06,0050,55.400001525878906,34.288455963134766
2013-02-18,0050,55.59999847412109,34.412235260009766
2013-02-19,0050,55.650001525878906,34.44318008422852
2013-02-20,0050,56.09999847412109,34.72169876098633
2013-02-21,0050,55.70000076293945,34.47414016723633
2013-02-22,0050,55.5,34.3503532409668
2013-02-25,0050,55.70000076293945,34.47414016723633
2013-02-26,0050,55.09999847412109,34.10277557373047
2013-02-27,0050,55.20000076293945,34.1646614074707
2013-03-01,0050,55.400001525878906,34.288455963134766
2013-03-04,0050,54.75,33.88615417480469
2013-03-05,0050,55.20000076293945,34.1646614074707
2013-03-06,0050,55.45000076293945,34.31939697265625
2013-03-07,0050,55.400001525878906,34.288455963134766
2013-03-08,0050,55.79999923706055,34.53602600097656
2013-03-11,0050,55.900001525878906,34.59791564941406
2013-03-12,0050,55.54999923706055,34.381290435791016
2013-03-13,0050,55.650001525878906,34.44318008422852
2013-03-14,0050,55.59999847412109,34.412235260009766
2013-03-15,0050,55.20000076293945,34.1646614074707
2013-03-18,0050,54.5,33.731414794921875
2013-03-19,0050,54.59999847412109,33.79330825805664
2013-03-20,0050,54.25,33.576690673828125
2013-03-21,0050,54.29999923706055,33.60763168334961
2013-03-22,0050,54.150001525878906,33.51480484008789
2013-03-25,0050,54.54999923706055,33.76237487792969
2013-03-26,0050,54.54999923706055,33.76237487792969
2013-03-27,0050,54.70000076293945,33.8552131652832
2013-03-28,0050,54.54999923706055,33.76237487792969
2013-03-29,0050,55.09999847412109,34.10277557373047
2013-04-01,0050,55.0,34.0408935546875
2013-04-02,0050,54.84999847412109,33.94805145263672
2013-04-03,0050,55.0,34.0408935546875
2013-04-08,0050,53.84999847412109,33.3291130065918
2013-04-09,0050,53.70000076293945,33.23628234863281
2013-04-10,0050,53.79999923706055,33.29817581176758
2013-04-11,0050,54.34999847412109,33.63858413696289
2013-04-12,0050,54.34999847412109,33.63858413696289
2013-04-15,0050,53.900001525878906,33.36005783081055
2013-04-16,0050,54.0,33.421966552734375
2013-04-17,0050,53.900001525878906,33.36005783081055
2013-04-18,0050,53.84999847412109,33.3291130065918
2013-04-19,0050,55.45000076293945,34.31939697265625
2013-04-22,0050,55.400001525878906,34.288455963134766
2013-04-23,0050,55.09999847412109,34.10277557373047
2013-04-24,0050,55.54999923706055,34.381290435791016
2013-04-25,0050,55.650001525878906,34.44318008422852
2013-04-26,0050,55.84999847412109,34.56697463989258
2013-04-29,0050,55.79999923706055,34.53602600097656
2013-04-30,0050,56.400001525878906,34.90738296508789
2013-05-02,0050,56.54999923706055,35.000213623046875
2013-05-03,0050,56.650001525878906,35.062110900878906
2013-05-06,0050,56.900001525878906,35.21683883666992
2013-05-07,0050,57.09999847412109,35.34062576293945
2013-05-08,0050,57.84999847412109,35.80482482910156
2013-05-09,0050,58.20000076293945,36.02144241333008
2013-05-10,0050,57.900001525878906,35.83576965332031
2013-05-13,0050,57.75,35.74292755126953
2013-05-14,0050,57.900001525878906,35.83576965332031
2013-05-15,0050,57.95000076293945,35.86671829223633
2013-05-16,0050,58.70000076293945,36.33090591430664
2013-05-17,0050,58.400001525878906,36.14523315429688
2013-05-20,0050,58.29999923706055,36.083343505859375
2013-05-21,0050,58.29999923706055,36.083343505859375
2013-05-22,0050,58.25,36.052391052246094
2013-05-23,0050,57.0,35.27873611450195
2013-05-24,0050,56.84999847412109,35.18589782714844
2013-05-27,0050,57.34999847412109,35.49535369873047
2013-05-28,0050,57.150001525878906,35.37157440185547
2013-05-29,0050,57.650001525878906,35.68103790283203
2013-05-30,0050,56.95000076293945,35.24778747558594
2013-05-31,0050,56.95000076293945,35.24778747558594
2013-06-03,0050,56.70000076293945,35.093055725097656
2013-06-04,0050,56.59999847412109,35.03116607666016
2013-06-05,0050,56.59999847412109,35.03116607666016
2013-06-06,0050,55.900001525878906,34.59791564941406
2013-06-07,0050,56.04999923706055,34.690757751464844
2013-06-10,0050,56.5,34.969268798828125
2013-06-11,0050,56.34999847412109,34.87643051147461
2013-06-13,0050,55.0,34.0408935546875
2013-06-14,0050,54.79999923706055,33.917091369628906
2013-06-17,0050,55.150001525878906,34.13372039794922
2013-06-18,0050,55.400001525878906,34.288455963134766
2013-06-19,0050,55.29999923706055,34.2265625
2013-06-20,0050,54.25,33.576690673828125
2013-06-21,0050,53.59999847412109,33.17438888549805
2013-06-24,0050,53.400001525878906,33.05060577392578
2013-06-25,0050,53.0,32.80303955078125
2013-06-26,0050,53.70000076293945,33.23628234863281
2013-06-27,0050,54.34999847412109,33.63858413696289
2013-06-28,0050,55.09999847412109,34.10277557373047
2013-07-01,0050,55.59999847412109,34.412235260009766
2013-07-02,0050,55.5,34.3503532409668
2013-07-03,0050,54.84999847412109,33.94805145263672
2013-07-04,0050,54.95000076293945,34.00994110107422
2013-07-05,0050,56.04999923706055,34.690757751464844
2013-07-08,0050,55.0,34.0408935546875
2013-07-09,0050,55.650001525878906,34.44318008422852
2013-07-10,0050,55.79999923706055,34.53602600097656
2013-07-11,0050,57.20000076293945,35.40252685546875
2013-07-12,0050,57.34999847412109,35.49535369873047
2013-07-15,0050,57.5,35.58819961547852
2013-07-16,0050,57.5,35.58819961547852
2013-07-17,0050,57.59999847412109,35.650089263916016
2013-07-18,0050,57.20000076293945,35.40252685546875
2013-07-19,0050,55.95000076293945,34.62886047363281
2013-07-22,0050,56.150001525878906,34.752655029296875
2013-07-23,0050,57.04999923706055,35.3096809387207
2013-07-24,0050,56.900001525878906,35.21683883666992
2013-07-25,0050,57.0,35.27873611450195
2013-07-26,0050,56.900001525878906,35.21683883666992
2013-07-29,0050,56.5,34.969268798828125
2013-07-30,0050,56.95000076293945,35.24778747558594
2013-07-31,0050,56.59999847412109,35.03116607666016
2013-08-01,0050,56.20000076293945,34.78359603881836
2013-08-02,0050,56.54999923706055,35.000213623046875
2013-08-05,0050,56.70000076293945,35.093055725097656
2013-08-06,0050,55.900001525878906,34.59791564941406
2013-08-07,0050,55.09999847412109,34.10277557373047
2013-08-08,0050,54.900001525878906,33.9789924621582
2013-08-09,0050,54.84999847412109,33.94805145263672
2013-08-12,0050,55.0,34.0408935546875
2013-08-13,0050,55.54999923706055,34.381290435791016
2013-08-14,0050,55.400001525878906,34.288455963134766
2013-08-15,0050,55.0,34.0408935546875
2013-08-16,0050,55.25,34.195613861083984
2013-08-19,0050,55.09999847412109,34.10277557373047
2013-08-20,0050,54.59999847412109,33.79330825805664
2013-08-22,0050,54.150001525878906,33.51480484008789
2013-08-23,0050,54.84999847412109,33.94805145263672
2013-08-26,0050,55.09999847412109,34.10277557373047
2013-08-27,0050,54.59999847412109,33.79330825805664
2013-08-28,0050,54.75,33.88615417480469
2013-08-29,0050,55.5,34.3503532409668
2013-08-30,0050,55.84999847412109,34.56697463989258
2013-09-02,0050,56.29999923706055,34.84548568725586
2013-09-03,0050,56.650001525878906,35.062110900878906
2013-09-04,0050,56.54999923706055,35.000213623046875
2013-09-05,0050,56.900001525878906,35.21683883666992
2013-09-06,0050,57.0,35.27873611450195
2013-09-09,0050,57.20000076293945,35.40252685546875
2013-09-10,0050,57.34999847412109,35.49535369873047
2013-09-11,0050,57.5,35.58819961547852
2013-09-12,0050,57.54999923706055,35.619140625
2013-09-13,0050,57.09999847412109,35.34062576293945
2013-09-16,0050,57.79999923706055,35.77386474609375
2013-09-17,0050,57.75,35.74292755126953
2013-09-18,0050,57.54999923706055,35.619140625
2013-09-23,0050,58.0,35.89765548706055
2013-09-24,0050,58.04999923706055,35.9286003112793
2013-09-25,0050,57.79999923706055,35.77386474609375
2013-09-26,0050,57.25,35.433467864990234
2013-09-27,0050,57.400001525878906,35.52630615234375
2013-09-30,0050,57.150001525878906,35.37157440185547
2013-10-01,0050,57.150001525878906,35.37157440185547
2013-10-02,0050,57.34999847412109,35.49535369873047
2013-10-03,0050,58.54999923706055,36.238059997558594
2013-10-04,0050,58.45000076293945,36.17617416381836
2013-10-07,0050,57.900001525878906,35.83576965332031
2013-10-08,0050,58.34999847412109,36.11427688598633
2013-10-09,0050,58.20000076293945,36.02144241333008
2013-10-11,0050,58.45000076293945,36.17617416381836
2013-10-14,0050,58.0,35.89765548706055
2013-10-15,0050,58.5,36.207122802734375
2013-10-16,0050,58.25,36.052391052246094
2013-10-17,0050,58.54999923706055,36.238059997558594
2013-10-18,0050,59.04999923706055,36.54753875732422
2013-10-21,0050,59.0,36.51658248901367
2013-10-22,0050,59.0,36.51658248901367
2013-10-23,0050,58.70000076293945,36.33090591430664
2013-10-24,0050,57.54999923706055,36.45759963989258
2013-10-25,0050,57.09999847412109,36.17253112792969
2013-10-28,0050,57.5,36.42593002319336
2013-10-29,0050,57.75,36.58430480957031
2013-10-30,0050,57.900001525878906,36.67932891845703
2013-10-31,0050,57.900001525878906,36.67932891845703
2013-11-01,0050,57.59999847412109,36.4892807006836
2013-11-04,0050,57.34999847412109,36.33090972900391
2013-11-05,0050,56.79999923706055,35.982479095458984
2013-11-06,0050,56.79999923706055,35.982479095458984
2013-11-07,0050,56.650001525878906,35.88745880126953
2013-11-08,0050,56.45000076293945,35.7607536315918
2013-11-11,0050,56.29999923706055,35.66572570800781
2013-11-12,0050,56.5,35.79243850708008
2013-11-13,0050,55.75,35.31732177734375
2013-11-14,0050,55.900001525878906,35.41233825683594
2013-11-15,0050,56.150001525878906,35.57072448730469
2013-11-18,0050,56.45000076293945,35.7607536315918
2013-11-19,0050,56.79999923706055,35.982479095458984
2013-11-20,0050,56.45000076293945,35.7607536315918
2013-11-21,0050,55.45000076293945,35.12726974487305
2013-11-22,0050,55.5,35.15894317626953
2013-11-25,0050,56.25,35.634063720703125
2013-11-26,0050,56.70000076293945,35.91913986206055
2013-11-27,0050,57.0,36.10917663574219
2013-11-28,0050,57.34999847412109,36.33090972900391
2013-11-29,0050,57.54999923706055,36.45759963989258
2013-12-02,0050,57.45000076293945,36.39425659179688
2013-12-03,0050,57.5,36.42593002319336
2013-12-04,0050,57.45000076293945,36.39425659179688
2013-12-05,0050,57.09999847412109,36.17253112792969
2013-12-06,0050,57.150001525878906,36.204200744628906
2013-12-09,0050,57.650001525878906,36.52096176147461
2013-12-10,0050,57.79999923706055,36.6159782409668
2013-12-11,0050,57.84999847412109,36.64765167236328
2013-12-12,0050,57.400001525878906,36.36258316040039
2013-12-13,0050,57.34999847412109,36.33090972900391
2013-12-16,0050,56.900001525878906,36.04583358764648
2013-12-17,0050,57.20000076293945,36.23588943481445
2013-12-18,0050,57.0,36.10917663574219
2013-12-19,0050,57.34999847412109,36.33090972900391
2013-12-20,0050,57.45000076293945,36.39425659179688
2013-12-23,0050,57.84999847412109,36.64765167236328
2013-12-24,0050,57.79999923706055,36.6159782409668
2013-12-25,0050,57.84999847412109,36.64765167236328
2013-12-26,0050,57.84999847412109,36.64765167236328
2013-12-27,0050,58.29999923706055,36.93272399902344
2013-12-30,0050,58.79999923706055,37.24946975708008
2013-12-31,0050,58.70000076293945,37.18611907958984
2014-01-02,0050,14.637499809265137,9.272774696350098
2014-01-03,0050,14.462499618530272,9.16191291809082
2014-01-06,0050,14.425000190734863,9.13815689086914
2014-01-07,0050,14.425000190734863,9.13815689086914
2014-01-08,0050,14.449999809265137,9.1539945602417
2014-01-09,0050,14.387499809265137,9.114399909973145
2014-01-10,0050,14.387499809265137,9.114399909973145
2014-01-13,0050,14.475000381469728,9.169832229614258
2014-01-14,0050,14.449999809265137,9.1539945602417
2014-01-15,0050,14.600000381469728,9.24902057647705
2014-01-16,0050,14.637499809265137,9.272774696350098
2014-01-17,0050,14.662500381469728,9.28861141204834
2014-01-20,0050,14.699999809265137,9.31236743927002
2014-01-21,0050,14.637499809265137,9.272774696350098
2014-01-22,0050,14.662500381469728,9.28861141204834
2014-01-23,0050,14.625,9.26485538482666
2014-01-24,0050,14.662500381469728,9.28861141204834
2014-01-27,0050,14.399999618530272,9.122320175170898
2014-02-05,0050,13.949999809265137,8.83724594116211
2014-02-06,0050,14.0,8.86892318725586
2014-02-07,0050,14.149999618530272,8.963946342468262
2014-02-10,0050,14.149999618530272,8.963946342468262
2014-02-11,0050,14.237500190734863,9.019376754760742
2014-02-12,0050,14.387499809265137,9.114399909973145
2014-02-13,0050,14.350000381469728,9.090645790100098
2014-02-14,0050,14.487500190734863,9.17775058746338
2014-02-17,0050,14.487500190734863,9.17775058746338
2014-02-18,0050,14.537500381469728,9.20942497253418
2014-02-19,0050,14.537500381469728,9.20942497253418
2014-02-20,0050,14.412500381469728,9.130240440368652
2014-02-21,0050,14.550000190734863,9.217344284057615
2014-02-24,0050,14.475000381469728,9.169832229614258
2014-02-25,0050,14.537500381469728,9.20942497253418
2014-02-26,0050,14.600000381469728,9.24902057647705
2014-02-27,0050,14.574999809265137,9.23318099975586
2014-03-03,0050,14.487500190734863,9.17775058746338
2014-03-04,0050,14.425000190734863,9.13815689086914
2014-03-05,0050,14.574999809265137,9.23318099975586
2014-03-06,0050,14.787500381469728,9.367798805236816
2014-03-07,0050,14.850000381469728,9.407392501831056
2014-03-10,0050,14.762499809265137,9.351962089538574
2014-03-11,0050,14.837499618530272,9.399474143981934
2014-03-12,0050,14.699999809265137,9.31236743927002
2014-03-13,0050,14.9375,9.462822914123535
2014-03-14,0050,14.787500381469728,9.367798805236816
2014-03-17,0050,14.762499809265137,9.351962089538574
2014-03-18,0050,14.850000381469728,9.407392501831056
2014-03-19,0050,14.8125,9.383634567260742
2014-03-20,0050,14.625,9.26485538482666
2014-03-21,0050,14.625,9.26485538482666
2014-03-24,0050,14.662500381469728,9.28861141204834
2014-03-25,0050,14.787500381469728,9.367798805236816
2014-03-26,0050,14.925000190734863,9.454903602600098
2014-03-27,0050,14.949999809265137,9.470742225646973
2014-03-28,0050,14.975000381469728,9.486581802368164
2014-03-31,0050,15.024999618530272,9.518255233764648
2014-04-01,0050,15.149999618530272,9.597439765930176
2014-04-02,0050,15.199999809265137,9.629117012023926
2014-04-03,0050,15.162500381469728,9.60536003112793
2014-04-07,0050,15.125,9.581602096557615
2014-04-08,0050,15.199999809265137,9.629117012023926
2014-04-09,0050,15.25,9.660789489746094
2014-04-10,0050,15.300000190734863,9.692466735839844
2014-04-11,0050,15.287500381469728,9.684547424316406
2014-04-14,0050,15.262499809265137,9.668709754943848
2014-04-15,0050,15.337499618530272,9.716221809387209
2014-04-16,0050,15.324999809265137,9.70830249786377
2014-04-17,0050,15.287500381469728,9.684547424316406
2014-04-18,0050,15.387499809265137,9.747896194458008
2014-04-21,0050,15.387499809265137,9.747896194458008
2014-04-22,0050,15.4375,9.779569625854492
2014-04-23,0050,15.412500381469728,9.763731002807615
2014-04-24,0050,15.4375,9.779569625854492
2014-04-25,0050,15.175000190734863,9.613279342651367
2014-04-28,0050,15.3125,9.700384140014648
2014-04-29,0050,15.337499618530272,9.716221809387209
2014-04-30,0050,15.25,9.660789489746094
2014-05-02,0050,15.324999809265137,9.70830249786377
2014-05-05,0050,15.300000190734863,9.692466735839844
2014-05-06,0050,15.387499809265137,9.747896194458008
2014-05-07,0050,15.350000381469728,9.724141120910645
2014-05-08,0050,15.462499618530272,9.795406341552734
2014-05-09,0050,15.362500190734863,9.732057571411133
2014-05-12,0050,15.287500381469728,9.684547424316406
2014-05-13,0050,15.362500190734863,9.732057571411133
2014-05-14,0050,15.449999809265137,9.787487030029297
2014-05-15,0050,15.4375,9.779569625854492
2014-05-16,0050,15.462499618530272,9.795406341552734
2014-05-19,0050,15.462499618530272,9.795406341552734
2014-05-20,0050,15.524999618530272,9.835001945495604
2014-05-21,0050,15.449999809265137,9.787487030029297
2014-05-22,0050,15.662500381469728,9.922106742858888
2014-05-23,0050,15.6875,9.937943458557127
2014-05-26,0050,15.762499809265137,9.98545742034912
2014-05-27,0050,15.774999618530272,9.993375778198242
2014-05-28,0050,15.925000190734863,10.08839988708496
2014-05-29,0050,15.850000381469728,10.040891647338867
2014-05-30,0050,15.774999618530272,9.993375778198242
2014-06-03,0050,15.787500381469728,10.001293182373049
2014-06-04,0050,15.850000381469728,10.040891647338867
2014-06-05,0050,15.850000381469728,10.040891647338867
2014-06-06,0050,15.887499809265137,10.064644813537598
2014-06-09,0050,15.949999809265137,10.104236602783203
2014-06-10,0050,16.049999237060547,10.167584419250488
2014-06-11,0050,16.037500381469727,10.159668922424316
2014-06-12,0050,16.0,10.135910034179688
2014-06-13,0050,15.962499618530272,10.112154006958008
2014-06-16,0050,15.975000381469728,10.120073318481444
2014-06-17,0050,16.087499618530273,10.191341400146484
2014-06-18,0050,16.125,10.215099334716797
2014-06-19,0050,16.237499237060547,10.286368370056152
2014-06-20,0050,16.1875,10.254691123962402
2014-06-23,0050,16.174999237060547,10.24677276611328
2014-06-24,0050,16.200000762939453,10.26261043548584
2014-06-25,0050,16.162500381469727,10.238852500915527
2014-06-26,0050,16.337499618530273,10.349714279174805
2014-06-27,0050,16.337499618530273,10.349714279174805
2014-06-30,0050,16.487499237060547,10.444738388061523
2014-07-01,0050,16.637500762939453,10.539765357971191
2014-07-02,0050,16.774999618530273,10.62686824798584
2014-07-03,0050,16.924999237060547,10.72189235687256
2014-07-04,0050,16.924999237060547,10.72189235687256
2014-07-07,0050,16.899999618530273,10.706055641174316
2014-07-08,0050,16.9375,10.729812622070312
2014-07-09,0050,16.962499618530273,10.745648384094238
2014-07-10,0050,17.087499618530273,10.824835777282717
2014-07-11,0050,17.075000762939453,10.81691837310791
2014-07-14,0050,17.174999237060547,10.880268096923828
2014-07-15,0050,17.237499237060547,10.919859886169434
2014-07-16,0050,17.087499618530273,10.824835777282717
2014-07-17,0050,16.875,10.69021987915039
2014-07-18,0050,16.875,10.69021987915039
2014-07-21,0050,16.875,10.69021987915039
2014-07-22,0050,17.024999618530273,10.785240173339844
2014-07-23,0050,17.024999618530273,10.785240173339844
2014-07-24,0050,17.100000381469727,10.83275318145752
2014-07-25,0050,16.912500381469727,10.713974952697754
2014-07-28,0050,16.875,10.69021987915039
2014-07-29,0050,16.862499237060547,10.68229866027832
2014-07-30,0050,16.962499618530273,10.745648384094238
2014-07-31,0050,16.6875,10.571439743041992
2014-08-01,0050,16.5625,10.492252349853516
2014-08-04,0050,16.649999618530273,10.547682762145996
2014-08-05,0050,16.3125,10.333879470825195
2014-08-06,0050,16.424999237060547,10.405146598815918
2014-08-07,0050,16.424999237060547,10.405146598815918
2014-08-08,0050,16.424999237060547,10.405146598815918
2014-08-11,0050,16.512500762939453,10.460577011108398
2014-08-12,0050,16.524999618530273,10.468497276306152
2014-08-13,0050,16.6875,10.571439743041992
2014-08-14,0050,16.774999618530273,10.62686824798584
2014-08-15,0050,16.774999618530273,10.62686824798584
2014-08-18,0050,16.725000381469727,10.595192909240724
2014-08-19,0050,16.9375,10.729812622070312
2014-08-20,0050,17.0,10.769405364990234
2014-08-21,0050,16.975000381469727,10.753570556640623
2014-08-22,0050,17.1875,10.888185501098633
2014-08-25,0050,17.162500381469727,10.872347831726074
2014-08-26,0050,17.149999618530273,10.864431381225586
2014-08-27,0050,17.3125,10.96737003326416
2014-08-28,0050,17.337499618530273,10.983209609985352
2014-08-29,0050,17.299999237060547,10.959453582763672
2014-09-01,0050,17.450000762939453,11.05447769165039
2014-09-02,0050,17.1875,10.888185501098633
2014-09-03,0050,17.3125,10.96737003326416
2014-09-04,0050,17.25,10.927780151367188
2014-09-05,0050,17.25,10.927780151367188
2014-09-09,0050,17.3125,10.96737003326416
2014-09-10,0050,17.162500381469727,10.872347831726074
2014-09-11,0050,17.100000381469727,10.83275318145752
2014-09-12,0050,16.9375,10.729812622070312
2014-09-15,0050,16.9375,10.729812622070312
2014-09-16,0050,16.799999237060547,10.64270305633545
2014-09-17,0050,16.924999237060547,10.72189235687256
2014-09-18,0050,16.962499618530273,10.745648384094238
2014-09-19,0050,17.0,10.769405364990234
2014-09-22,0050,16.737499237060547,10.603113174438477
2014-09-23,0050,16.700000762939453,10.579357147216797
2014-09-24,0050,16.637500762939453,10.539765357971191
2014-09-25,0050,16.487499237060547,10.444738388061523
2014-09-26,0050,16.399999618530273,10.38930606842041
2014-09-29,0050,16.350000381469727,10.357633590698242
2014-09-30,0050,16.325000762939453,10.341797828674316
2014-10-01,0050,16.375,10.373472213745115
2014-10-02,0050,16.375,10.373472213745115
2014-10-03,0050,16.674999237060547,10.563519477844238
2014-10-06,0050,16.662500381469727,10.5556001663208
2014-10-07,0050,16.524999618530273,10.468497276306152
2014-10-08,0050,16.424999237060547,10.405146598815918
2014-10-09,0050,16.5,10.452658653259276
2014-10-13,0050,16.0,10.135910034179688
2014-10-14,0050,16.137500762939453,10.223017692565918
2014-10-15,0050,16.024999618530273,10.151748657226562
2014-10-16,0050,16.0,10.135910034179688
2014-10-17,0050,15.837499618530272,10.032967567443848
2014-10-20,0050,16.149999618530273,10.230935096740724
2014-10-21,0050,16.075000762939453,10.183424949645996
2014-10-22,0050,16.325000762939453,10.341797828674316
2014-10-23,0050,16.262500762939453,10.302202224731444
2014-10-24,0050,15.762499809265137,11.037450790405272
2014-10-27,0050,15.8125,11.072461128234863
2014-10-28,0050,16.087499618530273,11.265027046203612
2014-10-29,0050,16.25,11.378812789916992
2014-10-30,0050,16.200000762939453,11.343804359436035
2014-10-31,0050,16.325000762939453,11.431331634521484
2014-11-03,0050,16.399999618530273,11.483848571777344
2014-11-04,0050,16.412500381469727,11.49260139465332
2014-11-05,0050,16.375,11.466343879699709
2014-11-06,0050,16.274999618530273,11.396319389343262
2014-11-07,0050,16.299999237060547,11.413826942443848
2014-11-10,0050,16.537500381469727,11.58013153076172
2014-11-11,0050,16.487499237060547,11.545120239257812
2014-11-12,0050,16.25,11.378812789916992
2014-11-13,0050,16.412500381469727,11.49260139465332
2014-11-14,0050,16.424999237060547,11.50135612487793
2014-11-17,0050,16.274999618530273,11.396319389343262
2014-11-18,0050,16.225000381469727,11.36130714416504
2014-11-19,0050,16.462499618530273,11.52761459350586
2014-11-20,0050,16.649999618530273,11.658907890319824
2014-11-21,0050,16.662500381469727,11.667661666870115
2014-11-24,0050,16.700000762939453,11.69391918182373
2014-11-25,0050,16.712499618530273,11.70267105102539
2014-11-26,0050,16.712499618530273,11.70267105102539
2014-11-27,0050,16.875,11.816460609436035
2014-11-28,0050,16.875,11.816460609436035
2014-12-01,0050,16.700000762939453,11.69391918182373
2014-12-02,0050,16.450000762939453,11.518861770629885
2014-12-03,0050,16.712499618530273,11.70267105102539
2014-12-04,0050,16.774999618530273,11.74643611907959
2014-12-05,0050,16.712499618530273,11.70267105102539
2014-12-08,0050,16.587499618530273,11.615141868591309
2014-12-09,0050,16.549999237060547,11.588885307312012
2014-12-10,0050,16.325000762939453,11.431331634521484
2014-12-11,0050,16.3125,11.422578811645508
2014-12-12,0050,16.325000762939453,11.431331634521484
2014-12-15,0050,16.274999618530273,11.396319389343262
2014-12-16,0050,16.137500762939453,11.30003833770752
2014-12-17,0050,15.887499809265137,11.124979972839355
2014-12-18,0050,15.925000190734863,11.151236534118652
2014-12-19,0050,16.299999237060547,11.413826942443848
2014-12-22,0050,16.5,11.553874015808104
2014-12-23,0050,16.450000762939453,11.518861770629885
2014-12-24,0050,16.575000762939453,11.606389999389648
2014-12-25,0050,16.575000762939453,11.606389999389648
2014-12-26,0050,16.612499237060547,11.632648468017578
2014-12-29,0050,16.799999237060547,11.763941764831545
2014-12-30,0050,16.712499618530273,11.70267105102539
2014-12-31,0050,16.712499618530273,11.70267105102539
2015-01-05,0050,16.637500762939453,11.650157928466797
2015-01-06,0050,16.225000381469727,11.36130714416504
2015-01-07,0050,16.25,11.378812789916992
2015-01-08,0050,16.625,11.641400337219238
2015-01-09,0050,16.537500381469727,11.58013153076172
2015-01-12,0050,16.4375,11.51010799407959
2015-01-13,0050,16.487499237060547,11.545120239257812
2015-01-14,0050,16.399999618530273,11.483848571777344
2015-01-15,0050,16.450000762939453,11.518861770629885
2015-01-16,0050,16.375,11.466343879699709
2015-01-19,0050,16.5625,11.597640991210938
2015-01-20,0050,16.6875,11.685166358947754
2015-01-21,0050,16.8125,11.772695541381836
2015-01-22,0050,16.899999618530273,11.833966255187988
2015-01-23,0050,17.174999237060547,12.026533126831056
2015-01-26,0050,17.174999237060547,12.026533126831056
2015-01-27,0050,17.287500381469727,12.105310440063477
2015-01-28,0050,17.287500381469727,12.105310440063477
2015-01-29,0050,17.075000762939453,11.956510543823242
2015-01-30,0050,17.0,11.903990745544434
2015-02-02,0050,17.037500381469727,11.93025016784668
2015-02-03,0050,17.162500381469727,12.017780303955078
2015-02-04,0050,17.350000381469727,12.14907169342041
2015-02-05,0050,17.274999618530273,12.096552848815918
2015-02-06,0050,17.1875,12.035284042358398
2015-02-09,0050,17.125,11.991518020629885
2015-02-10,0050,17.0625,11.94775390625
2015-02-11,0050,17.25,12.07905101776123
2015-02-12,0050,17.25,12.07905101776123
2015-02-13,0050,17.362499237060547,12.15782642364502
2015-02-24,0050,17.5625,12.297873497009276
2015-02-25,0050,17.700000762939453,12.39415454864502
2015-02-26,0050,17.575000762939453,12.30662727355957
2015-03-02,0050,17.5,12.254110336303713
2015-03-03,0050,17.475000381469727,12.23660373687744
2015-03-04,0050,17.487499237060547,12.245354652404783
2015-03-05,0050,17.424999237060547,12.201587677001951
2015-03-06,0050,17.450000762939453,12.219094276428224
2015-03-09,0050,17.274999618530273,12.096552848815918
2015-03-10,0050,17.237499237060547,12.070295333862305
2015-03-11,0050,17.262500762939453,12.08780288696289
2015-03-12,0050,17.412500381469727,12.192834854125977
2015-03-13,0050,17.362499237060547,12.15782642364502
2015-03-16,0050,17.225000381469727,12.061542510986328
2015-03-17,0050,17.287500381469727,12.105310440063477
2015-03-18,0050,17.475000381469727,12.23660373687744
2015-03-19,0050,17.662500381469727,12.36789608001709
2015-03-20,0050,17.637500762939453,12.350388526916504
2015-03-23,0050,17.6875,12.38540267944336
2015-03-24,0050,17.625,12.341635704040527
2015-03-25,0050,17.5625,12.297873497009276
2015-03-26,0050,17.350000381469727,12.14907169342041
2015-03-27,0050,17.1875,12.035284042358398
2015-03-30,0050,17.200000762939453,12.044036865234377
2015-03-31,0050,17.262500762939453,12.08780288696289
2015-04-01,0050,17.162500381469727,12.017780303955078
2015-04-02,0050,17.375,12.166580200195312
2015-04-07,0050,17.399999618530273,12.184083938598633
2015-04-08,0050,17.25,12.07905101776123
2015-04-09,0050,17.274999618530273,12.096552848815918
2015-04-10,0050,17.412500381469727,12.192834854125977
2015-04-13,0050,17.462499618530273,12.227849006652832
2015-04-14,0050,17.375,12.166580200195312
2015-04-15,0050,17.162500381469727,12.017780303955078
2015-04-16,0050,17.424999237060547,12.201587677001951
2015-04-17,0050,17.262500762939453,12.08780288696289
2015-04-20,0050,17.237499237060547,12.070295333862305
2015-04-21,0050,17.237499237060547,12.070295333862305
2015-04-22,0050,17.412500381469727,12.192834854125977
2015-04-23,0050,17.875,12.516695976257324
2015-04-24,0050,18.049999237060547,12.639238357543944
2015-04-27,0050,18.1875,12.73552131652832
2015-04-28,0050,18.149999618530277,12.70925998687744
2015-04-29,0050,17.950000762939453,12.569214820861816
2015-04-30,0050,17.862499237060547,12.507941246032717
2015-05-04,0050,17.899999618530273,12.534201622009276
2015-05-05,0050,17.799999237060547,12.464178085327148
2015-05-06,0050,17.825000762939453,12.481684684753418
2015-05-07,0050,17.612499237060547,12.33288288116455
2015-05-08,0050,17.625,12.341635704040527
2015-05-11,0050,17.712499618530273,12.40290641784668
2015-05-12,0050,17.674999237060547,12.376646041870115
2015-05-13,0050,17.774999618530273,12.446672439575195
2015-05-14,0050,17.524999618530273,12.271612167358398
2015-05-15,0050,17.5,12.254110336303713
2015-05-18,0050,17.5625,12.297873497009276
2015-05-19,0050,17.825000762939453,12.481684684753418
2015-05-20,0050,17.700000762939453,12.39415454864502
2015-05-21,0050,17.537500381469727,12.280365943908691
2015-05-22,0050,17.674999237060547,12.376646041870115
2015-05-25,0050,17.674999237060547,12.376646041870115
2015-05-26,0050,17.75,12.42916488647461
2015-05-27,0050,17.787500381469727,12.455426216125488
2015-05-28,0050,17.875,12.516695976257324
2015-05-29,0050,17.774999618530273,12.446672439575195
2015-06-01,0050,17.625,12.341635704040527
2015-06-02,0050,17.600000381469727,12.324131965637209
2015-06-03,0050,17.487499237060547,12.245354652404783
2015-06-04,0050,17.149999618530273,12.009026527404783
2015-06-05,0050,17.112499237060547,11.982766151428224
2015-06-08,0050,17.225000381469727,12.061542510986328
2015-06-09,0050,17.087499618530273,11.965261459350586
2015-06-10,0050,17.162500381469727,12.017780303955078
2015-06-11,0050,17.212499618530273,12.052788734436035
2015-06-12,0050,17.200000762939453,12.044036865234377
2015-06-15,0050,17.162500381469727,12.017780303955078
2015-06-16,0050,17.049999237060547,11.93899917602539
2015-06-17,0050,17.125,11.991518020629885
2015-06-18,0050,17.100000381469727,11.974014282226562
2015-06-22,0050,17.337499618530273,12.14031982421875
2015-06-23,0050,17.387500762939453,12.17533016204834
2015-06-24,0050,17.412500381469727,12.192834854125977
2015-06-25,0050,17.612499237060547,12.33288288116455
2015-06-26,0050,17.612499237060547,12.33288288116455
2015-06-29,0050,17.200000762939453,12.044036865234377
2015-06-30,0050,17.350000381469727,12.14907169342041
2015-07-01,0050,17.512500762939453,12.262864112854004
2015-07-02,0050,17.524999618530273,12.271612167358398
2015-07-03,0050,17.524999618530273,12.271612167358398
2015-07-06,0050,17.325000762939453,12.13156509399414
2015-07-07,0050,17.399999618530273,12.184083938598633
2015-07-08,0050,16.875,11.816460609436035
2015-07-09,0050,16.774999618530273,11.74643611907959
2015-07-10,0050,16.774999618530273,11.74643611907959
2015-07-13,0050,17.024999618530273,11.921496391296388
2015-07-14,0050,17.024999618530273,11.921496391296388
2015-07-15,0050,17.0625,11.94775390625
2015-07-16,0050,17.149999618530273,12.009026527404783
2015-07-17,0050,17.125,11.991518020629885
2015-07-20,0050,17.0,11.903990745544434
2015-07-21,0050,17.162500381469727,12.017780303955078
2015-07-22,0050,16.950000762939453,11.868977546691896
2015-07-23,0050,16.787500381469727,11.7551908493042
2015-07-24,0050,16.6875,11.685166358947754
2015-07-27,0050,16.450000762939453,11.518861770629885
2015-07-28,0050,16.462499618530273,11.52761459350586
2015-07-29,0050,16.350000381469727,11.448838233947754
2015-07-30,0050,16.625,11.641400337219238
2015-07-31,0050,16.537500381469727,11.58013153076172
2015-08-03,0050,16.3125,11.422578811645508
2015-08-04,0050,16.325000762939453,11.431331634521484
2015-08-05,0050,16.424999237060547,11.50135612487793
2015-08-06,0050,16.25,11.378812789916992
2015-08-07,0050,16.174999237060547,11.32629680633545
2015-08-10,0050,16.137500762939453,11.30003833770752
2015-08-11,0050,16.137500762939453,11.30003833770752
2015-08-12,0050,15.862500190734863,11.107476234436035
2015-08-13,0050,15.887499809265137,11.124979972839355
2015-08-14,0050,15.824999809265137,11.08121395111084
2015-08-17,0050,15.725000381469728,11.011190414428713
2015-08-18,0050,15.637499809265137,10.949918746948242
2015-08-19,0050,15.399999618530272,10.783614158630373
2015-08-20,0050,15.350000381469728,10.74860382080078
2015-08-21,0050,14.949999809265137,10.468509674072266
2015-08-24,0050,14.375,10.065874099731444
2015-08-25,0050,15.0,10.503520965576172
2015-08-26,0050,15.087499618530272,10.564791679382324
2015-08-27,0050,15.037500381469728,10.52978229522705
2015-08-28,0050,15.449999809265137,10.818626403808594
2015-08-31,0050,15.574999809265137,10.90615463256836
2015-09-01,0050,15.4375,10.809873580932615
2015-09-02,0050,15.524999618530272,10.871145248413086
2015-09-03,0050,15.537500381469728,10.87989616394043
2015-09-04,0050,15.337499618530272,10.739850044250488
2015-09-07,0050,15.3125,10.72234344482422
2015-09-08,0050,15.362500190734863,10.757356643676758
2015-09-09,0050,16.037500381469727,11.23001480102539
2015-09-10,0050,15.862500190734863,11.107476234436035
2015-09-11,0050,15.875,11.116226196289062
2015-09-14,0050,15.912500381469728,11.142484664916992
2015-09-15,0050,15.787500381469728,11.05495548248291
2015-09-16,0050,15.975000381469728,11.186249732971191
2015-09-17,0050,16.25,11.378812789916992
2015-09-18,0050,16.212499618530273,11.352557182312012
2015-09-21,0050,15.862500190734863,11.107476234436035
2015-09-22,0050,15.949999809265137,11.168744087219238
2015-09-23,0050,15.587499618530272,10.914909362792969
2015-09-24,0050,15.5,10.853638648986816
2015-09-25,0050,15.5625,10.8974027633667
2015-09-29,0050,15.5625,10.8974027633667
2015-09-30,0050,15.600000381469728,10.923663139343262
2015-10-01,0050,15.899999618530272,11.133731842041016
2015-10-02,0050,15.8125,11.072461128234863
2015-10-05,0050,15.850000381469728,11.09872055053711
2015-10-06,0050,15.975000381469728,11.186249732971191
2015-10-07,0050,16.212499618530273,11.352557182312012
2015-10-08,0050,16.174999237060547,11.32629680633545
2015-10-12,0050,16.387500762939453,11.475098609924316
2015-10-13,0050,16.325000762939453,11.431331634521484
2015-10-14,0050,16.262500762939453,11.387567520141602
2015-10-15,0050,16.5,11.553874015808104
2015-10-16,0050,16.4375,11.51010799407959
2015-10-19,0050,16.487499237060547,11.545120239257812
2015-10-20,0050,16.487499237060547,11.545120239257812
2015-10-21,0050,16.375,11.466343879699709
2015-10-22,0050,16.375,11.466343879699709
2015-10-23,0050,16.475000381469727,11.536368370056152
2015-10-26,0050,16.137500762939453,11.653718948364258
2015-10-27,0050,16.049999237060547,11.590527534484863
2015-10-28,0050,15.9375,11.509285926818848
2015-10-29,0050,15.824999809265137,11.428043365478516
2015-10-30,0050,15.800000190734863,11.409991264343262
2015-11-02,0050,15.824999809265137,11.428043365478516
2015-11-03,0050,16.075000762939453,11.608582496643066
2015-11-04,0050,16.387500762939453,11.834256172180176
2015-11-05,0050,16.350000381469727,11.807173728942873
2015-11-06,0050,16.024999618530273,11.572474479675291
2015-11-09,0050,15.912500381469728,11.491230964660645
2015-11-10,0050,15.725000381469728,11.355828285217283
2015-11-11,0050,15.537500381469728,11.220426559448242
2015-11-12,0050,15.5625,11.238479614257812
2015-11-13,0050,15.399999618530272,11.121129989624023
2015-11-16,0050,15.287500381469728,11.039889335632324
2015-11-17,0050,15.587499618530272,11.2565336227417
2015-11-18,0050,15.350000381469728,11.085023880004885
2015-11-19,0050,15.574999809265137,11.24750518798828
2015-11-20,0050,15.574999809265137,11.24750518798828
2015-11-23,0050,15.649999618530272,11.301668167114258
2015-11-24,0050,15.487500190734863,11.184319496154783
2015-11-25,0050,15.487500190734863,11.184319496154783
2015-11-26,0050,15.699999809265137,11.337775230407717
2015-11-27,0050,15.487500190734863,11.184319496154783
2015-11-30,0050,15.300000190734863,11.04891300201416
2015-12-01,0050,15.600000381469728,11.265560150146484
2015-12-02,0050,15.574999809265137,11.24750518798828
2015-12-03,0050,15.600000381469728,11.265560150146484
2015-12-04,0050,15.4375,11.14820957183838
2015-12-07,0050,15.625,11.283614158630373
2015-12-08,0050,15.375,11.103076934814451
2015-12-09,0050,15.1875,10.96767234802246
2015-12-10,0050,15.137499809265137,10.931565284729004
2015-12-11,0050,14.962499618530272,10.805187225341797
2015-12-14,0050,14.850000381469728,10.723946571350098
2015-12-15,0050,14.862500190734863,10.732973098754885
2015-12-16,0050,15.087499618530272,10.895455360412598
2015-12-17,0050,15.262499809265137,11.021835327148438
2015-12-18,0050,15.1875,10.96767234802246
2015-12-21,0050,15.162500381469728,10.949618339538574
2015-12-22,0050,15.199999809265137,10.97669792175293
2015-12-23,0050,15.225000381469728,10.994752883911133
2015-12-24,0050,15.300000190734863,11.04891300201416
2015-12-25,0050,15.399999618530272,11.121129989624023
2015-12-28,0050,15.362500190734863,11.094049453735352
2015-12-29,0050,15.25,11.01280689239502
2015-12-30,0050,15.137499809265137,10.931565284729004
2015-12-31,0050,15.1875,10.96767234802246
2016-01-04,0050,14.887499809265137,10.751028060913086
2016-01-05,0050,14.762499809265137,10.660758018493652
2016-01-06,0050,14.612500190734863,10.552438735961914
2016-01-07,0050,14.337499618530272,10.353843688964844
2016-01-08,0050,14.362500190734863,10.37189769744873
2016-01-11,0050,14.137499809265137,10.2094144821167
2016-01-12,0050,14.125,10.20038604736328
2016-01-13,0050,14.287500381469728,10.317736625671388
2016-01-14,0050,14.175000190734863,10.236495018005373
2016-01-15,0050,14.175000190734863,10.236495018005373
2016-01-18,0050,14.274999618530272,10.308708190917969
2016-01-19,0050,14.3125,10.335792541503906
2016-01-20,0050,13.975000381469728,10.092066764831545
2016-01-21,0050,13.949999809265137,10.074009895324709
2016-01-22,0050,14.137499809265137,10.2094144821167
2016-01-25,0050,14.387499809265137,10.38995361328125
2016-01-26,0050,14.25,10.290655136108398
2016-01-27,0050,14.3125,10.335792541503906
2016-01-28,0050,14.387499809265137,10.38995361328125
2016-01-29,0050,14.75,10.651732444763184
2016-02-01,0050,14.887499809265137,10.751028060913086
2016-02-02,0050,14.837499618530272,10.714919090270996
2016-02-03,0050,14.737500190734863,10.642704963684082
2016-02-15,0050,14.75,10.651732444763184
2016-02-16,0050,15.0625,10.877403259277344
2016-02-17,0050,14.987500190734863,10.823243141174316
2016-02-18,0050,15.225000381469728,10.994752883911133
2016-02-19,0050,15.212499618530272,10.985727310180664
2016-02-22,0050,15.199999809265137,10.97669792175293
2016-02-23,0050,15.212499618530272,10.985727310180664
2016-02-24,0050,15.074999809265137,10.886432647705078
2016-02-25,0050,15.274999618530272,11.030860900878906
2016-02-26,0050,15.3125,11.057941436767578
2016-03-01,0050,15.462499618530272,11.166264533996582
2016-03-02,0050,15.587499618530272,11.2565336227417
2016-03-03,0050,15.737500190734863,11.364856719970703
2016-03-04,0050,15.774999618530272,11.391937255859377
2016-03-07,0050,15.774999618530272,11.391937255859377
2016-03-08,0050,15.762499809265137,11.382909774780272
2016-03-09,0050,15.774999618530272,11.391937255859377
2016-03-10,0050,15.8125,11.419017791748049
2016-03-11,0050,15.887499809265137,11.47317886352539
2016-03-14,0050,16.0,11.55441951751709
2016-03-15,0050,15.762499809265137,11.382909774780272
2016-03-16,0050,15.899999618530272,11.482205390930176
2016-03-17,0050,16.075000762939453,11.608582496643066
2016-03-18,0050,16.174999237060547,11.680797576904297
2016-03-21,0050,16.149999618530273,11.662741661071776
2016-03-22,0050,16.100000381469727,11.626636505126951
2016-03-23,0050,16.087499618530273,11.617608070373535
2016-03-24,0050,16.087499618530273,11.617608070373535
2016-03-25,0050,16.012500762939453,11.563446998596191
2016-03-28,0050,16.024999618530273,11.572474479675291
2016-03-29,0050,15.912500381469728,11.491230964660645
2016-03-30,0050,16.174999237060547,11.680797576904297
2016-03-31,0050,16.162500381469727,11.67176914215088
2016-04-01,0050,15.975000381469728,11.536368370056152
2016-04-06,0050,15.600000381469728,11.265560150146484
2016-04-07,0050,15.537500381469728,11.220426559448242
2016-04-08,0050,15.6875,11.328746795654297
2016-04-11,0050,15.75,11.373881340026855
2016-04-12,0050,15.737500190734863,11.364856719970703
2016-04-13,0050,16.012500762939453,11.563446998596191
2016-04-14,0050,16.0625,11.59955596923828
2016-04-15,0050,16.0625,11.59955596923828
2016-04-18,0050,15.962499618530272,11.527339935302734
2016-04-19,0050,15.899999618530272,11.482205390930176
2016-04-20,0050,15.662500381469728,11.310694694519045
2016-04-21,0050,15.737500190734863,11.364856719970703
2016-04-22,0050,15.800000190734863,11.409991264343262
2016-04-25,0050,15.8125,11.419017791748049
2016-04-26,0050,15.875,11.464152336120604
2016-04-27,0050,15.850000381469728,11.446096420288086
2016-04-28,0050,15.600000381469728,11.265560150146484
2016-04-29,0050,15.399999618530272,11.121129989624023
2016-05-03,0050,15.1875,10.96767234802246
2016-05-04,0050,15.024999618530272,10.850323677062988
2016-05-05,0050,15.050000190734863,10.86837673187256
2016-05-06,0050,14.925000190734863,10.778108596801758
2016-05-09,0050,14.925000190734863,10.778108596801758
2016-05-10,0050,15.0,10.832269668579102
2016-05-11,0050,14.962499618530272,10.805187225341797
2016-05-12,0050,14.949999809265137,10.796162605285645
2016-05-13,0050,14.787500381469728,10.678812980651855
2016-05-16,0050,14.899999618530272,10.760055541992188
2016-05-17,0050,15.012499809265137,10.841297149658203
2016-05-18,0050,14.987500190734863,10.823243141174316
2016-05-19,0050,14.912500381469728,10.769082069396973
2016-05-20,0050,15.0,10.832269668579102
2016-05-23,0050,15.5,11.193344116210938
2016-05-24,0050,15.337499618530272,11.075995445251465
2016-05-25,0050,15.5,11.193344116210938
2016-05-26,0050,15.537500381469728,11.220426559448242
2016-05-27,0050,15.649999618530272,11.301668167114258
2016-05-30,0050,15.787500381469728,11.400964736938477
2016-05-31,0050,15.787500381469728,11.400964736938477
2016-06-01,0050,15.925000190734863,11.500259399414062
2016-06-02,0050,15.925000190734863,11.500259399414062
2016-06-03,0050,15.962499618530272,11.527339935302734
2016-06-06,0050,16.012500762939453,11.563446998596191
2016-06-07,0050,16.225000381469727,11.716904640197754
2016-06-08,0050,16.3125,11.780092239379885
2016-06-13,0050,15.9375,11.509285926818848
2016-06-14,0050,16.037500381469727,11.581502914428713
2016-06-15,0050,16.0625,11.59955596923828
2016-06-16,0050,15.837499618530272,11.4370698928833
2016-06-17,0050,16.012500762939453,11.563446998596191
2016-06-20,0050,16.125,11.64469051361084
2016-06-21,0050,16.1875,11.689823150634766
2016-06-22,0050,16.237499237060547,11.725930213928224
2016-06-23,0050,16.200000762939453,11.698854446411133
2016-06-24,0050,15.774999618530272,11.391937255859377
2016-06-27,0050,15.9375,11.509285926818848
2016-06-28,0050,16.0,11.55441951751709
2016-06-29,0050,16.174999237060547,11.680797576904297
2016-06-30,0050,16.362499237060547,11.816201210021973
2016-07-01,0050,16.5625,11.960630416870115
2016-07-04,0050,16.575000762939453,11.96965789794922
2016-07-05,0050,16.524999618530273,11.933551788330078
2016-07-06,0050,16.225000381469727,11.716904640197754
2016-07-07,0050,16.424999237060547,11.861336708068848
2016-07-08,0050,16.424999237060547,11.861336708068848
2016-07-11,0050,16.75,12.096035957336426
2016-07-12,0050,16.899999618530273,12.204355239868164
2016-07-13,0050,16.912500381469727,12.213382720947266
2016-07-14,0050,16.924999237060547,12.222408294677734
2016-07-15,0050,17.125,12.366838455200195
2016-07-18,0050,17.287500381469727,12.48419189453125
2016-07-19,0050,17.3125,12.502245903015137
2016-07-20,0050,17.299999237060547,12.49321746826172
2016-07-21,0050,17.387500762939453,12.556403160095217
2016-07-22,0050,17.325000762939453,12.511271476745604
2016-07-25,0050,17.25,12.457110404968262
2016-07-26,0050,17.350000381469727,12.529325485229492
2016-07-27,0050,17.424999237060547,12.583484649658203
2016-07-28,0050,17.262500762939453,12.620040893554688
2016-07-29,0050,17.137500762939453,12.528651237487791
2016-08-01,0050,17.325000762939453,12.665730476379396
2016-08-02,0050,17.325000762939453,12.665730476379396
2016-08-03,0050,17.1875,12.565211296081545
2016-08-04,0050,17.225000381469727,12.59262466430664
2016-08-05,0050,17.399999618530273,12.720561981201172
2016-08-08,0050,17.512500762939453,12.802807807922363
2016-08-09,0050,17.600000381469727,12.866774559020996
2016-08-10,0050,17.649999618530273,12.903329849243164
2016-08-11,0050,17.487499237060547,12.78452968597412
2016-08-12,0050,17.549999237060547,12.830220222473145
2016-08-15,0050,17.587499618530273,12.857635498046877
2016-08-16,0050,17.487499237060547,12.78452968597412
2016-08-17,0050,17.512500762939453,12.802807807922363
2016-08-18,0050,17.475000381469727,12.775391578674316
2016-08-19,0050,17.299999237060547,12.647454261779783
2016-08-22,0050,17.174999237060547,12.556072235107422
2016-08-23,0050,17.350000381469727,12.68400764465332
2016-08-24,0050,17.299999237060547,12.647454261779783
2016-08-25,0050,17.5,12.79366970062256
2016-08-26,0050,17.524999618530273,12.811941146850586
2016-08-29,0050,17.512500762939453,12.802807807922363
2016-08-30,0050,17.5,12.79366970062256
2016-08-31,0050,17.350000381469727,12.68400764465332
2016-09-01,0050,17.262500762939453,12.620040893554688
2016-09-02,0050,17.287500381469727,12.638317108154297
2016-09-05,0050,17.575000762939453,12.84850025177002
2016-09-06,0050,17.712499618530273,12.949017524719238
2016-09-07,0050,17.962499618530273,13.13178539276123
2016-09-08,0050,17.899999618530273,13.086095809936523
2016-09-09,0050,17.600000381469727,12.866774559020996
2016-09-12,0050,17.212499618530273,12.583486557006836
2016-09-13,0050,17.212499618530273,12.583486557006836
2016-09-14,0050,17.112499237060547,12.510377883911133
2016-09-19,0050,17.75,12.976433753967283
2016-09-20,0050,17.725000381469727,12.958157539367676
2016-09-21,0050,17.8125,13.02212619781494
2016-09-22,0050,17.850000381469727,13.049542427062988
2016-09-23,0050,17.975000381469727,13.140923500061035
2016-09-26,0050,17.75,12.976433753967283
2016-09-27,0050,17.75,12.976433753967283
2016-09-28,0050,17.75,12.976433753967283
2016-09-29,0050,17.975000381469727,13.140923500061035
2016-09-30,0050,17.737499237060547,12.967294692993164
2016-10-03,0050,17.862499237060547,13.05867862701416
2016-10-04,0050,17.9375,13.11350917816162
2016-10-05,0050,17.875,13.06781768798828
2016-10-06,0050,17.924999237060547,13.104369163513184
2016-10-07,0050,17.912500381469727,13.09523582458496
2016-10-11,0050,17.862499237060547,13.05867862701416
2016-10-12,0050,18.0625,13.2048921585083
2016-10-13,0050,17.924999237060547,13.104369163513184
2016-10-14,0050,17.862499237060547,13.05867862701416
2016-10-17,0050,17.862499237060547,13.05867862701416
2016-10-18,0050,17.987499237060547,13.150063514709473
2016-10-19,0050,18.087499618530277,13.223170280456545
2016-10-20,0050,18.162500381469727,13.277999877929688
2016-10-21,0050,18.149999618530277,13.268861770629885
2016-10-24,0050,18.174999237060547,13.287137985229492
2016-10-25,0050,18.350000381469727,13.41507625579834
2016-10-26,0050,18.25,13.34196662902832
2016-10-27,0050,18.149999618530277,13.268861770629885
2016-10-28,0050,18.149999618530277,13.268861770629885
2016-10-31,0050,18.149999618530277,13.268861770629885
2016-11-01,0050,18.149999618530277,13.268861770629885
2016-11-02,0050,17.9375,13.11350917816162
2016-11-03,0050,17.799999237060547,13.012988090515137
2016-11-04,0050,17.75,12.976433753967283
2016-11-07,0050,18.0,13.159199714660645
2016-11-08,0050,18.087499618530277,13.223170280456545
2016-11-09,0050,17.5,12.79366970062256
2016-11-10,0050,18.0,13.159199714660645
2016-11-11,0050,17.512500762939453,12.802807807922363
2016-11-14,0050,17.524999618530273,12.811941146850586
2016-11-15,0050,17.475000381469727,12.775391578674316
2016-11-16,0050,17.5,12.79366970062256
2016-11-17,0050,17.549999237060547,12.830220222473145
2016-11-18,0050,17.600000381469727,12.866774559020996
2016-11-21,0050,17.625,12.885049819946287
2016-11-22,0050,17.862499237060547,13.05867862701416
2016-11-23,0050,17.950000762939453,13.122648239135742
2016-11-24,0050,17.850000381469727,13.049542427062988
2016-11-25,0050,17.837499618530273,13.040403366088867
2016-11-28,0050,17.9375,13.11350917816162
2016-11-29,0050,17.912500381469727,13.09523582458496
2016-11-30,0050,17.924999237060547,13.104369163513184
2016-12-01,0050,18.0,13.159199714660645
2016-12-02,0050,17.799999237060547,13.012988090515137
2016-12-05,0050,17.774999618530273,12.994710922241213
2016-12-06,0050,18.0,13.159199714660645
2016-12-07,0050,18.0,13.159199714660645
2016-12-08,0050,18.225000381469727,13.323690414428713
2016-12-09,0050,18.287500381469727,13.369380950927734
2016-12-12,0050,18.212499618530277,13.314552307128906
2016-12-13,0050,18.237499237060547,13.3328275680542
2016-12-14,0050,18.274999618530277,13.360244750976562
2016-12-15,0050,18.25,13.34196662902832
2016-12-16,0050,18.075000762939453,13.214033126831056
2016-12-19,0050,17.962499618530273,13.13178539276123
2016-12-20,0050,17.9375,13.11350917816162
2016-12-21,0050,17.924999237060547,13.104369163513184
2016-12-22,0050,17.700000762939453,12.939882278442385
2016-12-23,0050,17.637500762939453,12.89418888092041
2016-12-26,0050,17.700000762939453,12.939882278442385
2016-12-27,0050,17.6875,12.930745124816896
2016-12-28,0050,17.899999618530273,13.086095809936523
2016-12-29,0050,17.8125,13.02212619781494
2016-12-30,0050,17.950000762939453,13.122648239135742
2017-01-03,0050,17.975000381469727,13.140923500061035
2017-01-04,0050,17.962499618530273,13.13178539276123
2017-01-05,0050,18.125,13.250584602355955
2017-01-06,0050,18.162500381469727,13.277999877929688
2017-01-09,0050,18.112499237060547,13.24144458770752
2017-01-10,0050,18.100000381469727,13.232305526733398
2017-01-11,0050,18.100000381469727,13.232305526733398
2017-01-12,0050,18.287500381469727,13.369380950927734
2017-01-13,0050,18.149999618530277,13.268861770629885
2017-01-16,0050,18.0,13.159199714660645
2017-01-17,0050,18.075000762939453,13.214033126831056
2017-01-18,0050,18.037500381469727,13.186614990234377
2017-01-19,0050,17.987499237060547,13.150063514709473
2017-01-20,0050,18.037500381469727,13.186614990234377
2017-01-23,0050,18.1875,13.296276092529297
2017-01-24,0050,18.325000762939453,13.39680004119873
2017-02-02,0050,18.225000381469727,13.323690414428713
2017-02-03,0050,18.212499618530277,13.314552307128906
2017-02-06,0050,18.3125,13.387660026550291
2017-02-07,0050,18.325000762939453,13.39680004119873
2017-02-08,0050,17.9375,13.424863815307615
2017-02-09,0050,18.0,13.471639633178713
2017-02-10,0050,18.200000762939453,13.621326446533203
2017-02-13,0050,18.237499237060547,13.649389266967772
2017-02-14,0050,18.299999237060547,13.696166038513184
2017-02-15,0050,18.475000381469727,13.827140808105469
2017-02-16,0050,18.362499237060547,13.742941856384276
2017-02-17,0050,18.337499618530277,13.724234580993652
2017-02-20,0050,18.274999618530277,13.67745590209961
2017-02-21,0050,18.3125,13.705522537231444
2017-02-22,0050,18.325000762939453,13.714879035949709
2017-02-23,0050,18.274999618530277,13.67745590209961
2017-02-24,0050,18.287500381469727,13.686810493469238
2017-03-01,0050,18.087499618530277,13.537128448486328
2017-03-02,0050,18.137500762939453,13.57454776763916
2017-03-03,0050,18.024999618530277,13.490350723266602
2017-03-06,0050,18.037500381469727,13.499704360961914
2017-03-07,0050,18.112499237060547,13.555837631225586
2017-03-08,0050,18.212499618530277,13.630680084228516
2017-03-09,0050,18.012500762939453,13.480996131896973
2017-03-10,0050,18.0,13.471639633178713
2017-03-13,0050,18.125,13.565193176269531
2017-03-14,0050,18.25,13.658745765686035
2017-03-15,0050,18.212499618530277,13.630680084228516
2017-03-16,0050,18.450000762939453,13.808432579040527
2017-03-17,0050,18.5,13.845850944519045
2017-03-20,0050,18.487499237060547,13.83649730682373
2017-03-21,0050,18.725000381469727,14.014246940612791
2017-03-22,0050,18.549999237060547,13.883273124694824
2017-03-23,0050,18.587499618530277,13.91133975982666
2017-03-24,0050,18.5625,13.892627716064451
2017-03-27,0050,18.549999237060547,13.883273124694824
2017-03-28,0050,18.5625,13.892627716064451
2017-03-29,0050,18.5,13.845850944519045
2017-03-30,0050,18.475000381469727,13.827140808105469
2017-03-31,0050,18.424999237060547,13.789718627929688
2017-04-05,0050,18.662500381469727,13.967473983764648
2017-04-06,0050,18.600000381469727,13.920693397521973
2017-04-07,0050,18.524999618530277,13.86456298828125
2017-04-10,0050,18.549999237060547,13.883273124694824
2017-04-11,0050,18.475000381469727,13.827140808105469
2017-04-12,0050,18.512500762939453,13.855209350585938
2017-04-13,0050,18.600000381469727,13.920693397521973
2017-04-14,0050,18.387500762939453,13.761656761169434
2017-04-17,0050,18.399999618530277,13.771010398864746
2017-04-18,0050,18.399999618530277,13.771010398864746
2017-04-19,0050,18.200000762939453,13.621326446533203
2017-04-20,0050,18.200000762939453,13.621326446533203
2017-04-21,0050,18.375,13.752299308776855
2017-04-24,0050,18.412500381469727,13.780365943908691
2017-04-25,0050,18.587499618530277,13.91133975982666
2017-04-26,0050,18.637500762939453,13.948762893676758
2017-04-27,0050,18.625,13.939406394958496
2017-04-28,0050,18.637500762939453,13.948762893676758
2017-05-02,0050,18.799999237060547,14.070378303527832
2017-05-03,0050,18.887500762939453,14.135866165161133
2017-05-04,0050,18.912500381469727,14.15457820892334
2017-05-05,0050,18.787500381469727,14.06102466583252
2017-05-08,0050,18.924999237060547,14.163932800292969
2017-05-09,0050,18.987499237060547,14.21070957183838
2017-05-10,0050,19.0625,14.266839981079102
2017-05-11,0050,19.125,14.313618659973145
2017-05-12,0050,19.075000762939453,14.276198387145996
2017-05-15,0050,19.125,14.313618659973145
2017-05-16,0050,19.125,14.313618659973145
2017-05-17,0050,19.075000762939453,14.276198387145996
2017-05-18,0050,18.975000381469727,14.2013521194458
2017-05-19,0050,18.962499618530277,14.19200038909912
2017-05-22,0050,19.012500762939453,14.22942066192627
2017-05-23,0050,19.087499618530277,14.28554916381836
2017-05-24,0050,19.075000762939453,14.276198387145996
2017-05-25,0050,19.25,14.407171249389648
2017-05-26,0050,19.237499237060547,14.39781379699707
2017-05-31,0050,19.125,14.313618659973145
2017-06-01,0050,19.225000381469727,14.38846206665039
2017-06-02,0050,19.299999237060547,14.444588661193848
2017-06-05,0050,19.5,14.594279289245604
2017-06-06,0050,19.487499237060547,14.584919929504396
2017-06-07,0050,19.487499237060547,14.584919929504396
2017-06-08,0050,19.5625,14.641054153442385
2017-06-09,0050,19.5,14.594279289245604
2017-06-12,0050,19.287500381469727,14.435236930847168
2017-06-13,0050,19.3125,14.453946113586426
2017-06-14,0050,19.212499618530277,14.379105567932127
2017-06-15,0050,19.225000381469727,14.38846206665039
2017-06-16,0050,19.424999237060547,14.538146018981934
2017-06-19,0050,19.637500762939453,14.697188377380373
2017-06-20,0050,19.862499237060547,14.865580558776855
2017-06-21,0050,19.887500762939453,14.88429069519043
2017-06-22,0050,19.9375,14.921712875366213
2017-06-23,0050,19.924999237060547,14.912355422973633
2017-06-26,0050,20.350000381469727,15.23043441772461
2017-06-27,0050,20.325000762939453,15.2117280960083
2017-06-28,0050,20.137500762939453,15.071399688720703
2017-06-29,0050,20.162500381469727,15.090106010437012
2017-06-30,0050,20.100000381469727,15.043333053588867
2017-07-03,0050,20.112499237060547,15.05268669128418
2017-07-04,0050,20.0,14.968490600585938
2017-07-05,0050,20.1875,15.108819961547852
2017-07-06,0050,20.100000381469727,15.043333053588867
2017-07-07,0050,19.987499237060547,14.959132194519045
2017-07-10,0050,20.087499618530277,15.033971786499023
2017-07-11,0050,20.387500762939453,15.258504867553713
2017-07-12,0050,20.387500762939453,15.258504867553713
2017-07-13,0050,20.549999237060547,15.380121231079102
2017-07-14,0050,20.512500762939453,15.352057456970217
2017-07-17,0050,20.549999237060547,15.380121231079102
2017-07-18,0050,20.600000381469727,15.417542457580566
2017-07-19,0050,20.674999237060547,15.473675727844238
2017-07-20,0050,20.662500381469727,15.464320182800291
2017-07-21,0050,20.524999618530277,15.361411094665527
2017-07-24,0050,20.575000762939453,15.39883518218994
2017-07-25,0050,20.612499237060547,15.426902770996094
2017-07-26,0050,20.537500381469727,15.370769500732422
2017-07-27,0050,20.75,15.52980613708496
2017-07-28,0050,20.524999618530277,15.361411094665527
2017-07-31,0050,20.337499618530277,15.35197639465332
2017-08-01,0050,20.450000762939453,15.436899185180664
2017-08-02,0050,20.625,15.568999290466309
2017-08-03,0050,20.549999237060547,15.512389183044434
2017-08-04,0050,20.587499618530277,15.540689468383787
2017-08-07,0050,20.737499237060547,15.653918266296388
2017-08-08,0050,20.725000381469727,15.64448356628418
2017-08-09,0050,20.537500381469727,15.502946853637695
2017-08-10,0050,20.399999618530277,15.39915370941162
2017-08-11,0050,20.3125,15.333102226257324
2017-08-14,0050,20.1875,15.238749504089355
2017-08-15,0050,20.325000762939453,15.34254264831543
2017-08-16,0050,20.25,15.28592586517334
2017-08-17,0050,20.412500381469727,15.408592224121094
2017-08-18,0050,20.287500381469727,15.314237594604492
2017-08-21,0050,20.262500762939453,15.29536247253418
2017-08-22,0050,20.462499618530277,15.446334838867188
2017-08-23,0050,20.4375,15.427459716796877
2017-08-24,0050,20.637500762939453,15.578433990478516
2017-08-25,0050,20.674999237060547,15.606738090515137
2017-08-28,0050,20.637500762939453,15.578433990478516
2017-08-29,0050,20.575000762939453,15.531254768371582
2017-08-30,0050,20.674999237060547,15.606738090515137
2017-08-31,0050,20.737499237060547,15.653918266296388
2017-09-01,0050,20.75,15.66335678100586
2017-09-04,0050,20.712499618530277,15.635047912597656
2017-09-05,0050,20.737499237060547,15.653918266296388
2017-09-06,0050,20.649999618530277,15.58787441253662
2017-09-07,0050,20.5625,15.52181625366211
2017-09-08,0050,20.674999237060547,15.606738090515137
2017-09-11,0050,20.637500762939453,15.578433990478516
2017-09-12,0050,20.712499618530277,15.635047912597656
2017-09-13,0050,20.575000762939453,15.531254768371582
2017-09-14,0050,20.587499618530277,15.540689468383787
2017-09-15,0050,20.587499618530277,15.540689468383787
2017-09-18,0050,20.787500381469727,15.69166374206543
2017-09-19,0050,20.6875,15.616178512573242
2017-09-20,0050,20.549999237060547,15.512389183044434
2017-09-21,0050,20.674999237060547,15.606738090515137
2017-09-22,0050,20.399999618530277,15.39915370941162
2017-09-25,0050,20.237499237060547,15.27649211883545
2017-09-26,0050,20.075000762939453,15.153823852539062
2017-09-27,0050,20.174999237060547,15.229312896728516
2017-09-28,0050,20.100000381469727,15.172699928283691
2017-09-29,0050,20.162500381469727,15.219873428344728
2017-10-02,0050,20.375,15.38028621673584
2017-10-03,0050,20.375,15.38028621673584
2017-10-05,0050,20.462499618530277,15.446334838867188
2017-10-06,0050,20.524999618530277,15.49350929260254
2017-10-11,0050,20.850000381469727,15.73884105682373
2017-10-12,0050,21.049999237060547,15.889813423156738
2017-10-13,0050,21.012500762939453,15.861512184143066
2017-10-16,0050,21.125,15.946433067321776
2017-10-17,0050,21.075000762939453,15.908690452575684
2017-10-18,0050,21.149999618530277,15.96530055999756
2017-10-19,0050,21.225000381469727,16.02191162109375
2017-10-20,0050,21.137500762939453,15.955865859985352
2017-10-23,0050,21.125,15.946433067321776
2017-10-24,0050,21.100000381469727,15.927555084228516
2017-10-25,0050,21.087499618530277,15.918120384216309
2017-10-26,0050,21.0625,15.899250030517578
2017-10-27,0050,21.075000762939453,15.908690452575684
2017-10-30,0050,21.237499237060547,16.031347274780273
2017-10-31,0050,21.299999237060547,16.07853126525879
2017-11-01,0050,21.274999618530277,16.05965805053711
2017-11-02,0050,21.200000762939453,16.003042221069336
2017-11-03,0050,21.174999237060547,15.984170913696287
2017-11-06,0050,21.212499618530277,16.012481689453125
2017-11-07,0050,21.325000762939453,16.09739875793457
2017-11-08,0050,21.237499237060547,16.031347274780273
2017-11-09,0050,21.100000381469727,15.927555084228516
2017-11-10,0050,21.137500762939453,15.955865859985352
2017-11-13,0050,21.075000762939453,15.908690452575684
2017-11-14,0050,21.037500381469727,15.880380630493164
2017-11-15,0050,20.825000762939453,15.719970703125
2017-11-16,0050,20.899999618530277,15.776586532592772
2017-11-17,0050,21.087499618530277,15.918120384216309
2017-11-20,0050,21.0,15.85207176208496
2017-11-21,0050,21.1875,15.993609428405762
2017-11-22,0050,21.287500381469727,16.0690975189209
2017-11-23,0050,21.299999237060547,16.07853126525879
2017-11-24,0050,21.287500381469727,16.0690975189209
2017-11-27,0050,21.037500381469727,15.880380630493164
2017-11-28,0050,20.899999618530277,15.776586532592772
2017-11-29,0050,20.924999237060547,15.795459747314451
2017-11-30,0050,20.5625,15.52181625366211
2017-12-01,0050,20.649999618530277,15.58787441253662
2017-12-04,0050,20.725000381469727,15.64448356628418
2017-12-05,0050,20.5625,15.52181625366211
2017-12-06,0050,20.212499618530277,15.257619857788086
2017-12-07,0050,20.225000381469727,15.267053604125977
2017-12-08,0050,20.225000381469727,15.267053604125977
2017-12-11,0050,20.375,15.38028621673584
2017-12-12,0050,20.237499237060547,15.27649211883545
2017-12-13,0050,20.25,15.28592586517334
2017-12-14,0050,20.4375,15.427459716796877
2017-12-15,0050,20.274999618530277,15.30479335784912
2017-12-18,0050,20.299999237060547,15.3236665725708
2017-12-19,0050,20.200000762939453,15.24818229675293
2017-12-20,0050,20.262500762939453,15.29536247253418
2017-12-21,0050,20.25,15.28592586517334
2017-12-22,0050,20.325000762939453,15.34254264831543
2017-12-25,0050,20.362499237060547,15.370845794677734
2017-12-26,0050,20.162500381469727,15.219873428344728
2017-12-27,0050,20.225000381469727,15.267053604125977
2017-12-28,0050,20.424999237060547,15.4180269241333
2017-12-29,0050,20.537500381469727,15.502946853637695
2018-01-02,0050,20.649999618530277,15.58787441253662
2018-01-03,0050,20.837499618530277,15.729403495788574
2018-01-04,0050,20.875,15.75771427154541
2018-01-05,0050,20.9375,15.804893493652344
2018-01-08,0050,21.024999618530277,15.870943069458008
2018-01-09,0050,21.037500381469727,15.880380630493164
2018-01-10,0050,20.9375,15.804893493652344
2018-01-11,0050,20.850000381469727,15.73884105682373
2018-01-12,0050,21.024999618530277,15.870943069458008
2018-01-15,0050,21.162500381469727,15.97473430633545
2018-01-16,0050,21.25,16.04078483581543
2018-01-17,0050,21.287500381469727,16.0690975189209
2018-01-18,0050,21.575000762939453,16.286115646362305
2018-01-19,0050,21.787500381469727,16.446529388427734
2018-01-22,0050,21.987499237060547,16.59749412536621
2018-01-23,0050,22.075000762939453,16.663543701171875
2018-01-24,0050,21.799999237060547,16.45595932006836
2018-01-25,0050,21.862499237060547,16.503135681152344
2018-01-26,0050,21.875,16.512575149536133
2018-01-29,0050,21.387500762939453,16.560970306396484
2018-01-30,0050,21.137500762939453,16.367387771606445
2018-01-31,0050,21.162500381469727,16.386743545532227
2018-02-01,0050,21.3125,16.502893447875977
2018-02-02,0050,21.225000381469727,16.435138702392578
2018-02-05,0050,20.899999618530277,16.18348503112793
2018-02-06,0050,19.912500381469727,15.41883373260498
2018-02-07,0050,20.162500381469727,15.612414360046388
2018-02-08,0050,20.149999618530277,15.602737426757812
2018-02-09,0050,19.762500762939453,15.30268669128418
2018-02-12,0050,19.924999237060547,15.428512573242188
2018-02-21,0050,20.375,15.77696418762207
2018-02-22,0050,20.25,15.680169105529783
2018-02-23,0050,20.5,15.873754501342772
2018-02-26,0050,20.600000381469727,15.951183319091797
2018-02-27,0050,20.587499618530277,15.94150447845459
2018-03-01,0050,20.4375,15.82535457611084
2018-03-02,0050,20.287500381469727,15.709210395812988
2018-03-05,0050,20.1875,15.631776809692385
2018-03-06,0050,20.537500381469727,15.902788162231444
2018-03-07,0050,20.450000762939453,15.835037231445312
2018-03-08,0050,20.6875,16.018939971923828
2018-03-09,0050,20.712499618530277,16.03829574584961
2018-03-12,0050,21.037500381469727,16.289955139160156
2018-03-13,0050,21.237499237060547,16.4448184967041
2018-03-14,0050,21.075000762939453,16.31899642944336
2018-03-15,0050,21.0625,16.30931282043457
2018-03-16,0050,20.975000381469727,16.241558074951172
2018-03-19,0050,20.962499618530277,16.231876373291016
2018-03-20,0050,20.950000762939453,16.22220230102539
2018-03-21,0050,20.962499618530277,16.231876373291016
2018-03-22,0050,20.887500762939453,16.173805236816406
2018-03-23,0050,20.524999618530277,15.893107414245604
2018-03-26,0050,20.549999237060547,15.912474632263184
2018-03-27,0050,20.850000381469727,16.144765853881836
2018-03-28,0050,20.5625,15.922144889831545
2018-03-29,0050,20.524999618530277,15.893107414245604
2018-03-30,0050,20.712499618530277,16.03829574584961
2018-04-02,0050,20.5625,15.922144889831545
2018-04-03,0050,20.375,15.77696418762207
2018-04-09,0050,20.549999237060547,15.912474632263184
2018-04-10,0050,20.625,15.97054386138916
2018-04-11,0050,20.712499618530277,16.03829574584961
2018-04-12,0050,20.625,15.97054386138916
2018-04-13,0050,20.625,15.97054386138916
2018-04-16,0050,20.575000762939453,15.931827545166016
2018-04-17,0050,20.350000381469727,15.75760269165039
2018-04-18,0050,20.399999618530277,15.796317100524902
2018-04-19,0050,20.662500381469727,15.999579429626465
2018-04-20,0050,20.1875,15.631776809692385
2018-04-23,0050,19.987499237060547,15.47690486907959
2018-04-24,0050,19.887500762939453,15.399477005004885
2018-04-25,0050,19.825000762939453,15.351080894470217
2018-04-26,0050,19.762500762939453,15.30268669128418
2018-04-27,0050,19.799999237060547,15.33171844482422
2018-04-30,0050,20.0,15.48658847808838
2018-05-02,0050,19.850000381469727,15.370436668395996
2018-05-03,0050,19.637500762939453,15.205893516540527
2018-05-04,0050,19.737499237060547,15.283324241638184
2018-05-07,0050,19.875,15.389795303344728
2018-05-08,0050,20.0,15.48658847808838
2018-05-09,0050,20.112499237060547,15.573701858520508
2018-05-10,0050,20.162500381469727,15.612414360046388
2018-05-11,0050,20.399999618530277,15.796317100524902
2018-05-14,0050,20.625,15.97054386138916
2018-05-15,0050,20.412500381469727,15.805999755859377
2018-05-16,0050,20.4375,15.82535457611084
2018-05-17,0050,20.299999237060547,15.718884468078612
2018-05-18,0050,20.237499237060547,15.670494079589844
2018-05-21,0050,20.512500762939453,15.883429527282717
2018-05-22,0050,20.4375,15.82535457611084
2018-05-23,0050,20.337499618530277,15.747923851013184
2018-05-24,0050,20.387500762939453,15.78664207458496
2018-05-25,0050,20.462499618530277,15.844717025756836
2018-05-28,0050,20.549999237060547,15.912474632263184
2018-05-29,0050,20.462499618530277,15.844717025756836
2018-05-30,0050,20.100000381469727,15.5640230178833
2018-05-31,0050,20.1875,15.631776809692385
2018-06-01,0050,20.337499618530277,15.747923851013184
2018-06-04,0050,20.649999618530277,15.989906311035156
2018-06-05,0050,20.625,15.97054386138916
2018-06-06,0050,20.825000762939453,16.125408172607422
2018-06-07,0050,20.862499237060547,16.154449462890625
2018-06-08,0050,20.637500762939453,15.980222702026367
2018-06-11,0050,20.662500381469727,15.999579429626465
2018-06-12,0050,20.625,15.97054386138916
2018-06-13,0050,20.75,16.06733512878418
2018-06-14,0050,20.4375,15.82535457611084
2018-06-15,0050,20.487499237060547,15.86407470703125
2018-06-19,0050,20.149999618530277,15.602737426757812
2018-06-20,0050,20.375,15.77696418762207
2018-06-21,0050,20.3125,15.72856330871582
2018-06-22,0050,20.287500381469727,15.709210395812988
2018-06-25,0050,20.225000381469727,15.660811424255373
2018-06-26,0050,20.174999237060547,15.622096061706545
2018-06-27,0050,20.100000381469727,15.5640230178833
2018-06-28,0050,20.012500762939453,15.496261596679688
2018-06-29,0050,20.362499237060547,15.767279624938965
2018-07-02,0050,20.262500762939453,15.68985080718994
2018-07-03,0050,20.287500381469727,15.709210395812988
2018-07-04,0050,20.350000381469727,15.75760269165039
2018-07-05,0050,20.1875,15.631776809692385
2018-07-06,0050,20.237499237060547,15.670494079589844
2018-07-09,0050,20.5625,15.922144889831545
2018-07-10,0050,20.612499237060547,15.960865020751951
2018-07-11,0050,20.424999237060547,15.815677642822266
2018-07-12,0050,20.662500381469727,15.999579429626465
2018-07-13,0050,20.837499618530277,16.135086059570312
2018-07-16,0050,20.75,16.06733512878418
2018-07-17,0050,20.637500762939453,15.980222702026367
2018-07-18,0050,20.762500762939453,16.077016830444336
2018-07-19,0050,20.825000762939453,16.125408172607422
2018-07-20,0050,21.162500381469727,16.386743545532227
2018-07-23,0050,21.137500762939453,16.503864288330078
2018-07-24,0050,21.174999237060547,16.53314208984375
2018-07-25,0050,21.1875,16.54290771484375
2018-07-26,0050,21.25,16.591699600219727
2018-07-27,0050,21.424999237060547,16.72834014892578
2018-07-30,0050,21.387500762939453,16.699060440063477
2018-07-31,0050,21.387500762939453,16.699060440063477
2018-08-01,0050,21.537500381469727,16.816177368164062
2018-08-02,0050,21.212499618530277,16.56242561340332
2018-08-03,0050,21.387500762939453,16.699060440063477
2018-08-06,0050,21.424999237060547,16.72834014892578
2018-08-07,0050,21.375,16.689302444458008
2018-08-08,0050,21.537500381469727,16.816177368164062
2018-08-09,0050,21.537500381469727,16.816177368164062
2018-08-10,0050,21.424999237060547,16.72834014892578
2018-08-13,0050,20.987499237060547,16.386743545532227
2018-08-14,0050,21.137500762939453,16.503864288330078
2018-08-15,0050,20.9375,16.347705841064453
2018-08-16,0050,20.950000762939453,16.357465744018555
2018-08-17,0050,20.912500381469727,16.32818603515625
2018-08-20,0050,20.987499237060547,16.386743545532227
2018-08-21,0050,21.137500762939453,16.503864288330078
2018-08-22,0050,21.162500381469727,16.52338409423828
2018-08-23,0050,21.262500762939453,16.601465225219727
2018-08-24,0050,21.200000762939453,16.55266571044922
2018-08-27,0050,21.387500762939453,16.699060440063477
2018-08-28,0050,21.5625,16.8356990814209
2018-08-29,0050,21.8125,17.030895233154297
2018-08-30,0050,21.887500762939453,17.089458465576172
2018-08-31,0050,21.737499237060547,16.972335815429688
2018-09-03,0050,21.612499237060547,16.874736785888672
2018-09-04,0050,21.75,16.982093811035156
2018-09-05,0050,21.75,16.982093811035156
2018-09-06,0050,21.625,16.884498596191406
2018-09-07,0050,21.600000381469727,16.864978790283203
2018-09-10,0050,21.5,16.78689956665039
2018-09-11,0050,21.412500381469727,16.718578338623047
2018-09-12,0050,21.387500762939453,16.699060440063477
2018-09-13,0050,21.237499237060547,16.58194351196289
2018-09-14,0050,21.625,16.884498596191406
2018-09-17,0050,21.462499618530277,16.757617950439453
2018-09-18,0050,21.350000381469727,16.669780731201172
2018-09-19,0050,21.537500381469727,16.816177368164062
2018-09-20,0050,21.475000381469727,16.76738166809082
2018-09-21,0050,21.712499618530277,16.952817916870117
2018-09-25,0050,21.774999618530277,17.00161361694336
2018-09-26,0050,21.725000381469727,16.96257972717285
2018-09-27,0050,21.837499618530277,17.0504150390625
2018-09-28,0050,21.725000381469727,16.96257972717285
2018-10-01,0050,21.837499618530277,17.0504150390625
2018-10-02,0050,21.512500762939453,16.796659469604492
2018-10-03,0050,21.487499237060547,16.777135848999023
2018-10-04,0050,21.225000381469727,16.572181701660156
2018-10-05,0050,20.862499237060547,16.289148330688477
2018-10-08,0050,20.75,16.201309204101562
2018-10-09,0050,20.8125,16.250110626220703
2018-10-11,0050,19.350000381469727,15.108208656311035
2018-10-12,0050,20.012500762939453,15.625476837158203
2018-10-15,0050,19.799999237060547,15.45956039428711
2018-10-16,0050,19.825000762939453,15.479083061218262
2018-10-17,0050,19.850000381469727,15.4985990524292
2018-10-18,0050,19.787500381469727,15.44980525970459
2018-10-19,0050,19.825000762939453,15.479083061218262
2018-10-22,0050,19.799999237060547,15.45956039428711
2018-10-23,0050,19.4375,15.176527976989746
2018-10-24,0050,19.350000381469727,15.108208656311035
2018-10-25,0050,18.875,14.737335205078123
2018-10-26,0050,18.850000381469727,14.717814445495604
2018-10-29,0050,18.9375,14.786134719848633
2018-10-30,0050,18.987499237060547,14.825173377990724
2018-10-31,0050,19.387500762939453,15.137491226196287
2018-11-01,0050,19.600000381469727,15.303406715393066
2018-11-02,0050,19.662500381469727,15.352203369140623
2018-11-05,0050,19.5625,15.274125099182127
2018-11-06,0050,19.5,15.225327491760254
2018-11-07,0050,19.600000381469727,15.303406715393066
2018-11-08,0050,19.712499618530277,15.391243934631348
2018-11-09,0050,19.450000762939453,15.186291694641112
2018-11-12,0050,19.5,15.225327491760254
2018-11-13,0050,19.274999618530277,15.049649238586426
2018-11-14,0050,19.337499618530277,15.098448753356934
2018-11-15,0050,19.399999618530277,15.147245407104492
2018-11-16,0050,19.237499237060547,15.020371437072754
2018-11-19,0050,19.174999237060547,14.971570014953612
2018-11-20,0050,19.0,14.83493423461914
2018-11-21,0050,19.0,14.83493423461914
2018-11-22,0050,18.899999618530277,14.756854057312012
2018-11-23,0050,18.837499618530277,14.70805549621582
2018-11-26,0050,19.037500381469727,14.86421012878418
2018-11-27,0050,19.012500762939453,14.844694137573242
2018-11-28,0050,19.225000381469727,15.010610580444336
2018-11-29,0050,19.262500762939453,15.03989315032959
2018-11-30,0050,19.1875,14.981330871582031
2018-12-03,0050,19.700000762939453,15.381484031677246
2018-12-04,0050,19.5625,15.274125099182127
2018-12-05,0050,19.162500381469727,14.96181297302246
2018-12-06,0050,18.774999618530277,14.65925407409668
2018-12-07,0050,18.862499237060547,14.727578163146973
2018-12-10,0050,18.612499237060547,14.532379150390623
2018-12-11,0050,18.762500762939453,14.649496078491213
2018-12-12,0050,19.049999237060547,14.873974800109863
2018-12-13,0050,19.075000762939453,14.893494606018066
2018-12-14,0050,18.837499618530277,14.70805549621582
2018-12-17,0050,18.987499237060547,14.825173377990724
2018-12-18,0050,18.825000762939453,14.69829559326172
2018-12-19,0050,18.975000381469727,14.81541633605957
2018-12-20,0050,18.762500762939453,14.649496078491213
2018-12-21,0050,18.799999237060547,14.678775787353516
2018-12-24,0050,18.674999237060547,14.58117961883545
2018-12-25,0050,18.4375,14.39574146270752
2018-12-26,0050,18.387500762939453,14.356703758239746
2018-12-27,0050,18.762500762939453,14.649496078491213
2018-12-28,0050,18.875,14.737335205078123
2019-01-02,0050,18.512500762939453,14.454302787780762
2019-01-03,0050,18.337499618530277,14.317665100097656
2019-01-04,0050,18.049999237060547,14.09318733215332
2019-01-07,0050,18.487499237060547,14.434782028198242
2019-01-08,0050,18.412500381469727,14.37622356414795
2019-01-09,0050,18.75,14.639739990234377
2019-01-10,0050,18.700000762939453,14.600700378417969
2019-01-11,0050,18.875,14.737335205078123
2019-01-14,0050,18.75,14.639739990234377
2019-01-15,0050,18.912500381469727,14.766613960266112
2019-01-16,0050,18.887500762939453,14.747098922729492
2019-01-17,0050,18.887500762939453,14.747098922729492
2019-01-18,0050,18.987499237060547,14.825173377990724
2019-01-21,0050,19.125,14.932533264160156
2019-01-22,0050,18.512500762939453,14.90234375
2019-01-23,0050,18.424999237060547,14.83191204071045
2019-01-24,0050,18.512500762939453,14.90234375
2019-01-25,0050,18.75,15.09353256225586
2019-01-28,0050,18.787500381469727,15.123717308044434
2019-01-29,0050,18.625,14.992905616760254
2019-01-30,0050,18.587499618530277,14.962718963623049
2019-02-11,0050,18.787500381469727,15.123717308044434
2019-02-12,0050,18.912500381469727,15.224339485168455
2019-02-13,0050,18.875,15.1941556930542
2019-02-14,0050,18.8125,15.143841743469238
2019-02-15,0050,18.762500762939453,15.103595733642578
2019-02-18,0050,18.912500381469727,15.224339485168455
2019-02-19,0050,18.875,15.1941556930542
2019-02-20,0050,19.087499618530277,15.36521339416504
2019-02-21,0050,19.274999618530277,15.516146659851074
2019-02-22,0050,19.237499237060547,15.485960960388184
2019-02-25,0050,19.375,15.596647262573242
2019-02-26,0050,19.424999237060547,15.636900901794434
2019-02-27,0050,19.412500381469727,15.626838684082031
2019-03-04,0050,19.237499237060547,15.485960960388184
2019-03-05,0050,19.1875,15.445713996887209
2019-03-06,0050,19.237499237060547,15.485960960388184
2019-03-07,0050,19.162500381469727,15.425585746765137
2019-03-08,0050,19.0,15.294776916503906
2019-03-11,0050,19.037500381469727,15.324960708618164
2019-03-12,0050,19.3125,15.54633903503418
2019-03-13,0050,19.274999618530277,15.516146659851074
2019-03-14,0050,19.262500762939453,15.506085395812988
2019-03-15,0050,19.399999618530277,15.616771697998049
2019-03-18,0050,19.524999618530277,15.71739673614502
2019-03-19,0050,19.600000381469727,15.777771949768066
2019-03-20,0050,19.625,15.797896385192873
2019-03-21,0050,19.787500381469727,15.928707122802734
2019-03-22,0050,19.837499618530277,15.968954086303713
2019-03-25,0050,19.537500381469727,15.727458000183104
2019-03-26,0050,19.662500381469727,15.828082084655762
2019-03-27,0050,19.625,15.797896385192873
2019-03-28,0050,19.625,15.797896385192873
2019-03-29,0050,19.787500381469727,15.928707122802734
2019-04-01,0050,19.962499618530277,16.069580078125
2019-04-02,0050,20.037500381469727,16.12995147705078
2019-04-03,0050,20.037500381469727,16.12995147705078
2019-04-08,0050,20.225000381469727,16.280885696411133
2019-04-09,0050,20.350000381469727,16.38150978088379
2019-04-10,0050,20.375,16.40163230895996
2019-04-11,0050,20.287500381469727,16.331201553344727
2019-04-12,0050,20.274999618530277,16.321138381958008
2019-04-15,0050,20.462499618530277,16.472074508666992
2019-04-16,0050,20.524999618530277,16.522384643554688
2019-04-17,0050,20.6875,16.653194427490234
2019-04-18,0050,20.674999237060547,16.64313507080078
2019-04-19,0050,20.700000762939453,16.66325569152832
2019-04-22,0050,20.674999237060547,16.64313507080078
2019-04-23,0050,20.762500762939453,16.71356773376465
2019-04-24,0050,20.799999237060547,16.743755340576172
2019-04-25,0050,20.850000381469727,16.784006118774414
2019-04-26,0050,20.612499237060547,16.59282112121582
2019-04-29,0050,20.700000762939453,16.66325569152832
2019-04-30,0050,20.700000762939453,16.66325569152832
2019-05-02,0050,20.75,16.703506469726562
2019-05-03,0050,20.9375,16.854440689086914
2019-05-06,0050,20.575000762939453,16.562631607055664
2019-05-07,0050,20.787500381469727,16.733694076538086
2019-05-08,0050,20.637500762939453,16.612943649291992
2019-05-09,0050,20.387500762939453,16.411699295043945
2019-05-10,0050,20.375,16.40163230895996
2019-05-13,0050,20.037500381469727,16.12995147705078
2019-05-14,0050,19.912500381469727,16.029327392578125
2019-05-15,0050,19.9375,16.049453735351562
2019-05-16,0050,19.762500762939453,15.90858268737793
2019-05-17,0050,19.5625,15.747584342956545
2019-05-20,0050,19.549999237060547,15.737521171569824
2019-05-21,0050,19.600000381469727,15.777771949768066
2019-05-22,0050,19.600000381469727,15.777771949768066
2019-05-23,0050,19.237499237060547,15.485960960388184
2019-05-24,0050,19.337499618530277,15.56645965576172
2019-05-27,0050,19.287500381469727,15.52620792388916
2019-05-28,0050,19.274999618530277,15.516146659851074
2019-05-29,0050,19.1875,15.445713996887209
2019-05-30,0050,19.350000381469727,15.57652473449707
2019-05-31,0050,19.612499237060547,15.787829399108888
2019-06-03,0050,19.637500762939453,15.807957649230955
2019-06-04,0050,19.512500762939453,15.7073335647583
2019-06-05,0050,19.575000762939453,15.757647514343262
2019-06-06,0050,19.424999237060547,15.636900901794434
2019-06-10,0050,19.762500762939453,15.90858268737793
2019-06-11,0050,19.850000381469727,15.979019165039062
2019-06-12,0050,19.924999237060547,16.039392471313477
2019-06-13,0050,19.762500762939453,15.90858268737793
2019-06-14,0050,19.725000381469727,15.878393173217772
2019-06-17,0050,19.674999237060547,15.838146209716797
2019-06-18,0050,19.725000381469727,15.878393173217772
2019-06-19,0050,20.1875,16.250701904296875
2019-06-20,0050,20.212499618530277,16.270824432373047
2019-06-21,0050,20.212499618530277,16.270824432373047
2019-06-24,0050,20.299999237060547,16.34126091003418
2019-06-25,0050,20.1875,16.250701904296875
2019-06-26,0050,20.087499618530277,16.170202255249023
2019-06-27,0050,20.375,16.40163230895996
2019-06-28,0050,20.225000381469727,16.280885696411133
2019-07-01,0050,20.662500381469727,16.63306999206543
2019-07-02,0050,20.612499237060547,16.59282112121582
2019-07-03,0050,20.375,16.40163230895996
2019-07-04,0050,20.5,16.502260208129883
2019-07-05,0050,20.475000381469727,16.48213768005371
2019-07-08,0050,20.399999618530277,16.421762466430664
2019-07-09,0050,20.375,16.40163230895996
2019-07-10,0050,20.549999237060547,16.54250717163086
2019-07-11,0050,20.712499618530277,16.673316955566406
2019-07-12,0050,20.6875,16.653194427490234
2019-07-15,0050,20.799999237060547,16.743755340576172
2019-07-16,0050,20.837499618530277,16.773942947387695
2019-07-17,0050,20.700000762939453,16.66325569152832
2019-07-18,0050,20.674999237060547,16.64313507080078
2019-07-19,0050,20.75,16.84609603881836
2019-07-22,0050,20.850000381469727,16.927284240722656
2019-07-23,0050,20.899999618530277,16.96787452697754
2019-07-24,0050,20.887500762939453,16.957727432250977
2019-07-25,0050,20.950000762939453,17.008472442626953
2019-07-26,0050,20.8125,16.896839141845703
2019-07-29,0050,20.862499237060547,16.937429428100586
2019-07-30,0050,20.799999237060547,16.88669204711914
2019-07-31,0050,20.700000762939453,16.80550193786621
2019-08-01,0050,20.575000762939453,16.70401954650879
2019-08-02,0050,20.237499237060547,16.430015563964844
2019-08-05,0050,20.037500381469727,16.26764678955078
2019-08-06,0050,20.024999618530277,16.257495880126953
2019-08-07,0050,19.924999237060547,16.176315307617188
2019-08-08,0050,20.162500381469727,16.36912727355957
2019-08-12,0050,20.149999618530277,16.35898208618164
2019-08-13,0050,19.924999237060547,16.176315307617188
2019-08-14,0050,20.075000762939453,16.298093795776367
2019-08-15,0050,19.850000381469727,16.11542510986328
2019-08-16,0050,20.087499618530277,16.308238983154297
2019-08-19,0050,20.200000762939453,16.39957618713379
2019-08-20,0050,20.25,16.440168380737305
2019-08-21,0050,20.274999618530277,16.460464477539062
2019-08-22,0050,20.225000381469727,16.419870376586914
2019-08-23,0050,20.25,16.440168380737305
2019-08-26,0050,19.912500381469727,16.166162490844727
2019-08-27,0050,19.962499618530277,16.20676040649414
2019-08-28,0050,20.100000381469727,16.31839370727539
2019-08-29,0050,20.137500762939453,16.348834991455078
2019-08-30,0050,20.462499618530277,16.612689971923828
2019-09-02,0050,20.475000381469727,16.622838973999023
2019-09-03,0050,20.299999237060547,16.48076057434082
2019-09-04,0050,20.537500381469727,16.673574447631836
2019-09-05,0050,20.75,16.84609603881836
2019-09-06,0050,20.875,16.94757843017578
2019-09-10,0050,20.850000381469727,16.927284240722656
2019-09-11,0050,20.862499237060547,16.937429428100586
2019-09-12,0050,20.975000381469727,17.02876853942871
2019-09-16,0050,21.100000381469727,17.1302490234375
2019-09-17,0050,21.0625,17.099802017211914
2019-09-18,0050,21.237499237060547,17.24187469482422
2019-09-19,0050,21.112499237060547,17.14039421081543
2019-09-20,0050,21.174999237060547,17.191139221191406
2019-09-23,0050,21.125,17.15054702758789
2019-09-24,0050,21.162500381469727,17.18099021911621
2019-09-25,0050,21.024999618530277,17.069358825683594
2019-09-26,0050,21.075000762939453,17.109952926635742
2019-09-27,0050,21.149999618530277,17.170841217041016
2019-10-01,0050,21.487499237060547,17.444843292236328
2019-10-02,0050,21.412500381469727,17.383955001831055
2019-10-03,0050,21.200000762939453,17.21143341064453
2019-10-04,0050,21.287500381469727,17.2824764251709
2019-10-07,0050,21.362499237060547,17.343358993530273
2019-10-08,0050,21.625,17.556476593017578
2019-10-09,0050,21.450000762939453,17.41440200805664
2019-10-14,0050,21.887500762939453,17.769588470458984
2019-10-15,0050,21.924999237060547,17.800031661987305
2019-10-16,0050,22.024999618530277,17.881221771240234
2019-10-17,0050,22.037500381469727,17.891368865966797
2019-10-18,0050,21.987499237060547,17.85077476501465
2019-10-21,0050,21.962499618530277,17.83047866821289
2019-10-22,0050,22.174999237060547,18.00299835205078
2019-10-23,0050,22.112499237060547,17.952255249023438
2019-10-24,0050,22.200000762939453,18.02329635620117
2019-10-25,0050,22.200000762939453,18.02329635620117
2019-10-28,0050,22.299999237060547,18.104480743408203
2019-10-29,0050,22.362499237060547,18.15522003173828
2019-10-30,0050,22.462499618530277,18.236408233642575
2019-10-31,0050,22.524999618530277,18.287153244018555
2019-11-01,0050,22.524999618530277,18.287153244018555
2019-11-04,0050,23.049999237060547,18.71337509155273
2019-11-05,0050,23.225000381469727,18.855451583862305
2019-11-06,0050,23.337499618530277,18.94678497314453
2019-11-07,0050,23.212499618530277,18.84530258178711
2019-11-08,0050,23.137500762939453,18.784412384033203
2019-11-11,0050,22.787500381469727,18.50026512145996
2019-11-12,0050,23.0,18.67278289794922
2019-11-13,0050,22.862499237060547,18.5611515045166
2019-11-14,0050,22.850000381469727,18.551006317138672
2019-11-15,0050,23.075000762939453,18.73367500305176
2019-11-18,0050,23.225000381469727,18.855451583862305
2019-11-19,0050,23.399999618530277,18.997528076171875
2019-11-20,0050,23.3125,18.926485061645508
2019-11-21,0050,23.125,18.77426528930664
2019-11-22,0050,23.137500762939453,18.784412384033203
2019-11-25,0050,23.149999618530277,18.79456329345703
2019-11-26,0050,23.212499618530277,18.84530258178711
2019-11-27,0050,23.299999237060547,18.916337966918945
2019-11-28,0050,23.237499237060547,18.865596771240234
2019-11-29,0050,22.875,18.571298599243164
2019-12-02,0050,23.012500762939453,18.68293190002441
2019-12-03,0050,23.012500762939453,18.68293190002441
2019-12-04,0050,22.924999237060547,18.611896514892575
2019-12-05,0050,23.225000381469727,18.855451583862305
2019-12-06,0050,23.262500762939453,18.885900497436523
2019-12-09,0050,23.412500381469727,19.00767517089844
2019-12-10,0050,23.25,18.87574958801269
2019-12-11,0050,23.4375,19.027973175048828
2019-12-12,0050,23.962499618530277,19.454195022583008
2019-12-13,0050,24.225000381469727,19.667314529418945
2019-12-16,0050,24.212499618530277,19.657161712646484
2019-12-17,0050,24.537500381469727,19.9210147857666
2019-12-18,0050,24.549999237060547,19.93116950988769
2019-12-19,0050,24.412500381469727,19.81953430175781
2019-12-20,0050,24.237499237060547,19.67745780944824
2019-12-23,0050,24.287500381469727,19.71805191040039
2019-12-24,0050,24.299999237060547,19.72820281982422
2019-12-25,0050,24.337499618530277,19.75864791870117
2019-12-26,0050,24.337499618530277,19.75864791870117
2019-12-27,0050,24.5,19.890575408935547
2019-12-30,0050,24.450000762939453,19.84997940063477
2019-12-31,0050,24.237499237060547,19.67745780944824
2020-01-02,0050,24.412500381469727,19.81953430175781
2020-01-03,0050,24.412500381469727,19.81953430175781
2020-01-06,0050,24.100000381469727,19.565832138061523
2020-01-07,0050,24.024999618530277,19.504940032958984
2020-01-08,0050,23.912500381469727,19.41360282897949
2020-01-09,0050,24.237499237060547,19.67745780944824
2020-01-10,0050,24.325000762939453,19.748498916625977
2020-01-13,0050,24.5,19.890575408935547
2020-01-14,0050,24.649999618530277,20.01235580444336
2020-01-15,0050,24.399999618530277,19.80938720703125
2020-01-16,0050,24.325000762939453,19.748498916625977
2020-01-17,0050,24.325000762939453,19.748498916625977
2020-01-20,0050,24.424999237060547,19.829679489135746
2020-01-30,0050,23.037500381469727,18.70323181152344
2020-01-31,0050,22.487499237060547,18.84992218017578
2020-02-03,0050,22.262500762939453,18.661312103271484
2020-02-04,0050,22.649999618530277,18.986129760742188
2020-02-05,0050,22.712499618530277,19.038524627685547
2020-02-06,0050,23.075000762939453,19.34238624572754
2020-02-07,0050,22.799999237060547,19.11186790466309
2020-02-10,0050,22.75,19.06995964050293
2020-02-11,0050,22.9375,19.22712516784668
2020-02-12,0050,23.162500381469727,19.41573143005371
2020-02-13,0050,23.200000762939453,19.44716453552246
2020-02-14,0050,23.237499237060547,19.478599548339844
2020-02-17,0050,23.075000762939453,19.34238624572754
2020-02-18,0050,22.762500762939453,19.0804386138916
2020-02-19,0050,23.024999618530277,19.30047416687012
2020-02-20,0050,22.924999237060547,19.21664810180664
2020-02-21,0050,22.8125,19.12234687805176
2020-02-24,0050,22.524999618530277,18.8813533782959
2020-02-25,0050,22.587499618530277,18.93374252319336
2020-02-26,0050,22.362499237060547,18.74513816833496
2020-02-27,0050,22.162500381469727,18.57749366760254
2020-03-02,0050,21.837499618530277,18.305065155029297
2020-03-03,0050,22.149999618530277,18.5670108795166
2020-03-04,0050,22.299999237060547,18.6927490234375
2020-03-05,0050,22.549999237060547,18.90231132507324
2020-03-06,0050,22.087499618530277,18.51462173461914
2020-03-09,0050,21.462499618530277,17.990724563598633
2020-03-10,0050,21.575000762939453,18.08502578735352
2020-03-11,0050,21.325000762939453,17.87546730041504
2020-03-12,0050,20.537500381469727,17.21535301208496
2020-03-13,0050,20.25,16.9743595123291
2020-03-16,0050,19.325000762939453,16.19898796081543
2020-03-17,0050,18.712499618530277,15.68556308746338
2020-03-18,0050,18.200000762939453,15.255969047546388
2020-03-19,0050,17.137500762939453,14.36533546447754
2020-03-20,0050,18.5,15.507438659667969
2020-03-23,0050,17.700000762939453,14.83684539794922
2020-03-24,0050,18.5625,15.559825897216797
2020-03-25,0050,19.212499618530277,16.104686737060547
2020-03-26,0050,19.299999237060547,16.178030014038086
2020-03-27,0050,19.149999618530277,16.05229377746582
2020-03-30,0050,18.962499618530277,15.895123481750488
2020-03-31,0050,19.037500381469727,15.957992553710938
2020-04-01,0050,18.975000381469727,15.905604362487791
2020-04-06,0050,19.262500762939453,16.14659309387207
2020-04-07,0050,19.625,16.450456619262695
2020-04-08,0050,19.899999618530277,16.68097496032715
2020-04-09,0050,19.8125,16.607627868652344
2020-04-10,0050,19.825000762939453,16.618104934692383
2020-04-13,0050,19.700000762939453,16.513322830200195
2020-04-14,0050,20.237499237060547,16.963878631591797
2020-04-15,0050,20.299999237060547,17.016267776489258
2020-04-16,0050,20.200000762939453,16.932443618774414
2020-04-17,0050,20.8125,17.44586944580078
2020-04-20,0050,20.75,17.393476486206055
2020-04-21,0050,20.149999618530277,16.890533447265625
2020-04-22,0050,20.149999618530277,16.890533447265625
2020-04-23,0050,20.225000381469727,16.953401565551758
2020-04-24,0050,20.225000381469727,16.953401565551758
2020-04-27,0050,20.637500762939453,17.299175262451172
2020-04-28,0050,20.637500762939453,17.299175262451172
2020-04-29,0050,20.924999237060547,17.54016876220703
2020-04-30,0050,21.375,17.91737937927246
2020-05-04,0050,20.75,17.393476486206055
2020-05-05,0050,20.850000381469727,17.477298736572266
2020-05-06,0050,20.875,17.498262405395508
2020-05-07,0050,20.962499618530277,17.57159996032715
2020-05-08,0050,21.087499618530277,17.67638397216797
2020-05-11,0050,21.262500762939453,17.82308006286621
2020-05-12,0050,21.012500762939453,17.61351776123047
2020-05-13,0050,21.075000762939453,17.665908813476562
2020-05-14,0050,20.825000762939453,17.456348419189453
2020-05-15,0050,20.962499618530277,17.57159996032715
2020-05-18,0050,20.787500381469727,17.42491340637207
2020-05-19,0050,20.975000381469727,17.582082748413086
2020-05-20,0050,20.950000762939453,17.56112289428711
2020-05-21,0050,21.125,17.70781898498535
2020-05-22,0050,20.737499237060547,17.382997512817383
2020-05-25,0050,20.875,17.498262405395508
2020-05-26,0050,21.112499237060547,17.69734001159668
2020-05-27,0050,21.087499618530277,17.67638397216797
2020-05-28,0050,20.962499618530277,17.57159996032715
2020-05-29,0050,21.112499237060547,17.69734001159668
2020-06-01,0050,21.225000381469727,17.791643142700195
2020-06-02,0050,21.325000762939453,17.87546730041504
2020-06-03,0050,21.700000762939453,18.18980598449707
2020-06-04,0050,21.899999618530277,18.35744857788086
2020-06-05,0050,22.087499618530277,18.51462173461914
2020-06-08,0050,22.375,18.755617141723636
2020-06-09,0050,22.399999618530277,18.77657127380371
2020-06-10,0050,22.612499237060547,18.95469856262207
2020-06-11,0050,22.262500762939453,18.661312103271484
2020-06-12,0050,22.0625,18.49366950988769
2020-06-15,0050,21.75,18.231719970703125
2020-06-16,0050,22.225000381469727,18.6298828125
2020-06-17,0050,22.25,18.65083694458008
2020-06-18,0050,22.225000381469727,18.6298828125
2020-06-19,0050,22.212499618530277,18.61940574645996
2020-06-22,0050,22.262500762939453,18.661312103271484
2020-06-23,0050,22.362499237060547,18.74513816833496
2020-06-24,0050,22.5,18.860395431518555
2020-06-29,0050,22.274999618530277,18.67179679870605
2020-06-30,0050,22.475000381469727,18.839439392089844
2020-07-01,0050,22.625,18.965177536010746
2020-07-02,0050,22.875,19.174734115600582
2020-07-03,0050,23.137500762939453,19.394775390625
2020-07-06,0050,23.537500381469727,19.730070114135746
2020-07-07,0050,23.625,19.803415298461918
2020-07-08,0050,23.787500381469727,19.939632415771484
2020-07-09,0050,23.862499237060547,20.002498626708984
2020-07-10,0050,23.662500381469727,19.834850311279297
2020-07-13,0050,24.012500762939453,20.128236770629883
2020-07-14,0050,24.162500381469727,20.25397300720215
2020-07-15,0050,24.262500762939453,20.33779525756836
2020-07-16,0050,24.024999618530277,20.13871192932129
2020-07-17,0050,24.299999237060547,20.36922645568848
2020-07-20,0050,24.262500762939453,20.33779525756836
2020-07-21,0050,24.674999237060547,20.833837509155277
2020-07-22,0050,24.737499237060547,20.886606216430664
2020-07-23,0050,24.712499618530277,20.865497589111328
2020-07-24,0050,24.625,20.791622161865234
2020-07-27,0050,25.825000762939453,21.80481719970703
2020-07-28,0050,25.899999618530277,21.868141174316406
2020-07-29,0050,25.637500762939453,21.646509170532227
2020-07-30,0050,26.012500762939453,21.9631290435791
2020-07-31,0050,25.950000762939453,21.91035842895508
2020-08-03,0050,25.5,21.53041076660156
2020-08-04,0050,25.825000762939453,21.80481719970703
2020-08-05,0050,26.075000762939453,22.01590156555176
2020-08-06,0050,26.350000381469727,22.248092651367188
2020-08-07,0050,26.162500381469727,22.08977508544922
2020-08-10,0050,26.399999618530277,22.29030418395996
2020-08-11,0050,26.200000762939453,22.12144088745117
2020-08-12,0050,25.8125,21.79426383972168
2020-08-13,0050,26.0625,22.005348205566406
2020-08-14,0050,26.125,22.058115005493164
2020-08-17,0050,26.399999618530277,22.29030418395996
2020-08-18,0050,26.25,22.163658142089844
2020-08-19,0050,26.0625,22.005348205566406
2020-08-20,0050,25.149999618530277,21.234893798828125
2020-08-21,0050,25.700000762939453,21.699275970458984
2020-08-24,0050,25.774999618530277,21.76259994506836
2020-08-25,0050,25.975000381469727,21.931468963623047
2020-08-26,0050,26.075000762939453,22.01590156555176
2020-08-27,0050,26.137500762939453,22.06867408752441
2020-08-28,0050,25.875,21.847034454345703
2020-08-31,0050,25.450000762939453,21.488195419311523
2020-09-01,0050,25.837499618530277,21.81536865234375
2020-09-02,0050,25.75,21.741493225097656
2020-09-03,0050,25.825000762939453,21.80481719970703
2020-09-04,0050,25.637500762939453,21.646509170532227
2020-09-07,0050,25.600000381469727,21.614845275878903
2020-09-08,0050,25.75,21.741493225097656
2020-09-09,0050,25.575000762939453,21.59373664855957
2020-09-10,0050,25.799999237060547,21.783706665039062
2020-09-11,0050,25.8125,21.79426383972168
2020-09-14,0050,26.137500762939453,22.06867408752441
2020-09-15,0050,26.237499237060547,22.153100967407227
2020-09-16,0050,26.637500762939453,22.490835189819336
2020-09-17,0050,26.350000381469727,22.248092651367188
2020-09-18,0050,26.325000762939453,22.22698211669922
2020-09-21,0050,26.112499237060547,22.04756164550781
2020-09-22,0050,25.774999618530277,21.76259994506836
2020-09-23,0050,25.737499237060547,21.730939865112305
2020-09-24,0050,25.112499237060547,21.20323371887207
2020-09-25,0050,25.162500381469727,21.24544715881348
2020-09-28,0050,25.575000762939453,21.59373664855957
2020-09-29,0050,25.637500762939453,21.646509170532227
2020-09-30,0050,25.75,21.741493225097656
2020-10-05,0050,25.762500762939453,21.75204467773437
2020-10-06,0050,26.0625,22.005348205566406
2020-10-07,0050,26.200000762939453,22.12144088745117
2020-10-08,0050,26.549999237060547,22.416955947875977
2020-10-12,0050,26.762500762939453,22.596378326416016
2020-10-13,0050,26.774999618530277,22.606931686401367
2020-10-14,0050,26.674999237060547,22.522499084472656
2020-10-15,0050,26.424999237060547,22.31141662597656
2020-10-16,0050,26.3125,22.2164306640625
2020-10-19,0050,26.649999618530277,22.501388549804688
2020-10-20,0050,26.5,22.374738693237305
2020-10-21,0050,26.487499237060547,22.364185333251957
2020-10-22,0050,26.524999618530277,22.395845413208008
2020-10-23,0050,26.524999618530277,22.395845413208008
2020-10-26,0050,26.524999618530277,22.395845413208008
2020-10-27,0050,26.375,22.269201278686523
2020-10-28,0050,26.25,22.163658142089844
2020-10-29,0050,25.962499618530277,21.920913696289062
2020-10-30,0050,25.75,21.741493225097656
2020-11-02,0050,25.850000381469727,21.825927734375
2020-11-03,0050,26.149999618530277,22.079225540161133
2020-11-04,0050,26.537500381469727,22.406402587890625
2020-11-05,0050,26.512500762939453,22.38529586791992
2020-11-06,0050,26.674999237060547,22.522499084472656
2020-11-09,0050,27.024999618530277,22.81801414489746
2020-11-10,0050,26.774999618530277,22.606931686401367
2020-11-11,0050,27.1875,22.955219268798828
2020-11-12,0050,27.200000762939453,22.965768814086918
2020-11-13,0050,27.3125,23.06075859069824
2020-11-16,0050,28.200000762939453,23.810102462768555
2020-11-17,0050,28.399999618530277,23.97896385192871
2020-11-18,0050,28.587499618530277,24.137279510498047
2020-11-19,0050,28.537500381469727,24.09506225585937
2020-11-20,0050,28.5,24.063400268554688
2020-11-23,0050,28.862499237060547,24.369468688964844
2020-11-24,0050,28.725000381469727,24.25337600708008
2020-11-25,0050,28.487499237060547,24.052846908569336
2020-11-26,0050,28.712499618530277,24.24281883239746
2020-11-27,0050,28.662500381469727,24.20060539245605
2020-11-30,0050,28.325000762939453,23.91564178466797
2020-12-01,0050,28.575000762939453,24.12672615051269
2020-12-02,0050,28.850000381469727,24.35891532897949
2020-12-03,0050,28.850000381469727,24.35891532897949
2020-12-04,0050,29.325000762939453,24.75997543334961
2020-12-07,0050,29.600000381469727,24.992162704467773
2020-12-08,0050,30.012500762939453,25.340450286865234
2020-12-09,0050,30.012500762939453,25.340450286865234
2020-12-10,0050,29.649999618530277,25.03438186645508
2020-12-11,0050,29.6875,25.066041946411133
2020-12-14,0050,29.5625,24.960498809814453
2020-12-15,0050,29.262500762939453,24.707204818725582
2020-12-16,0050,29.8125,25.17158317565918
2020-12-17,0050,29.649999618530277,25.03438186645508
2020-12-18,0050,29.549999237060547,24.9499454498291
2020-12-21,0050,29.837499618530277,25.19268798828125
2020-12-22,0050,29.5,24.907730102539062
2020-12-23,0050,29.537500381469727,24.939395904541016
2020-12-24,0050,29.700000762939453,25.076595306396484
2020-12-25,0050,29.737499237060547,25.10825729370117
2020-12-28,0050,30.0,25.32989501953125
2020-12-29,0050,29.975000381469727,25.30878448486328
2020-12-30,0050,30.399999618530277,25.667627334594727
2020-12-31,0050,30.5625,25.804828643798828
2021-01-04,0050,31.087499618530277,26.24810218811035
2021-01-05,0050,31.149999618530277,26.30087661743164
2021-01-06,0050,31.487499237060547,26.585834503173828
2021-01-07,0050,32.224998474121094,27.208526611328125
2021-01-08,0050,32.79999923706055,27.69401741027832
2021-01-11,0050,33.07500076293945,27.926210403442383
2021-01-12,0050,33.025001525878906,27.88399314880371
2021-01-13,0050,33.82500076293945,28.55945587158203
2021-01-14,0050,33.51250076293945,28.29560089111328
2021-01-15,0050,33.625,28.39058494567871
2021-01-18,0050,33.599998474121094,28.369478225708008
2021-01-19,0050,34.48749923706055,29.118824005126957
2021-01-20,0050,34.54999923706055,29.171594619750977
2021-01-21,0050,35.75,30.184789657592773
2021-01-22,0050,34.36249923706055,29.645586013793945
2021-01-25,0050,33.900001525878906,29.2465763092041
2021-01-26,0050,33.212501525878906,28.6534423828125
2021-01-27,0050,33.26250076293945,28.696578979492188
2021-01-28,0050,32.587501525878906,28.114240646362305
2021-01-29,0050,32.04999923706055,27.6505184173584
2021-02-01,0050,32.6875,28.20050811767578
2021-02-02,0050,33.61249923706055,28.998537063598636
2021-02-03,0050,33.587501525878906,28.97696685791016
2021-02-04,0050,33.38750076293945,28.804426193237305
2021-02-05,0050,33.70000076293945,29.07402801513672
2021-02-17,0050,35.13750076293945,30.31420135498047
2021-02-18,0050,35.087501525878906,30.27106666564941
2021-02-19,0050,34.712501525878906,29.947540283203125
2021-02-22,0050,34.70000076293945,29.936756134033203
2021-02-23,0050,34.625,29.872053146362305
2021-02-24,0050,34.11249923706055,29.42990493774414
2021-02-25,0050,34.38750076293945,29.66715812683105
2021-02-26,0050,33.349998474121094,28.77206802368164
2021-03-02,0050,33.36249923706055,28.78285026550293
2021-03-03,0050,33.849998474121094,29.20343780517578
2021-03-04,0050,33.1875,28.63187599182129
2021-03-05,0050,32.98749923706055,28.459327697753903
2021-03-08,0050,32.962501525878906,28.43776512145996
2021-03-09,0050,32.837501525878906,28.32992172241211
2021-03-10,0050,32.974998474121094,28.448549270629883
2021-03-11,0050,33.67499923706055,29.052453994750977
2021-03-12,0050,33.8125,29.17108917236328
2021-03-15,0050,33.724998474121094,29.095590591430664
2021-03-16,0050,33.837501525878906,29.19265365600586
2021-03-17,0050,33.54999923706055,28.94461250305176
2021-03-18,0050,33.724998474121094,29.095590591430664
2021-03-19,0050,33.20000076293945,28.64266586303711
2021-03-22,0050,33.349998474121094,28.77206802368164
2021-03-23,0050,33.400001525878906,28.81520652770996
2021-03-24,0050,32.875,28.362274169921875
2021-03-25,0050,32.98749923706055,28.459327697753903
2021-03-26,0050,33.587501525878906,28.97696685791016
2021-03-29,0050,33.86249923706055,29.214216232299805
2021-03-30,0050,33.974998474121094,29.31127166748047
2021-03-31,0050,33.6875,29.06324005126953
2021-04-01,0050,33.9375,29.27892303466797
2021-04-07,0050,34.45000076293945,29.72107696533203
2021-04-08,0050,34.5625,29.818130493164062
2021-04-09,0050,34.48749923706055,29.753427505493164
2021-04-12,0050,34.287498474121094,29.58087730407715
2021-04-13,0050,34.287498474121094,29.58087730407715
2021-04-14,0050,34.474998474121094,29.74263381958008
2021-04-15,0050,34.76250076293945,29.99068069458008
2021-04-16,0050,34.8125,30.0338134765625
2021-04-19,0050,34.875,30.087736129760746
2021-04-20,0050,34.8125,30.0338134765625
2021-04-21,0050,34.5,29.76421165466309
2021-04-22,0050,34.474998474121094,29.74263381958008
2021-04-23,0050,34.787498474121094,30.012245178222656
2021-04-26,0050,35.29999923706055,30.454395294189453
2021-04-27,0050,35.3125,30.46517944335937
2021-04-28,0050,35.099998474121094,30.281848907470703
2021-04-29,0050,35.150001525878906,30.324987411499023
2021-05-03,0050,34.5625,29.818130493164062
2021-05-04,0050,34.26250076293945,29.55931282043457
2021-05-05,0050,33.9375,29.27892303466797
2021-05-06,0050,34.23749923706055,29.537742614746094
2021-05-07,0050,34.849998474121094,30.066162109375
2021-05-10,0050,34.61249923706055,29.861268997192383
2021-05-11,0050,33.3125,28.73971939086914
2021-05-12,0050,32.349998474121094,27.90933990478516
2021-05-13,0050,31.875,27.49954032897949
2021-05-14,0050,32.23749923706055,27.812278747558597
2021-05-17,0050,31.625,27.283863067626957
2021-05-18,0050,33.07500076293945,28.53481674194336
2021-05-19,0050,32.849998474121094,28.340700149536133
2021-05-20,0050,32.625,28.146589279174805
2021-05-21,0050,33.087501525878906,28.54560661315918
2021-05-24,0050,33.037498474121094,28.50246238708496
2021-05-25,0050,33.599998474121094,28.98775100708008
2021-05-26,0050,33.625,29.009323120117188
2021-05-27,0050,33.38750076293945,28.804426193237305
2021-05-28,0050,33.95000076293945,29.28971099853516
2021-05-31,0050,34.275001525878906,29.57009506225586
2021-06-01,0050,34.42499923706055,29.69950485229492
2021-06-02,0050,34.42499923706055,29.69950485229492
2021-06-03,0050,34.400001525878906,29.677942276000977
2021-06-04,0050,34.23749923706055,29.537742614746094
2021-06-07,0050,34.32500076293945,29.61323547363281
2021-06-08,0050,34.125,29.44068717956543
2021-06-09,0050,33.875,29.225006103515625
2021-06-10,0050,34.400001525878906,29.677942276000977
2021-06-11,0050,34.525001525878906,29.78577995300293
2021-06-15,0050,34.712501525878906,29.947540283203125
2021-06-16,0050,34.67499923706055,29.91518783569336
2021-06-17,0050,34.57500076293945,29.828914642333984
2021-06-18,0050,34.5,29.76421165466309
2021-06-21,0050,33.67499923706055,29.052453994750977
2021-06-22,0050,33.712501525878906,29.084814071655277
2021-06-23,0050,34.26250076293945,29.55931282043457
2021-06-24,0050,34.17499923706055,29.48382568359375
2021-06-25,0050,34.23749923706055,29.537742614746094
2021-06-28,0050,34.29999923706055,29.591663360595703
2021-06-29,0050,34.400001525878906,29.677942276000977
2021-06-30,0050,34.73749923706055,29.96910858154297
2021-07-01,0050,34.57500076293945,29.828914642333984
2021-07-02,0050,34.57500076293945,29.828914642333984
2021-07-05,0050,34.900001525878906,30.10930633544922
2021-07-06,0050,34.9375,30.14165306091309
2021-07-07,0050,34.75,29.979890823364254
2021-07-08,0050,34.712501525878906,29.947540283203125
2021-07-09,0050,34.4375,29.710289001464844
2021-07-12,0050,34.75,29.979890823364254
2021-07-13,0050,35.037498474121094,30.22792625427246
2021-07-14,0050,35.125,30.30341911315918
2021-07-15,0050,35.45000076293945,30.58380508422852
2021-07-16,0050,34.974998474121094,30.17400550842285
2021-07-19,0050,34.57500076293945,29.828914642333984
2021-07-20,0050,34.29999923706055,29.591663360595703
2021-07-21,0050,34.17499923706055,29.55923080444336
2021-07-22,0050,34.412498474121094,29.7646484375
2021-07-23,0050,34.412498474121094,29.7646484375
2021-07-26,0050,34.11249923706055,29.505170822143555
2021-07-27,0050,34.099998474121094,29.49435806274414
2021-07-28,0050,33.5625,29.02945327758789
2021-07-29,0050,34.125,29.515981674194336
2021-07-30,0050,34.01250076293945,29.41868019104004
2021-08-02,0050,34.474998474121094,29.818702697753903
2021-08-03,0050,34.61249923706055,29.937639236450195
2021-08-04,0050,34.8125,30.110626220703125
2021-08-05,0050,34.75,30.05656623840332
2021-08-06,0050,34.70000076293945,30.01332092285156
2021-08-09,0050,34.599998474121094,29.92682647705078
2021-08-10,0050,34.412498474121094,29.7646484375
2021-08-11,0050,34.29999923706055,29.66734504699707
2021-08-12,0050,34.23749923706055,29.6132869720459
2021-08-13,0050,33.912498474121094,29.33218002319336
2021-08-16,0050,33.837501525878906,29.267314910888672
2021-08-17,0050,33.587501525878906,29.05107688903809
2021-08-18,0050,33.724998474121094,29.17000389099121
2021-08-19,0050,32.95000076293945,28.499679565429688
2021-08-20,0050,32.6875,28.272632598876957
2021-08-23,0050,33.587501525878906,29.05107688903809
2021-08-24,0050,33.6875,29.137571334838867
2021-08-25,0050,34.01250076293945,29.41868019104004
2021-08-26,0050,34.25,29.624095916748047
2021-08-27,0050,34.537498474121094,29.87277030944824
2021-08-30,0050,34.875,30.16468620300293
2021-08-31,0050,35.087501525878906,30.348485946655277
2021-09-01,0050,35.25,30.489038467407227
2021-09-02,0050,34.974998474121094,30.251176834106445
2021-09-03,0050,35.474998474121094,30.68364524841309
2021-09-06,0050,35.63750076293945,30.82419776916504
2021-09-07,0050,35.474998474121094,30.68364524841309
2021-09-08,0050,35.162498474121094,30.413349151611328
2021-09-09,0050,35.07500076293945,30.33767318725586
2021-09-10,0050,35.48749923706055,30.6944580078125
2021-09-13,0050,35.36249923706055,30.586336135864254
2021-09-14,0050,35.400001525878906,30.61877822875977
2021-09-15,0050,35.1875,30.434982299804688
2021-09-16,0050,35.025001525878906,30.294422149658203
2021-09-17,0050,35.125,30.380922317504883
2021-09-22,0050,34.29999923706055,29.66734504699707
2021-09-23,0050,34.5,29.840335845947266
2021-09-24,0050,34.912498474121094,30.197120666503903
2021-09-27,0050,35.0,30.27280616760254
2021-09-28,0050,34.75,30.05656623840332
2021-09-29,0050,34.0,29.40786361694336
2021-09-30,0050,34.26250076293945,29.634912490844727
2021-10-01,0050,33.48749923706055,28.96458625793457
2021-10-04,0050,33.287498474121094,28.791593551635746
2021-10-05,0050,33.23749923706055,28.748353958129883
2021-10-06,0050,33.25,28.759164810180664
2021-10-07,0050,33.837501525878906,29.267314910888672
2021-10-08,0050,33.54999923706055,29.01864051818848
2021-10-12,0050,33.212501525878906,28.72672462463379
2021-10-13,0050,33.099998474121094,28.629419326782227
2021-10-14,0050,33.1875,28.705102920532227
2021-10-15,0050,34.0625,29.461923599243164
2021-10-18,0050,33.962501525878906,29.375431060791016
2021-10-19,0050,34.23749923706055,29.6132869720459
2021-10-20,0050,34.150001525878906,29.537607192993164
2021-10-21,0050,34.025001525878906,29.429489135742188
2021-10-22,0050,34.125,29.515981674194336
2021-10-25,0050,34.099998474121094,29.49435806274414
2021-10-26,0050,34.38750076293945,29.743032455444336
2021-10-27,0050,34.38750076293945,29.743032455444336
2021-10-28,0050,34.287498474121094,29.656532287597656
2021-10-29,0050,33.95000076293945,29.364620208740234
2021-11-01,0050,34.125,29.515981674194336
2021-11-02,0050,34.0625,29.461923599243164
2021-11-03,0050,34.150001525878906,29.537607192993164
2021-11-04,0050,34.037498474121094,29.4403018951416
2021-11-05,0050,34.525001525878906,29.861957550048828
2021-11-08,0050,34.79999923706055,30.099809646606445
2021-11-09,0050,35.17499923706055,30.42416381835937
2021-11-10,0050,35.125,30.380922317504883
2021-11-11,0050,34.8125,30.110626220703125
2021-11-12,0050,34.92499923706055,30.20792961120605
2021-11-15,0050,35.23749923706055,30.47822570800781
2021-11-16,0050,35.29999923706055,30.532283782958984
2021-11-17,0050,35.412498474121094,30.629589080810547
2021-11-18,0050,35.61249923706055,30.80258178710937
2021-11-19,0050,35.70000076293945,30.87826156616211
2021-11-22,0050,35.61249923706055,30.80258178710937
2021-11-23,0050,35.275001525878906,30.51065826416016
2021-11-24,0050,35.125,30.380922317504883
2021-11-25,0050,35.11249923706055,30.3701114654541
2021-11-26,0050,34.537498474121094,29.87277030944824
2021-11-29,0050,34.537498474121094,29.87277030944824
2021-11-30,0050,34.5,29.840335845947266
2021-12-01,0050,35.07500076293945,30.33767318725586
2021-12-02,0050,35.45000076293945,30.66202545166016
2021-12-03,0050,35.4375,30.65121459960937
2021-12-06,0050,35.337501525878906,30.564720153808597
2021-12-07,0050,35.45000076293945,30.66202545166016
2021-12-08,0050,35.587501525878906,30.78095245361328
2021-12-09,0050,35.5,30.705272674560547
2021-12-10,0050,35.48749923706055,30.6944580078125
2021-12-13,0050,35.375,30.59715461730957
2021-12-14,0050,35.025001525878906,30.294422149658203
2021-12-15,0050,35.07500076293945,30.33767318725586
2021-12-16,0050,35.51250076293945,30.71608543395996
2021-12-17,0050,35.474998474121094,30.68364524841309
2021-12-20,0050,35.162498474121094,30.413349151611328
2021-12-21,0050,35.462501525878906,30.672834396362305
2021-12-22,0050,35.462501525878906,30.672834396362305
2021-12-23,0050,35.662498474121094,30.84581756591797
2021-12-24,0050,35.76250076293945,30.932315826416016
2021-12-27,0050,36.03749847412109,31.170167922973636
2021-12-28,0050,36.32500076293945,31.41884994506836
2021-12-29,0050,36.48749923706055,31.559398651123047
2021-12-30,0050,36.375,31.46209144592285
2022-01-03,0050,36.59999847412109,31.656700134277344
2022-01-04,0050,37.400001525878906,32.34865188598633
2022-01-05,0050,37.32500076293945,32.28378677368164
2022-01-06,0050,36.97499847412109,31.98104858398437
2022-01-07,0050,36.650001525878906,31.699949264526367
2022-01-10,0050,36.88750076293945,31.905372619628903
2022-01-11,0050,37.07500076293945,32.06754302978516
2022-01-12,0050,37.38750076293945,32.33784484863281
2022-01-13,0050,37.57500076293945,32.50001907348633
2022-01-14,0050,37.57500076293945,32.50001907348633
2022-01-17,0050,38.0,32.867618560791016
2022-01-18,0050,37.57500076293945,32.50001907348633
2022-01-19,0050,37.125,32.11079406738281
2022-01-20,0050,37.275001525878906,32.240535736083984
2022-01-21,0050,35.662498474121094,31.522357940673828
2022-01-24,0050,36.0,31.820680618286133
2022-01-25,0050,35.412498474121094,31.301380157470703
2022-01-26,0050,35.38750076293945,31.279277801513672
2022-02-07,0050,35.57500076293945,31.44501495361328
2022-02-08,0050,35.724998474121094,31.577600479125977
2022-02-09,0050,35.849998474121094,31.688087463378903
2022-02-10,0050,36.26250076293945,32.052703857421875
2022-02-11,0050,36.23749923706055,32.030609130859375
2022-02-14,0050,35.67499923706055,31.533411026000977
2022-02-15,0050,35.51250076293945,31.389772415161133
2022-02-16,0050,36.09999847412109,31.909069061279297
2022-02-17,0050,36.125,31.931167602539062
2022-02-18,0050,36.025001525878906,31.8427791595459
2022-02-21,0050,35.95000076293945,31.77648162841797
2022-02-22,0050,35.462501525878906,31.345577239990234
2022-02-23,0050,35.5625,31.4339656829834
2022-02-24,0050,34.70000076293945,30.671600341796875
2022-02-25,0050,34.625,30.60530662536621
2022-03-01,0050,35.11249923706055,31.036209106445312
2022-03-02,0050,34.912498474121094,30.85942649841309
2022-03-03,0050,34.98749923706055,30.925716400146484
2022-03-04,0050,34.61249923706055,30.594253540039062
2022-03-07,0050,33.5,29.61091041564941
2022-03-08,0050,32.787498474121094,28.981121063232425
2022-03-09,0050,33.125,29.279441833496094
2022-03-10,0050,34.087501525878906,30.130207061767575
2022-03-11,0050,33.599998474121094,29.699298858642575
2022-03-14,0050,33.599998474121094,29.699298858642575
2022-03-15,0050,32.912498474121094,29.091611862182617
2022-03-16,0050,33.04999923706055,29.21315193176269
2022-03-17,0050,34.099998474121094,30.14124870300293
2022-03-18,0050,34.025001525878906,30.074966430664062
2022-03-21,0050,34.25,30.273836135864254
2022-03-22,0050,34.20000076293945,30.22964096069336
2022-03-23,0050,34.525001525878906,30.51691627502441
2022-03-24,0050,34.5,30.494808197021484
2022-03-25,0050,34.54999923706055,30.53900909423828
2022-03-28,0050,34.17499923706055,30.207542419433597
2022-03-29,0050,34.212501525878906,30.24069595336914
2022-03-30,0050,34.63750076293945,30.616352081298828
2022-03-31,0050,34.525001525878906,30.51691627502441
2022-04-01,0050,34.23749923706055,30.26279067993164
2022-04-06,0050,34.0625,30.10810852050781
2022-04-07,0050,33.45000076293945,29.56671142578125
2022-04-08,0050,33.63750076293945,29.73244285583496
2022-04-11,0050,33.11249923706055,29.268394470214844
2022-04-12,0050,33.13750076293945,29.29049301147461
2022-04-13,0050,33.76250076293945,29.84293365478516
2022-04-14,0050,33.63750076293945,29.73244285583496
2022-04-15,0050,33.0625,29.224197387695312
2022-04-18,0050,32.88750076293945,29.06951713562012
2022-04-19,0050,33.0,29.16895294189453
2022-04-20,0050,33.162498474121094,29.312589645385746
2022-04-21,0050,33.1875,29.334688186645508
2022-04-22,0050,32.900001525878906,29.08056640625
2022-04-25,0050,32.3125,28.56126594543457
2022-04-26,0050,32.3125,28.56126594543457
2022-04-27,0050,31.637500762939453,27.96463203430176
2022-04-28,0050,31.774999618530277,28.086166381835938
2022-04-29,0050,32.1875,28.450777053833008
2022-05-03,0050,31.950000762939453,28.240854263305664
2022-05-04,0050,31.950000762939453,28.240854263305664
2022-05-05,0050,32.3125,28.56126594543457
2022-05-06,0050,31.662500381469727,27.986730575561523
2022-05-09,0050,31.137500762939453,27.52267837524414
2022-05-10,0050,31.0,27.401138305664062
2022-05-11,0050,31.049999237060547,27.44533348083496
2022-05-12,0050,30.3125,26.79345321655273
2022-05-13,0050,30.587499618530277,27.036527633666992
2022-05-16,0050,30.75,27.180160522460938
2022-05-17,0050,31.087499618530277,27.478479385375977
2022-05-18,0050,31.424999237060547,27.776798248291016
2022-05-19,0050,30.825000762939453,27.246458053588867
2022-05-20,0050,31.162500381469727,27.544775009155277
2022-05-23,0050,31.225000381469727,27.600021362304688
2022-05-24,0050,30.875,27.290651321411133
2022-05-25,0050,31.112499237060547,27.50057983398437
2022-05-26,0050,30.725000381469727,27.15806579589844
2022-05-27,0050,31.375,27.732608795166016
2022-05-30,0050,32.13750076293945,28.40658569335937
2022-05-31,0050,32.45000076293945,28.682804107666016
2022-06-01,0050,32.287498474121094,28.53917121887207
2022-06-02,0050,31.950000762939453,28.240854263305664
2022-06-06,0050,32.17499923706055,28.43973159790039
2022-06-07,0050,31.850000381469727,28.1524600982666
2022-06-08,0050,32.20000076293945,28.46183013916016
2022-06-09,0050,32.099998474121094,28.373437881469727
2022-06-10,0050,31.774999618530277,28.086166381835938
2022-06-13,0050,30.887500762939453,27.301700592041016
2022-06-14,0050,30.837499618530277,27.25750541687012
2022-06-15,0050,30.6875,27.12491607666016
2022-06-16,0050,30.625,27.06967544555664
2022-06-17,0050,30.212499618530277,26.705062866210938
2022-06-20,0050,29.9375,26.461986541748047
2022-06-21,0050,30.549999237060547,27.00337791442871
2022-06-22,0050,29.875,26.406740188598636
2022-06-23,0050,29.475000381469727,26.053178787231445
2022-06-24,0050,29.537500381469727,26.108423233032227
2022-06-27,0050,30.237499237060547,26.727161407470703
2022-06-28,0050,29.950000762939453,26.47303771972656
2022-06-29,0050,29.700000762939453,26.252058029174805
2022-06-30,0050,28.950000762939453,25.589126586914062
2022-07-01,0050,27.887500762939453,24.64997673034668
2022-07-04,0050,27.612499237060547,24.40690040588379
2022-07-05,0050,27.75,24.528438568115234
2022-07-06,0050,27.212499618530277,24.05333709716797
2022-07-07,0050,28.024999618530277,24.77151298522949
2022-07-08,0050,28.3125,25.025638580322266
2022-07-11,0050,28.0625,24.804658889770508
2022-07-12,0050,27.387500762939453,24.208026885986328
2022-07-13,0050,28.362499237060547,25.06983184814453
2022-07-14,0050,28.5,25.191370010375977
2022-07-15,0050,28.875,25.522836685180664
2022-07-18,0050,28.549999237060547,25.635072708129883
2022-07-19,0050,28.575000762939453,25.65752220153809
2022-07-20,0050,28.762500762939453,25.825876235961918
2022-07-21,0050,29.087499618530277,26.117694854736328
2022-07-22,0050,29.200000762939453,26.21870803833008
2022-07-25,0050,29.174999237060547,26.196260452270508
2022-07-26,0050,28.912500381469727,25.960561752319336
2022-07-27,0050,29.174999237060547,26.196260452270508
2022-07-28,0050,29.225000381469727,26.241153717041016
2022-07-29,0050,29.5,26.488075256347656
2022-08-01,0050,29.412500381469727,26.40951156616211
2022-08-02,0050,28.887500762939453,25.98892593383789
2022-08-03,0050,29.0625,26.146364212036133
2022-08-04,0050,29.137500762939453,26.213838577270508
2022-08-05,0050,29.875,26.87733268737793
2022-08-08,0050,29.8125,26.82110595703125
2022-08-09,0050,29.787500381469727,26.79861640930176
2022-08-10,0050,29.475000381469727,26.517475128173828
2022-08-11,0050,30.012500762939453,27.00104141235352
2022-08-12,0050,30.200000762939453,27.16972541809082
2022-08-15,0050,30.475000381469727,27.417133331298828
2022-08-16,0050,30.524999618530277,27.462114334106445
2022-08-17,0050,30.537500381469727,27.47336196899414
2022-08-18,0050,30.337499618530277,27.293428421020508
2022-08-19,0050,30.387500762939453,27.33841323852539
2022-08-22,0050,30.012500762939453,27.00104141235352
2022-08-23,0050,29.549999237060547,26.58494758605957
2022-08-24,0050,29.475000381469727,26.517475128173828
2022-08-25,0050,29.75,26.764875411987305
2022-08-26,0050,29.899999618530277,26.899826049804688
2022-08-29,0050,29.137500762939453,26.213838577270508
2022-08-30,0050,29.1875,26.258819580078125
2022-08-31,0050,29.399999618530277,26.44999885559082
2022-09-01,0050,28.787500381469727,25.89895820617676
2022-09-02,0050,28.475000381469727,25.617815017700195
2022-09-05,0050,28.537500381469727,25.67403793334961
2022-09-06,0050,28.725000381469727,25.84272766113281
2022-09-07,0050,28.049999237060547,25.23545455932617
2022-09-08,0050,28.25,25.415388107299805
2022-09-12,0050,28.850000381469727,25.95518493652344
2022-09-13,0050,29.0,26.090131759643555
2022-09-14,0050,28.412500381469727,25.561580657958984
2022-09-15,0050,28.462499618530277,25.606563568115234
2022-09-16,0050,28.137500762939453,25.314178466796875
2022-09-19,0050,28.012500762939453,25.20172119140625
2022-09-20,0050,28.262500762939453,25.4266357421875
2022-09-21,0050,28.024999618530277,25.21296501159668
2022-09-22,0050,27.6875,24.909326553344727
2022-09-23,0050,27.424999237060547,24.67316627502441
2022-09-26,0050,26.912500381469727,24.212093353271484
2022-09-27,0050,26.875,24.17835807800293
2022-09-28,0050,26.3125,23.67230033874512
2022-09-29,0050,26.225000381469727,23.593578338623047
2022-09-30,0050,25.862499237060547,23.26744842529297
2022-10-03,0050,25.549999237060547,22.986305236816406
2022-10-04,0050,26.200000762939453,23.57108688354492
2022-10-05,0050,26.8125,24.122127532958984
2022-10-06,0050,27.0,24.290815353393555
2022-10-07,0050,26.549999237060547,23.88596534729004
2022-10-11,0050,25.174999237060547,22.648935317993164
2022-10-12,0050,25.049999237060547,22.53647994995117
2022-10-13,0050,24.75,22.266578674316406
2022-10-14,0050,25.462499618530277,22.907588958740234
2022-10-17,0050,24.987499237060547,22.48024559020996
2022-10-18,0050,25.274999618530277,22.738901138305664
2022-10-19,0050,24.9375,22.435266494750977
2022-10-20,0050,24.799999237060547,22.31156349182129
2022-10-21,0050,24.725000381469727,22.24408721923828
2022-10-24,0050,24.649999618530277,22.176612854003903
2022-10-25,0050,24.174999237060547,21.749277114868164
2022-10-26,0050,24.399999618530277,21.95170021057129
2022-10-27,0050,24.75,22.266578674316406
2022-10-28,0050,24.4375,21.98543739318848
2022-10-31,0050,24.762500762939453,22.2778263092041
2022-11-01,0050,24.899999618530277,22.40152931213379
2022-11-02,0050,25.0,22.49149513244629
2022-11-03,0050,24.674999237060547,22.19910430908203
2022-11-04,0050,24.712499618530277,22.23284339904785
2022-11-07,0050,25.137500762939453,22.615198135375977
2022-11-08,0050,25.399999618530277,22.851354598999023
2022-11-09,0050,26.125,23.503612518310547
2022-11-10,0050,25.875,23.278697967529297
2022-11-11,0050,27.25,24.51572799682617
2022-11-14,0050,27.5,24.74064445495605
2022-11-15,0050,28.674999237060547,25.79774475097656
2022-11-16,0050,28.625,25.752761840820312
2022-11-17,0050,28.637500762939453,25.76400756835937
2022-11-18,0050,28.5625,25.696531295776367
2022-11-21,0050,28.462499618530277,25.606563568115234
2022-11-22,0050,28.700000762939453,25.82023811340332
2022-11-23,0050,28.899999618530277,26.00016593933105
2022-11-24,0050,29.174999237060547,26.24757194519043
2022-11-25,0050,29.174999237060547,26.24757194519043
2022-11-28,0050,28.587499618530277,25.71902084350586
2022-11-29,0050,28.850000381469727,25.95518493652344
2022-11-30,0050,29.087499618530277,26.168851852416992
2022-12-01,0050,29.587499618530277,26.61868095397949
2022-12-02,0050,29.325000762939453,26.38252639770508
2022-12-05,0050,29.362499237060547,26.416259765625
2022-12-06,0050,28.825000762939453,25.932693481445312
2022-12-07,0050,28.649999618530277,25.77525329589844
2022-12-08,0050,28.3125,25.47161865234375
2022-12-09,0050,28.75,25.865219116210938
2022-12-12,0050,28.475000381469727,25.617815017700195
2022-12-13,0050,28.350000381469727,25.505355834960938
2022-12-14,0050,28.700000762939453,25.82023811340332
2022-12-15,0050,28.725000381469727,25.84272766113281
2022-12-16,0050,28.25,25.415388107299805
2022-12-19,0050,28.087499618530277,25.269193649291992
2022-12-20,0050,27.575000762939453,24.808120727539062
2022-12-21,0050,27.6875,24.909326553344727
2022-12-22,0050,28.149999618530277,25.325422286987305
2022-12-23,0050,27.674999237060547,24.89808464050293
2022-12-26,0050,27.774999618530277,24.98805046081543
2022-12-27,0050,27.899999618530277,25.10050773620605
2022-12-28,0050,27.5,24.74064445495605
2022-12-29,0050,27.375,24.628183364868164
2022-12-30,0050,27.549999237060547,24.785627365112305
2023-01-03,0050,27.6875,24.909326553344727
2023-01-04,0050,27.625,24.85310173034668
2023-01-05,0050,27.825000762939453,25.033035278320312
2023-01-06,0050,27.950000762939453,25.145492553710938
2023-01-09,0050,28.950000762939453,26.045150756835938
2023-01-10,0050,29.0625,26.146364212036133
2023-01-11,0050,29.087499618530277,26.168851852416992
2023-01-12,0050,28.962499618530277,26.056396484375
2023-01-13,0050,29.299999237060547,26.36003303527832
2023-01-16,0050,29.524999618530277,26.562456130981445
2023-01-17,0050,29.524999618530277,26.562456130981445
2023-01-30,0050,30.174999237060547,27.758338928222656
2023-01-31,0050,29.575000762939453,27.206392288208008
2023-02-01,0050,29.75,27.36737823486328
2023-02-02,0050,30.25,27.82733154296875
2023-02-03,0050,30.25,27.82733154296875
2023-02-06,0050,29.8125,27.42487144470215
2023-02-07,0050,29.75,27.36737823486328
2023-02-08,0050,30.212499618530277,27.792835235595703
2023-02-09,0050,30.225000381469727,27.80433654785156
2023-02-10,0050,30.25,27.82733154296875
2023-02-13,0050,30.1875,27.769838333129883
2023-02-14,0050,30.412500381469727,27.9768180847168
2023-02-15,0050,29.712499618530277,27.332881927490234
2023-02-16,0050,30.075000762939453,27.666349411010746
2023-02-17,0050,29.6875,27.30988121032715
2023-02-20,0050,29.75,27.36737823486328
2023-02-21,0050,29.737499237060547,27.35587501525879
2023-02-22,0050,29.412500381469727,27.056907653808597
2023-02-23,0050,29.850000381469727,27.459369659423828
2023-02-24,0050,29.700000762939453,27.321382522583008
2023-03-01,0050,29.837499618530277,27.44786834716797
2023-03-02,0050,29.8125,27.42487144470215
2023-03-03,0050,29.837499618530277,27.44786834716797
2023-03-06,0050,30.125,27.712345123291016
2023-03-07,0050,30.325000762939453,27.89632797241211
2023-03-08,0050,30.075000762939453,27.666349411010746
2023-03-09,0050,30.049999237060547,27.64335060119629
2023-03-10,0050,29.575000762939453,27.206392288208008
2023-03-13,0050,29.700000762939453,27.321382522583008
2023-03-14,0050,29.375,27.022409439086918
2023-03-15,0050,29.399999618530277,27.045408248901367
2023-03-16,0050,29.262500762939453,26.918922424316406
2023-03-17,0050,29.737499237060547,27.35587501525879
2023-03-20,0050,29.524999618530277,27.1603946685791
2023-03-21,0050,29.662500381469727,27.286884307861328
2023-03-22,0050,30.225000381469727,27.80433654785156
2023-03-23,0050,30.462499618530277,28.02281379699707
2023-03-24,0050,30.549999237060547,28.10330581665039
2023-03-27,0050,30.362499237060547,27.93082427978516
2023-03-28,0050,30.100000381469727,27.68934440612793
2023-03-29,0050,30.149999618530277,27.73534393310547
2023-03-30,0050,30.299999237060547,27.873327255249023
2023-03-31,0050,30.399999618530277,27.96531867980957
2023-04-06,0050,30.25,27.82733154296875
2023-04-07,0050,30.25,27.82733154296875
2023-04-10,0050,30.25,27.82733154296875
2023-04-11,0050,30.212499618530277,27.792835235595703
2023-04-12,0050,30.137500762939453,27.72384262084961
2023-04-13,0050,29.875,27.48236656188965
2023-04-14,0050,30.162500381469727,27.74684333801269
2023-04-17,0050,30.087499618530277,27.677846908569336
2023-04-18,0050,29.987499237060547,27.585857391357425
2023-04-19,0050,29.762500762939453,27.378875732421875
2023-04-20,0050,29.725000381469727,27.344379425048828
2023-04-21,0050,29.649999618530277,27.27538681030273
2023-04-24,0050,29.537500381469727,27.171897888183597
2023-04-25,0050,29.149999618530277,26.815431594848636
2023-04-26,0050,29.024999618530277,26.700443267822266
2023-04-27,0050,29.0,26.67744255065918
2023-04-28,0050,29.350000381469727,26.999414443969727
2023-05-02,0050,29.424999237060547,27.068405151367188
2023-05-03,0050,29.299999237060547,26.953414916992188
2023-05-04,0050,29.375,27.022409439086918
2023-05-05,0050,29.450000762939453,27.09140396118164
2023-05-08,0050,29.637500762939453,27.26388931274414
2023-05-09,0050,29.725000381469727,27.344379425048828
2023-05-10,0050,29.450000762939453,27.09140396118164
2023-05-11,0050,29.387500762939453,27.033910751342773
2023-05-12,0050,29.299999237060547,26.953414916992188
2023-05-15,0050,29.299999237060547,26.953414916992188
2023-05-16,0050,29.649999618530277,27.27538681030273
2023-05-17,0050,30.137500762939453,27.72384262084961
2023-05-18,0050,30.537500381469727,28.0918083190918
2023-05-19,0050,30.625,28.17230033874512
2023-05-22,0050,30.575000762939453,28.126304626464844
2023-05-23,0050,30.549999237060547,28.10330581665039
2023-05-24,0050,30.399999618530277,27.96531867980957
2023-05-25,0050,30.762500762939453,28.29878807067871
2023-05-26,0050,31.487499237060547,28.965723037719727
2023-05-29,0050,31.6875,29.149707794189453
2023-05-30,0050,31.6875,29.149707794189453
2023-05-31,0050,31.537500381469727,29.01171875
2023-06-01,0050,31.287500381469727,28.781742095947266
2023-06-02,0050,31.6875,29.149707794189453
2023-06-05,0050,31.587499618530277,29.057714462280277
2023-06-06,0050,31.674999237060547,29.138206481933597
2023-06-07,0050,32.025001525878906,29.46017837524414
2023-06-08,0050,31.712499618530277,29.172704696655277
2023-06-09,0050,31.950000762939453,29.391185760498047
2023-06-12,0050,32.25,29.66715431213379
2023-06-13,0050,32.88750076293945,30.25359916687012
2023-06-14,0050,32.875,30.24210357666016
2023-06-15,0050,32.974998474121094,30.334095001220703
2023-06-16,0050,32.88750076293945,30.25359916687012
2023-06-19,0050,32.8125,30.184608459472656
2023-06-20,0050,32.63750076293945,30.023624420166016
2023-06-21,0050,32.63750076293945,30.023624420166016
2023-06-26,0050,32.4375,29.839637756347656
2023-06-27,0050,32.224998474121094,29.64415740966797
2023-06-28,0050,32.275001525878906,29.69015312194824
2023-06-29,0050,32.26250076293945,29.67865562438965
2023-06-30,0050,32.275001525878906,29.69015312194824
2023-07-03,0050,32.67499923706055,30.0581169128418
2023-07-04,0050,32.75,30.127111434936523
2023-07-05,0050,32.70000076293945,30.081117630004883
2023-07-06,0050,31.975000381469727,29.414182662963867
2023-07-07,0050,31.924999237060547,29.36818504333496
2023-07-10,0050,31.862499237060547,29.310688018798828
2023-07-11,0050,32.29999923706055,29.71315193176269
2023-07-12,0050,32.36249923706055,29.770648956298828
2023-07-13,0050,32.724998474121094,30.10411262512207
2023-07-14,0050,33.0625,30.41458511352539
2023-07-17,0050,33.0,30.357091903686523
2023-07-18,0050,32.462501525878906,30.298757553100582
2023-07-19,0050,32.1875,30.042085647583008
2023-07-20,0050,32.337501525878906,30.18208885192871
2023-07-21,0050,31.799999237060547,29.68041229248047
2023-07-24,0050,31.8125,29.692081451416016
2023-07-25,0050,32.212501525878906,30.0654239654541
2023-07-26,0050,32.125,29.98375129699707
2023-07-27,0050,32.375,30.21708869934082
2023-07-28,0050,32.375,30.21708869934082
2023-07-31,0050,32.20000076293945,30.05375289916992
2023-08-01,0050,32.36249923706055,30.205419540405277
2023-08-02,0050,31.962499618530277,29.83208465576172
2023-08-04,0050,31.8125,29.692081451416016
2023-08-07,0050,32.125,29.98375129699707
2023-08-08,0050,31.75,29.63374710083008
2023-08-09,0050,31.799999237060547,29.68041229248047
2023-08-10,0050,31.600000381469727,29.49374389648437
2023-08-11,0050,31.575000762939453,29.47041130065918
2023-08-14,0050,31.125,29.050405502319336
2023-08-15,0050,31.174999237060547,29.09707260131836
2023-08-16,0050,31.012500762939453,28.94540405273437
2023-08-17,0050,31.149999618530277,29.07373809814453
2023-08-18,0050,30.962499618530277,28.89873695373535
2023-08-21,0050,30.75,28.70039939880371
2023-08-22,0050,31.0,28.933738708496094
2023-08-23,0050,31.212499618530277,29.13207244873047
2023-08-24,0050,31.75,29.63374710083008
2023-08-25,0050,31.137500762939453,29.06207275390625
2023-08-28,0050,31.337499618530277,29.248741149902344
2023-08-29,0050,31.512500762939453,29.412078857421875
2023-08-30,0050,31.649999618530277,29.5404109954834
2023-08-31,0050,31.424999237060547,29.330406188964844
2023-09-01,0050,31.475000381469727,29.377077102661133
2023-09-04,0050,31.6875,29.57541275024414
2023-09-05,0050,31.612499237060547,29.505409240722656
2023-09-06,0050,31.5,29.40041160583496
2023-09-07,0050,31.212499618530277,29.13207244873047
2023-09-08,0050,31.075000762939453,29.003738403320312
2023-09-11,0050,30.950000762939453,28.88706970214844
2023-09-12,0050,31.262500762939453,29.178741455078125
2023-09-13,0050,31.299999237060547,29.2137393951416
2023-09-14,0050,31.737499237060547,29.622079849243164
2023-09-15,0050,31.837499618530277,29.71541404724121
2023-09-18,0050,31.5,29.40041160583496
2023-09-19,0050,31.362499237060547,29.27207565307617
2023-09-20,0050,31.1875,29.108739852905277
2023-09-21,0050,30.6875,28.642066955566406
2023-09-22,0050,30.662500381469727,28.618732452392575
2023-09-25,0050,30.887500762939453,28.828737258911133
2023-09-26,0050,30.524999618530277,28.49039649963379
2023-09-27,0050,30.537500381469727,28.502063751220703
2023-09-28,0050,30.662500381469727,28.618732452392575
2023-10-02,0050,31.0625,28.9920711517334
2023-10-03,0050,30.875,28.817068099975582
2023-10-04,0050,30.475000381469727,28.4437313079834
2023-10-05,0050,30.912500381469727,28.852069854736328
2023-10-06,0050,31.024999618530277,28.957069396972656
2023-10-11,0050,31.5625,29.458744049072266
2023-10-12,0050,31.825000762939453,29.70375061035156
2023-10-13,0050,31.737499237060547,29.622079849243164
2023-10-16,0050,31.5625,29.458744049072266
2023-10-17,0050,31.637500762939453,29.52874755859375
2023-10-18,0050,31.200000762939453,29.120405197143555
2023-10-19,0050,31.212499618530277,29.13207244873047
2023-10-20,0050,31.350000381469727,29.260408401489254
2023-10-23,0050,30.962499618530277,28.89873695373535
2023-10-24,0050,30.987499237060547,28.922069549560547
2023-10-25,0050,31.049999237060547,28.98040580749512
2023-10-26,0050,30.4375,28.408729553222656
2023-10-27,0050,30.575000762939453,28.537065505981445
2023-10-30,0050,30.5,28.467063903808597
2023-10-31,0050,30.287500381469727,28.268728256225582
2023-11-01,0050,30.4375,28.408729553222656
2023-11-02,0050,31.125,29.050405502319336
2023-11-03,0050,31.362499237060547,29.27207565307617
2023-11-06,0050,31.637500762939453,29.52874755859375
2023-11-07,0050,31.625,29.51708030700684
2023-11-08,0050,31.799999237060547,29.68041229248047
2023-11-09,0050,31.8125,29.692081451416016
2023-11-10,0050,31.6875,29.57541275024414
2023-11-13,0050,32.17499923706055,30.030418395996094
2023-11-14,0050,32.25,30.100418090820312
2023-11-15,0050,32.63750076293945,30.462093353271484
2023-11-16,0050,32.650001525878906,30.4737606048584
2023-11-17,0050,32.75,30.56709289550781
2023-11-20,0050,32.73749923706055,30.555423736572266
2023-11-21,0050,33.13750076293945,30.92876625061035
2023-11-22,0050,32.837501525878906,30.64876365661621
2023-11-23,0050,32.82500076293945,30.63709259033203
2023-11-24,0050,32.79999923706055,30.61375999450684
2023-11-27,0050,32.587501525878906,30.415428161621094
2023-11-28,0050,32.8125,30.625429153442383
2023-11-29,0050,32.787498474121094,30.60209083557129
2023-11-30,0050,32.837501525878906,30.64876365661621
2023-12-01,0050,32.95000076293945,30.753761291503903
2023-12-04,0050,32.82500076293945,30.63709259033203
2023-12-05,0050,32.587501525878906,30.415428161621094
2023-12-06,0050,32.70000076293945,30.520427703857425
2023-12-07,0050,32.5,30.333755493164062
2023-12-08,0050,32.76250076293945,30.57876205444336
2023-12-11,0050,32.79999923706055,30.61375999450684
2023-12-12,0050,32.875,30.683761596679688
2023-12-13,0050,32.88750076293945,30.69542694091797
2023-12-14,0050,33.287498474121094,31.06876564025879
2023-12-15,0050,33.42499923706055,31.197097778320312
2023-12-18,0050,33.474998474121094,31.243764877319336
2023-12-19,0050,33.349998474121094,31.12709617614746
2023-12-20,0050,33.4375,31.208765029907227
2023-12-21,0050,33.150001525878906,30.9404354095459
2023-12-22,0050,33.23749923706055,31.022096633911133
2023-12-25,0050,33.375,31.15043258666992
2023-12-26,0050,33.5625,31.32543563842773
2023-12-27,0050,33.9375,31.675443649291992
2023-12-28,0050,33.9375,31.675443649291992
2023-12-29,0050,33.86249923706055,31.605440139770508
2024-01-02,0050,33.724998474121094,31.477100372314453
2024-01-03,0050,33.13750076293945,30.92876625061035
2024-01-04,0050,33.125,30.91709899902344
2024-01-05,0050,33.037498474121094,30.83542823791504
2024-01-08,0050,33.1875,30.975431442260746
2024-01-09,0050,33.25,31.03376579284668
2024-01-10,0050,33.07500076293945,30.87043190002441
2024-01-11,0050,33.212501525878906,30.998767852783203
2024-01-12,0050,33.162498474121094,30.95209312438965
2024-01-15,0050,33.162498474121094,30.95209312438965
2024-01-16,0050,32.912498474121094,30.718759536743164
2024-01-17,0050,31.862499237060547,30.432228088378903
2024-01-18,0050,32.07500076293945,30.63519096374512
2024-01-19,0050,33.224998474121094,31.73356437683105
2024-01-22,0050,33.45000076293945,31.94846534729004
2024-01-23,0050,33.51250076293945,32.00815963745117
2024-01-24,0050,33.5,31.996217727661133
2024-01-25,0050,33.912498474121094,32.39020156860352
2024-01-26,0050,33.912498474121094,32.39020156860352
2024-01-29,0050,34.125,32.59316635131836
2024-01-30,0050,34.037498474121094,32.50959396362305
2024-01-31,0050,33.587501525878906,32.079795837402344
2024-02-01,0050,33.587501525878906,32.079795837402344
2024-02-02,0050,33.775001525878906,32.258880615234375
2024-02-05,0050,33.98749923706055,32.46183776855469
2024-02-15,0050,35.587501525878906,33.990013122558594
2024-02-16,0050,35.32500076293945,33.73930740356445
2024-02-19,0050,35.275001525878906,33.69154739379883
2024-02-20,0050,35.412498474121094,33.822872161865234
2024-02-21,0050,35.29999923706055,33.71542739868164
2024-02-22,0050,35.70000076293945,34.097469329833984
2024-02-23,0050,35.9375,34.32430648803711
2024-02-26,0050,35.98749923706055,34.3720588684082
2024-02-27,0050,35.837501525878906,34.22879409790039
2024-02-29,0050,35.82500076293945,34.21685791015625
2024-03-01,0050,35.70000076293945,34.097469329833984
2024-03-04,0050,36.73749923706055,35.08839416503906
2024-03-05,0050,37.03749847412109,35.37492370605469
2024-03-06,0050,37.212501525878906,35.542076110839844
2024-03-07,0050,38.07500076293945,36.3658561706543
2024-03-08,0050,38.61249923706055,36.87923049926758
2024-03-11,0050,38.22499847412109,36.50911712646485
2024-03-12,0050,38.625,36.89117050170898
2024-03-13,0050,38.8125,37.07025146484375
2024-03-14,0050,38.775001525878906,37.0344352722168
2024-03-15,0050,38.25,36.53300094604492
2024-03-18,0050,38.59999847412109,36.86729049682617
2024-03-19,0050,38.51250076293945,36.78371810913086
2024-03-20,0050,38.29999923706055,36.58075714111328
2024-03-21,0050,39.34999847412109,37.5836181640625
2024-03-22,0050,39.29999923706055,37.535865783691406
2024-03-25,0050,39.375,37.60749816894531
2024-03-26,0050,39.400001525878906,37.63138198852539
2024-03-27,0050,39.41249847412109,37.643314361572266
2024-03-28,0050,39.22499847412109,37.46422958374024
2024-03-29,0050,39.45000076293945,37.67913436889648
2024-04-01,0050,39.34999847412109,37.5836181640625
2024-04-02,0050,39.91249847412109,38.120872497558594
2024-04-03,0050,39.63750076293945,37.85821533203125
2024-04-08,0050,39.86249923706055,38.07311630249024
2024-04-09,0050,40.8125,38.98047256469727
2024-04-10,0050,40.75,38.920780181884766
2024-04-11,0050,40.625,38.801387786865234
2024-04-12,0050,40.525001525878906,38.70587921142578
2024-04-15,0050,40.0,38.20444488525391
2024-04-16,0050,38.91249847412109,37.16575622558594
2024-04-17,0050,39.34999847412109,37.5836181640625
2024-04-18,0050,39.73749923706055,37.95372772216797
2024-04-19,0050,37.72499847412109,36.03156661987305
2024-04-22,0050,37.61249923706055,35.92411804199219
2024-04-23,0050,37.97499847412109,36.27034378051758
2024-04-24,0050,39.087501525878906,37.33291244506836
2024-04-25,0050,38.375,36.65239334106445
2024-04-26,0050,39.0,37.24933624267578
2024-04-29,0050,39.70000076293945,37.91791534423828
2024-04-30,0050,39.5625,37.786582946777344
2024-05-02,0050,39.03749847412109,37.28514862060547
2024-05-03,0050,39.23749923706055,37.476173400878906
2024-05-06,0050,39.79999923706055,38.01342391967773
2024-05-07,0050,40.025001525878906,38.22832489013672
2024-05-08,0050,40.17499923706055,38.37158966064453
2024-05-09,0050,40.125,38.323829650878906
2024-05-10,0050,40.41249847412109,38.598426818847656
2024-05-13,0050,40.82500076293945,38.99241256713867
2024-05-14,0050,41.09999847412109,39.25506591796875
2024-05-15,0050,41.66249847412109,39.79231643676758
2024-05-16,0050,41.86249923706055,39.98333740234375
2024-05-17,0050,41.8125,39.93558120727539
2024-05-20,0050,41.79999923706055,39.923641204833984
2024-05-21,0050,41.75,39.875885009765625
2024-05-22,0050,42.5,40.59222030639648
2024-05-23,0050,42.82500076293945,40.90264129638672
2024-05-24,0050,42.650001525878906,40.7354850769043
2024-05-27,0050,43.23749923706055,41.2966194152832
2024-05-28,0050,43.29999923706055,41.3563117980957
2024-05-29,0050,42.712501525878906,40.79518508911133
2024-05-30,0050,41.97499847412109,40.09078979492188
2024-05-31,0050,41.5,39.63711166381836
2024-06-03,0050,42.38750076293945,40.48477935791016
2024-06-04,0050,41.712501525878906,39.84007263183594
2024-06-05,0050,42.11249923706055,40.22211456298828
2024-06-06,0050,43.54999923706055,41.59508895874024
2024-06-07,0050,43.212501525878906,41.272743225097656
2024-06-11,0050,43.32500076293945,41.38018798828125
2024-06-12,0050,44.09999847412109,42.120399475097656
2024-06-13,0050,44.73749923706055,42.729286193847656
2024-06-14,0050,45.0,42.97999954223633
2024-06-17,0050,45.0,42.97999954223633
2024-06-18,0050,45.75,43.69633102416992
2024-06-19,0050,46.98749923706055,44.8782844543457
2024-06-20,0050,47.4375,45.30808639526367
2024-06-21,0050,47.150001525878906,45.03348922729492
2024-06-24,0050,46.0,43.93511199951172
2024-06-25,0050,45.97499847412109,43.91122817993164
2024-06-26,0050,46.337501525878906,44.25746536254883
2024-06-27,0050,46.32500076293945,44.24552917480469
2024-06-28,0050,46.61249923706055,44.52012252807617
2024-07-01,0050,46.650001525878906,44.555931091308594
2024-07-02,0050,46.337501525878906,44.25746536254883
2024-07-03,0050,46.900001525878906,44.79471206665039
2024-07-04,0050,48.125,45.964725494384766
2024-07-05,0050,47.95000076293945,45.79758071899414
2024-07-08,0050,49.462501525878906,47.242183685302734
2024-07-09,0050,49.41249847412109,47.194427490234375
2024-07-10,0050,49.587501525878906,47.361576080322266
2024-07-11,0050,50.6875,48.412200927734375
2024-07-12,0050,49.087501525878906,46.88401794433594
2024-07-15,0050,49.17499923706055,46.96759033203125
2024-07-16,0050,49.212501525878906,47.24358749389648
2024-07-17,0050,48.525001525878906,46.58359146118164
2024-07-18,0050,47.650001525878906,45.74360275268555
2024-07-19,0050,46.5625,44.69960784912109
2024-07-22,0050,45.17499923706055,43.367618560791016
2024-07-23,0050,46.57500076293945,44.71160888671875
2024-07-26,0050,44.75,42.95962524414063
2024-07-29,0050,45.150001525878906,43.34362411499024
2024-07-30,0050,45.150001525878906,43.34362411499024
2024-07-31,0050,45.212501525878906,43.403621673583984
2024-08-01,0050,46.0,44.159610748291016
2024-08-02,0050,43.67499923706055,41.92762756347656
2024-08-05,0050,39.6875,38.09966659545898
2024-08-06,0050,41.875,40.19964599609375
2024-08-07,0050,43.53749847412109,41.795631408691406
2024-08-08,0050,42.63750076293945,40.93164443969727
2024-08-09,0050,43.962501525878906,42.20363235473633
2024-08-12,0050,44.51250076293945,42.73162460327149
2024-08-13,0050,44.625,42.83962631225586
2024-08-14,0050,45.1875,43.37961959838867
2024-08-15,0050,44.837501525878906,43.04362487792969
2024-08-16,0050,45.84999847412109,44.0156135559082
2024-08-19,0050,45.91249847412109,44.07561492919922
2024-08-20,0050,45.9375,44.09961318969727
2024-08-21,0050,45.45000076293945,43.63161849975586
2024-08-22,0050,45.212501525878906,43.403621673583984
2024-08-23,0050,45.23749923706055,43.42761993408203
2024-08-26,0050,45.3125,43.49961853027344
2024-08-27,0050,45.11249923706055,43.30762100219727
2024-08-28,0050,45.75,43.91961288452149
2024-08-29,0050,45.125,43.31962203979492
2024-08-30,0050,45.337501525878906,43.52362060546875
2024-09-02,0050,45.212501525878906,43.403621673583984
2024-09-03,0050,45.01250076293945,43.21162414550781
2024-09-04,0050,42.8125,41.09964370727539
2024-09-05,0050,43.07500076293945,41.35163879394531
2024-09-06,0050,43.6875,41.93963241577149
2024-09-09,0050,43.01250076293945,41.2916374206543
2024-09-10,0050,43.087501525878906,41.36363983154297
2024-09-11,0050,42.962501525878906,41.2436408996582
2024-09-12,0050,44.57500076293945,42.791622161865234
2024-09-13,0050,44.59999847412109,42.81562423706055
2024-09-16,0050,44.6875,42.89962768554688
2024-09-18,0050,44.462501525878906,42.683631896972656
2024-09-19,0050,45.03749847412109,43.235618591308594
2024-09-20,0050,45.61249923706055,43.78761672973633
2024-09-23,0050,45.8125,43.9796142578125
2024-09-24,0050,46.25,44.39960861206055
2024-09-25,0050,46.9375,45.05960464477539
2024-09-26,0050,47.32500076293945,45.431602478027344
2024-09-27,0050,47.22499847412109,45.33560180664063
2024-09-30,0050,45.98749923706055,44.14761734008789
2024-10-01,0050,45.900001525878906,44.06361770629883
2024-10-04,0050,45.900001525878906,44.06361770629883
2024-10-07,0050,47.03749847412109,45.15560531616211
2024-10-08,0050,46.8125,44.93960952758789
2024-10-09,0050,47.25,45.35960388183594
2024-10-11,0050,48.03749847412109,46.11559295654297
2024-10-14,0050,48.07500076293945,46.1515998840332
2024-10-15,0050,49.09999847412109,47.13558578491211
2024-10-16,0050,48.25,46.31959533691406
2024-10-17,0050,48.32500076293945,46.391597747802734
2024-10-18,0050,49.525001525878906,47.54358673095703
2024-10-21,0050,49.51250076293945,47.531585693359375
2024-10-22,0050,49.32500076293945,47.3515853881836
2024-10-23,0050,49.0,47.039588928222656
2024-10-24,0050,48.70000076293945,46.75159454345703
2024-10-25,0050,49.09999847412109,47.13558578491211
2024-10-28,0050,49.01250076293945,47.05158233642578
2024-10-29,0050,47.875,45.959598541259766
2024-10-30,0050,47.95000076293945,46.03160095214844
2024-11-01,0050,47.625,45.71959686279297
2024-11-04,0050,48.23749923706055,46.307594299316406
2024-11-05,0050,48.41249847412109,46.47559356689453
2024-11-06,0050,48.79999923706055,46.84758377075195
2024-11-07,0050,49.36249923706055,47.38758087158203
2024-11-08,0050,49.75,47.75958251953125
2024-11-11,0050,49.775001525878906,47.7835807800293
2024-11-12,0050,48.5,46.5595932006836
2024-11-13,0050,48.1875,46.25959014892578
2024-11-14,0050,47.75,45.83959579467773
2024-11-15,0050,48.087501525878906,46.1635971069336
2024-11-18,0050,47.41249847412109,45.515602111816406
2024-11-19,0050,48.0625,46.13959503173828
2024-11-20,0050,47.86249923706055,45.94759750366211
2024-11-21,0050,47.337501525878906,45.443603515625
2024-11-22,0050,48.26250076293945,46.33159637451172
2024-11-25,0050,48.087501525878906,46.1635971069336
2024-11-26,0050,47.462501525878906,45.563602447509766
2024-11-27,0050,46.775001525878906,44.90360641479492
2024-11-28,0050,46.70000076293945,44.83160781860352
2024-11-29,0050,46.8125,44.93960952758789
2024-12-02,0050,47.92499923706055,46.00759506225586
2024-12-03,0050,48.57500076293945,46.631591796875
2024-12-04,0050,48.86249923706055,46.90758514404297
2024-12-05,0050,49.125,47.15958786010742
2024-12-06,0050,48.9375,46.97958755493164
2024-12-09,0050,49.0,47.039588928222656
2024-12-10,0050,48.650001525878906,46.703590393066406
2024-12-11,0050,48.22499847412109,46.29559326171875
2024-12-12,0050,48.78749847412109,46.83558654785156
2024-12-13,0050,48.82500076293945,46.8715934753418
2024-12-16,0050,49.025001525878906,47.06359100341797
2024-12-17,0050,49.275001525878906,47.30358505249024
2024-12-18,0050,49.275001525878906,47.30358505249024
2024-12-19,0050,48.59999847412109,46.65559005737305
2024-12-20,0050,48.150001525878906,46.223594665527344
2024-12-23,0050,49.3125,47.3395881652832
2024-12-24,0050,49.45000076293945,47.47158432006836
2024-12-25,0050,49.59999847412109,47.61558532714844
2024-12-26,0050,49.5625,47.57958221435547
2024-12-27,0050,49.72499847412109,47.7355842590332
2024-12-30,0050,49.45000076293945,47.47158432006836
2024-12-31,0050,48.9375,46.97958755493164
2025-01-02,0050,48.51250076293945,46.57159423828125
2025-01-03,0050,49.0,47.039588928222656
2025-01-06,0050,50.53749847412109,48.515567779541016
2025-01-07,0050,51.09999847412109,49.05556869506836
2025-01-08,0050,50.337501525878906,48.32358169555664
2025-01-09,0050,49.76250076293945,47.771583557128906
2025-01-10,0050,49.75,47.75958251953125
2025-01-13,0050,48.59999847412109,46.65559005737305
2025-01-14,0050,48.900001525878906,46.9435920715332
2025-01-15,0050,48.525001525878906,46.58359146118164
2025-01-16,0050,49.51250076293945,47.531585693359375
2025-01-17,0050,49.07500076293945,47.762733459472656
2025-01-20,0050,49.57500076293945,48.24936294555664
2025-01-21,0050,49.67499923706055,48.34668731689453
2025-01-22,0050,50.32500076293945,48.97930908203125
2025-02-03,0050,48.17499923706055,46.88679504394531
2025-02-04,0050,48.462501525878906,47.16661071777344
2025-02-05,0050,49.20000076293945,47.8843879699707
2025-02-06,0050,49.41249847412109,48.09120559692383
2025-02-07,0050,49.63750076293945,48.3101921081543
2025-02-10,0050,49.07500076293945,47.762733459472656
2025-02-11,0050,49.375,48.05471420288086
2025-02-12,0050,49.29999923706055,47.98171615600586
2025-02-13,0050,49.087501525878906,47.77489471435547
2025-02-14,0050,48.5,47.20310974121094
2025-02-17,0050,49.23749923706055,47.9208869934082
2025-02-18,0050,49.41249847412109,48.09120559692383
2025-02-19,0050,49.32500076293945,48.006046295166016
2025-02-20,0050,49.13750076293945,47.82356262207031
2025-02-21,0050,49.48749923706055,48.16419982910156
2025-02-24,0050,49.04999923706055,47.738399505615234
2025-02-25,0050,48.41249847412109,47.11794662475586
2025-02-26,0050,48.67499923706055,47.37342834472656
2025-02-27,0050,48.125,46.838138580322266
2025-03-03,0050,47.01250076293945,45.7553825378418
2025-03-04,0050,46.70000076293945,45.45124053955078
2025-03-05,0050,47.3125,46.047359466552734
2025-03-06,0050,47.025001525878906,45.76755142211914
2025-03-07,0050,46.587501525878906,45.34174728393555
2025-03-10,0050,46.3125,45.074100494384766
2025-03-11,0050,45.5,44.283329010009766
2025-03-12,0050,45.70000076293945,44.47798156738281
2025-03-13,0050,45.275001525878906,44.0643424987793
2025-03-14,0050,45.125,43.91835403442383
2025-03-17,0050,45.51250076293945,44.29549407958984
2025-03-18,0050,45.70000076293945,44.47798156738281
2025-03-19,0050,45.13750076293945,43.93052291870117
2025-03-20,0050,46.11249923706055,44.87944793701172
2025-03-21,0050,45.73749923706055,44.51447677612305
2025-03-24,0050,45.6875,44.46581268310547
2025-03-25,0050,46.16249847412109,44.9281120300293
2025-03-26,0050,46.125,44.89161682128906
2025-03-27,0050,45.25,44.04001235961914
2025-03-28,0050,44.79999923706055,43.602046966552734
2025-03-31,0050,43.1875,42.03266143798828
2025-04-01,0050,44.07500076293945,42.89643478393555
2025-04-02,0050,44.0,42.82344055175781
2025-04-07,0050,39.59999847412109,38.54109191894531
2025-04-08,0050,38.3125,37.28802490234375
2025-04-09,0050,36.54999923706055,35.57264709472656
2025-04-10,0050,40.20000076293945,39.12504959106445
2025-04-11,0050,41.13750076293945,40.03748321533203
2025-04-14,0050,40.92499923706055,39.83066177368164
2025-04-15,0050,41.337501525878906,40.23213195800781
2025-04-16,0050,40.587501525878906,39.50219345092773
2025-04-17,0050,40.13750076293945,39.06422424316406
2025-04-18,0050,40.22499847412109,39.149375915527344
2025-04-21,0050,39.650001525878906,38.58975982666016
2025-04-22,0050,38.98749923706055,37.944969177246094
2025-04-23,0050,40.712501525878906,39.62384796142578
2025-04-24,0050,40.47499847412109,39.392696380615234
2025-04-25,0050,41.4375,40.3294563293457
2025-04-28,0050,41.78749847412109,40.67009735107422
2025-04-29,0050,41.95000076293945,40.82825469970703
2025-04-30,0050,42.150001525878906,41.022911071777344
2025-05-02,0050,43.375,42.21514892578125
2025-05-05,0050,42.98749923706055,41.838008880615234
2025-05-06,0050,42.75,41.60686492919922
2025-05-07,0050,42.587501525878906,41.44871139526367
2025-05-08,0050,43.150001525878906,41.99617004394531
2025-05-09,0050,43.6875,42.519290924072266
2025-05-12,0050,44.17499923706055,42.99375534057617
2025-05-13,0050,44.712501525878906,43.51688766479492
2025-05-14,0050,45.72499847412109,44.5023078918457
2025-05-15,0050,45.625,44.40498352050781
2025-05-16,0050,45.75,44.526641845703125
2025-05-19,0050,45.11249923706055,43.90618896484375
2025-05-20,0050,45.20000076293945,43.99134826660156
2025-05-21,0050,45.900001525878906,44.672630310058594
2025-05-22,0050,45.400001525878906,44.18600463867188
2025-05-23,0050,45.212501525878906,44.003517150878906
2025-05-26,0050,45.16249847412109,43.95485305786133
2025-05-27,0050,44.76250076293945,43.5655517578125
2025-05-28,0050,44.837501525878906,43.63854598999024
2025-05-29,0050,44.9375,43.73586654663086
2025-06-02,0050,43.97499847412109,42.79910659790039
2025-06-03,0050,44.28749847412109,43.103248596191406
2025-06-04,0050,45.32500076293945,44.11301040649414
2025-06-05,0050,45.41249847412109,44.19816207885742
2025-06-06,0050,45.48749923706055,44.27115631103516
2025-06-09,0050,45.92499923706055,44.696964263916016
2025-06-10,0050,47.16249847412109,45.90137100219727
2025-06-11,0050,47.16249847412109,45.90137100219727
2025-06-12,0050,47.16249847412109,45.90137100219727
2025-06-13,0050,47.16249847412109,45.90137100219727
2025-06-16,0050,47.16249847412109,45.90137100219727
2025-06-17,0050,47.16249847412109,45.90137100219727
2025-06-18,0050,47.56999969482422,46.297977447509766
2025-06-19,0050,47.09999847412109,45.84054183959961
2025-06-20,0050,47.02999877929688,45.77241516113281
2025-06-23,0050,46.63999938964844,45.39284133911133
2025-06-24,0050,47.4900016784668,46.22011184692383
2025-06-25,0050,48.18000030517578,46.89166259765625
2025-06-26,0050,48.2400016784668,46.9500617980957
2025-06-27,0050,48.290000915527344,46.998722076416016
2025-06-30,0050,48.36000061035156,47.06684875488281
2025-07-01,0050,48.63999938964844,47.33936309814453
2025-07-02,0050,48.650001525878906,47.349098205566406
2025-07-03,0050,49.31999969482422,48.00117874145508
2025-07-04,0050,48.86000061035156,47.5534782409668
2025-07-07,0050,48.56999969482422,47.27123641967773
2025-07-08,0050,48.34999847412109,47.0571174621582
2025-07-09,0050,48.84999847412109,47.54374694824219
2025-07-10,0050,49.40999984741211,48.088775634765625
2025-07-11,0050,49.619998931884766,48.293155670166016
2025-07-14,0050,49.33000183105469,48.01091384887695
2025-07-15,0050,50.0,48.66299819946289
2025-07-16,0050,50.400001525878906,49.05230331420898
2025-07-17,0050,50.70000076293945,49.34428024291992
2025-07-18,0050,51.45000076293945,50.07422637939453
2025-07-21,0050,50.900001525878906,49.88800430297852
2025-07-22,0050,50.54999923706055,49.54496383666992
2025-07-23,0050,50.70000076293945,49.69198226928711
2025-07-24,0050,51.0,49.98601531982422
2025-07-25,0050,50.900001525878906,49.88800430297852
2025-07-28,0050,51.04999923706055,50.03501892089844
2025-07-29,0050,50.45000076293945,49.44694900512695
2025-07-30,0050,51.0,49.98601531982422
2025-07-31,0050,51.54999923706055,50.52507781982422
2025-08-01,0050,51.09999847412109,50.08402633666992
2025-08-04,0050,50.79999923706055,49.78998947143555
2025-08-05,0050,51.45000076293945,50.42707061767578
2025-08-06,0050,51.0,49.98601531982422
2025-08-07,0050,52.45000076293945,51.40718460083008
2025-08-08,0050,52.45000076293945,51.40718460083008
2025-08-11,0050,52.84999847412109,51.79923248291016
2025-08-12,0050,52.900001525878906,51.848243713378906
2025-08-13,0050,53.34999847412109,52.28929138183594
2025-08-14,0050,53.150001525878906,52.09326934814453
2025-08-15,0050,53.150001525878906,52.09326934814453
2025-08-18,0050,53.29999923706055,52.24028396606445
2025-08-19,0050,53.20000076293945,52.142276763916016
2025-08-20,0050,51.70000076293945,50.672096252441406
2025-08-21,0050,52.0,50.96613311767578
2025-08-22,0050,51.75,50.72110366821289
2025-08-25,0050,52.70000076293945,51.65221786499024
2025-08-26,0050,52.75,51.70122146606445
2025-08-27,0050,53.0,51.946250915527344
2025-08-28,0050,52.5,51.45619201660156
2025-08-29,0050,52.5,51.45619201660156
2025-09-01,0050,52.0,50.96613311767578
2025-09-02,0050,52.0,50.96613311767578
2025-09-03,0050,51.95000076293945,50.91712951660156
2025-09-04,0050,52.29999923706055,51.26016616821289
2025-09-05,0050,52.84999847412109,51.79923248291016
2025-09-08,0050,53.34999847412109,52.28929138183594
2025-09-09,0050,53.900001525878906,52.8283576965332
2025-09-10,0050,54.95000076293945,53.85747909545898
2025-09-11,0050,55.45000076293945,54.347537994384766
2025-09-12,0050,56.0,54.88660430908203
2025-09-15,0050,56.0,54.88660430908203
2025-09-16,0050,56.75,55.6216926574707
2025-09-17,0050,56.34999847412109,55.22964096069336
2025-09-18,0050,56.95000076293945,55.817718505859375
2025-09-19,0050,57.0,55.8667221069336
2025-09-22,0050,57.400001525878906,56.25877380371094
2025-09-23,0050,58.45000076293945,57.28789520263672
2025-09-24,0050,58.400001525878906,57.238887786865234
2025-09-25,0050,58.20000076293945,57.04286575317383
2025-09-26,0050,57.25,56.11175155639648
2025-09-30,0050,57.79999923706055,56.65081405639648
2025-10-01,0050,58.09999847412109,56.94485092163086
2025-10-02,0050,59.20000076293945,58.02298355102539
2025-10-03,0050,60.04999923706055,58.856082916259766
2025-10-07,0050,61.70000076293945,60.4732780456543
2025-10-08,0050,61.150001525878906,59.9342155456543
2025-10-09,0050,61.59999847412109,60.37526321411133
2025-10-13,0050,61.0,59.78719711303711
2025-10-14,0050,60.70000076293945,59.49315643310547
2025-10-15,0050,61.79999923706055,60.571285247802734
2025-10-16,0050,63.0,61.74743270874024
2025-10-17,0050,62.04999923706055,60.81631851196289
2025-10-20,0050,63.09999847412109,61.84543991088867
2025-10-21,0050,63.20000076293945,61.943450927734375
2025-10-22,0050,62.70000076293945,61.45339584350586
2025-10-23,0050,62.34999847412109,61.1103515625
2025-10-27,0050,63.79999923706055,62.531524658203125
2025-10-28,0050,63.34999847412109,62.09046936035156
2025-10-29,0050,64.4000015258789,63.11959457397461
2025-10-30,0050,64.4000015258789,63.11959457397461
2025-10-31,0050,64.75,63.46263885498047
2025-11-03,0050,64.1500015258789,62.87456512451172
2025-11-04,0050,63.95000076293945,62.67854309082031
2025-11-05,0050,63.150001525878906,61.89445114135742
2025-11-06,0050,63.29999923706055,62.041465759277344
2025-11-07,0050,62.54999923706055,61.30637741088867
2025-11-10,0050,63.34999847412109,62.09046936035156
2025-11-11,0050,62.900001525878906,61.64941787719727
2025-11-12,0050,63.20000076293945,61.943450927734375
2025-11-13,0050,62.900001525878906,61.64941787719727
2025-11-14,0050,61.70000076293945,60.4732780456543
2025-11-17,0050,61.900001525878906,60.66930389404297
2025-11-18,0050,60.45000076293945,59.24813079833984
2025-11-19,0050,60.04999923706055,58.856082916259766
2025-11-20,0050,61.900001525878906,60.66930389404297
2025-11-21,0050,59.84999847412109,58.66005706787109
2025-11-24,0050,59.54999923706055,58.366024017333984
2025-11-25,0050,60.34999847412109,59.15011596679688
2025-11-26,0050,61.34999847412109,60.13023376464844
2025-11-27,0050,61.900001525878906,60.66930389404297
2025-11-28,0050,62.34999847412109,61.1103515625
2025-12-01,0050,61.5,60.277252197265625
2025-12-02,0050,61.70000076293945,60.4732780456543
2025-12-03,0050,62.29999923706055,61.06134414672852
2025-12-04,0050,62.20000076293945,60.96333694458008
2025-12-05,0050,62.75,61.50239944458008
2025-12-08,0050,63.70000076293945,62.43351364135742
2025-12-09,0050,63.59999847412109,62.33549880981445
2025-12-10,0050,64.05000305175781,62.77655792236328
2025-12-11,0050,63.34999847412109,62.09046936035156
2025-12-12,0050,63.45000076293945,62.18848419189453
2025-12-15,0050,62.79999923706055,61.55140686035156
2025-12-16,0050,62.25,61.01234436035156
2025-12-17,0050,61.900001525878906,60.66930389404297
2025-12-18,0050,61.900001525878906,60.66930389404297
2025-12-19,0050,62.5,61.25736999511719
2025-12-22,0050,63.400001525878906,62.13947677612305
2025-12-23,0050,63.70000076293945,62.43351364135742
2025-12-24,0050,63.84999847412109,62.580528259277344
2025-12-26,0050,64.4000015258789,63.11959457397461
2025-12-29,0050,65.25,63.95269775390625
2025-12-30,0050,65.1500015258789,63.85468673706055
2025-12-31,0050,65.5999984741211,64.29573822021484
2026-01-02,0050,66.94999694824219,65.618896484375
2026-01-05,0050,69.5,68.11819458007812
2026-01-06,0050,70.4000015258789,69.00030517578125
2026-01-07,0050,69.8499984741211,68.46123504638672
2026-01-08,0050,70.0999984741211,68.70626831054688
2026-01-09,0050,69.8499984741211,68.46123504638672
2026-01-12,0050,70.3499984741211,68.9512939453125
2026-01-13,0050,70.69999694824219,69.2943344116211
2026-01-14,0050,70.75,69.34334564208984
2026-01-15,0050,70.6500015258789,69.2453384399414
2026-01-16,0050,72.0,70.56848907470703
2026-01-19,0050,72.5999984741211,71.15656280517578
2026-01-20,0050,72.5999984741211,71.15656280517578
2026-01-21,0050,71.8499984741211,70.42147064208984
2026-01-22,0050,71.80000305175781,71.36573028564453
2026-01-23,0050,72.25,71.81300354003906
2026-01-26,0050,72.25,71.81300354003906
2026-01-27,0050,73.05000305175781,72.60816955566406
2026-01-28,0050,74.19999694824219,73.75120544433594
2026-01-29,0050,73.75,73.3039321899414
2026-01-30,0050,72.5999984741211,72.160888671875
2026-02-02,0050,71.5,71.06754302978516
2026-02-03,0050,72.94999694824219,72.5087661743164
2026-02-04,0050,72.9000015258789,72.45907592773438
2026-02-05,0050,72.0,71.56451416015625
2026-02-06,0050,71.9000015258789,71.46512603759766
2026-02-09,0050,73.94999694824219,73.50271606445312
2026-02-10,0050,75.5,75.04335021972656
2026-02-11,0050,77.19999694824219,76.73306274414062
2026-02-23,0050,77.4000015258789,76.93185424804688
2026-02-24,0050,79.4000015258789,78.91976165771484
2026-02-25,0050,81.0999984741211,80.6094741821289
2026-02-26,0050,81.1500015258789,80.65917205810547
2026-03-02,0050,80.3499984741211,79.864013671875
2026-03-03,0050,78.75,78.27368927001953
2026-03-04,0050,75.5999984741211,75.14273834228516
2026-03-05,0050,77.4000015258789,76.93185424804688
2026-03-06,0050,76.8499984741211,76.38517761230469
2026-03-09,0050,73.5999984741211,73.15483856201172
2026-03-10,0050,75.19999694824219,74.74515533447266
2026-03-11,0050,78.19999694824219,77.72701263427734
2026-03-12,0050,76.5999984741211,76.1366958618164
2026-03-13,0050,75.94999694824219,75.4906234741211
2026-03-16,0050,75.5999984741211,75.14273834228516
2026-03-17,0050,76.6500015258789,76.18639373779297
2026-03-18,0050,77.80000305175781,77.32943725585938
2026-03-19,0050,76.0,75.54032135009766
2026-03-20,0050,75.9000015258789,75.44092559814453
2026-03-23,0050,74.25,73.80091094970703
2026-03-24,0050,74.4000015258789,73.95000457763672
2026-03-25,0050,76.19999694824219,75.7391128540039
2026-03-26,0050,75.80000305175781,75.34153747558594
2026-03-27,0050,75.0,74.54637145996094
2026-03-30,0050,73.9000015258789,73.4530258178711
2026-03-31,0050,72.3499984741211,71.91239929199219
2026-04-01,0050,75.44999694824219,74.99364471435547
2026-04-02,0050,73.94999694824219,73.50271606445312
2026-04-07,0050,75.30000305175781,74.84455871582031
2026-04-08,0050,79.19999694824219,78.72096252441406
2026-04-09,0050,79.1500015258789,78.67127227783203
2026-04-10,0050,80.75,80.2615966796875
2026-04-13,0050,80.5999984741211,80.11249542236328
2026-04-14,0050,83.0999984741211,82.59738159179688
2026-04-15,0050,84.1500015258789,83.64102935791016
2026-04-16,0050,85.0,84.48588562011719
2026-04-17,0050,84.1500015258789,83.64102935791016
2026-04-20,0050,84.55000305175781,84.03861236572266
2026-04-21,0050,86.0,85.4798355102539
2026-04-22,0050,86.3499984741211,85.82772064208984
2026-04-23,0050,86.3499984741211,85.82772064208984
2026-04-24,0050,89.94999694824219,89.40594482421875
2026-04-27,0050,93.0,92.4375
2026-04-28,0050,92.0,91.44355010986328
2026-04-29,0050,90.75,90.20111083984376
2026-04-30,0050,90.5,89.95262145996094
2026-05-04,0050,94.5999984741211,94.02782440185548
2026-05-05,0050,94.5999984741211,94.02782440185548
2026-05-06,0050,95.75,95.17086791992188
2026-05-07,0050,97.6999969482422,97.10906982421876
2026-05-08,0050,97.0,96.4133071899414
2026-05-11,0050,96.9000015258789,96.31391143798828
2026-05-12,0050,96.8499984741211,96.26421356201172
2026-05-13,0050,95.5,94.92237854003906
2026-05-14,0050,96.0500030517578,95.46905517578124
2026-05-15,0050,95.4000015258789,94.82298278808594
2026-05-18,0050,94.9000015258789,94.32601165771484
2026-05-19,0050,93.0999984741211,92.53689575195312
2026-05-20,0050,92.5,91.94052124023438
2026-05-21,0050,95.8499984741211,95.270263671875
2026-05-22,0050,97.3000030517578,96.71149444580078
2026-05-25,0050,100.8000030517578,100.19032287597656
2026-05-26,0050,100.0999984741211,99.49455261230467
2026-05-27,0050,102.5500030517578,101.92974090576172
2026-05-28,0050,100.5,99.8921356201172
2026-05-29,0050,105.4000015258789,104.76250457763672
2026-06-01,0050,105.5,104.86189270019533
2026-06-02,0050,105.6999969482422,105.06068420410156
2026-06-03,0050,107.5999984741211,106.9491958618164
2026-06-04,0050,106.0999984741211,105.45826721191406
2026-06-05,0050,104.1500015258789,103.5200653076172
2026-06-08,0050,100.9499969482422,100.33941650390624
2026-06-09,0050,103.5,102.87399291992188
2026-06-10,0050,100.25,99.64364624023438
2026-06-11,0050,99.8499984741211,99.2460708618164
2026-06-12,0050,101.9499969482422,101.33336639404295
2026-06-15,0050,105.25,104.61341094970705
2026-06-16,0050,105.9000015258789,105.2594757080078
2026-06-17,0050,106.0,105.35887145996094
2026-06-18,0050,107.3000030517578,106.65100860595705
2026-06-22,0050,111.1500015258789,110.47772216796876
2026-06-23,0050,110.0999984741211,109.43407440185548
2026-06-24,0050,107.1500015258789,106.50191497802734
2026-06-25,0050,107.1999969482422,106.5516128540039
2026-06-26,0050,103.0999984741211,102.47640991210938
2026-06-29,0050,104.4499969482422,103.81824493408205
2026-06-30,0050,107.8000030517578,107.14798736572266
2026-07-01,0050,109.3499984741211,108.68860626220705
2026-07-02,0050,108.8000030517578,108.14193725585938
2026-07-03,0050,108.3499984741211,107.69465637207033
2026-07-06,0050,108.25,107.5952606201172
2026-07-07,0050,106.1999969482422,105.55765533447266
2026-07-08,0050,106.0500030517578,105.4085693359375
2026-07-09,0050,105.8000030517578,105.16008758544922
2026-07-10,0050,105.8000030517578,105.16008758544922
2026-07-13,0050,106.0,105.35887145996094
2026-07-14,0050,104.4000015258789,103.76854705810548
2026-07-15,0050,106.3000030517578,105.65705871582033
2026-07-16,0050,106.4000015258789,105.75645446777344
2026-07-17,0050,100.1500015258789,99.54425811767578
2026-07-20,0050,99.1999969482422,98.5999984741211
2026-07-21,0050,102.5,102.5
2026-07-22,0050,103.8499984741211,103.8499984741211
2026-07-23,0050,103.9000015258789,103.9000015258789
2026-07-24,0050,101.6999969482422,101.6999969482422
2026-07-27,0050,101.4499969482422,101.4499969482422
2026-07-28,0050,97.1500015258789,97.1500015258789
2026-07-29,0050,93.6999969482422,93.6999969482422
2026-07-30,0050,93.5,93.5
2026-07-31,0050,102.8499984741211,102.8499984741211
2026-08-03,0050,102.0,102.0
2026-08-04,0050,100.6500015258789,100.6500015258789
2026-08-05,0050,103.8000030517578,103.8000030517578
2026-08-06,0050,103.3000030517578,103.3000030517578
2026-08-07,0050,102.8499984741211,102.8499984741211
2026-08-10,0050,104.25,104.25
2026-08-11,0050,104.5999984741211,104.5999984741211
2026-08-12,0050,105.1999969482422,105.1999969482422
2026-08-13,0050,106.6999969482422,106.6999969482422
2026-08-14,0050,106.4000015258789,106.4000015258789
2026-08-17,0050,106.4499969482422,106.4499969482422
2026-08-18,0050,104.9000015258789,104.9000015258789
2026-08-19,0050,103.0999984741211,103.0999984741211
2026-08-20,0050,103.8000030517578,103.8000030517578
2026-08-21,0050,104.6500015258789,104.6500015258789
2026-08-24,0050,103.8000030517578,103.8000030517578
2026-08-25,0050,104.4000015258789,104.4000015258789
2026-08-26,0050,105.9000015258789,105.9000015258789
2026-08-27,0050,106.0500030517578,106.0500030517578
2026-08-28,0050,106.9499969482422,106.9499969482422
2026-08-31,0050,106.25,106.25
2026-09-01,0050,108.4499969482422,108.4499969482422
2026-09-02,0050,106.8000030517578,106.8000030517578
2026-09-03,0050,106.1999969482422,106.1999969482422
2026-09-04,0050,107.9000015258789,107.9000015258789
2026-09-07,0050,109.9000015258789,109.9000015258789
2026-09-08,0050,109.6500015258789,109.6500015258789
2026-09-09,0050,109.6500015258789,109.6500015258789
2026-09-10,0050,109.1500015258789,109.1500015258789
2026-09-11,0050,107.6999969482422,107.6999969482422
2026-09-14,0050,106.9000015258789,106.9000015258789
2026-09-15,0050,106.25,106.25
2026-09-16,0050,106.9000015258789,106.9000015258789
2026-09-17,0050,108.0500030517578,108.0500030517578
2026-09-18,0050,109.8499984741211,109.8499984741211
2026-09-21,0050,111.3499984741211,111.3499984741211
2026-09-23,0050,112.4499969482422,112.4499969482422
2014-10-31,00631L,20.200000762939453,20.200000762939453
2014-11-03,00631L,20.36000061035156,20.36000061035156
2014-11-04,00631L,20.46999931335449,20.46999931335449
2014-11-05,00631L,20.299999237060547,20.299999237060547
2014-11-06,00631L,20.01000022888184,20.01000022888184
2014-11-07,00631L,20.1299991607666,20.1299991607666
2014-11-10,00631L,20.739999771118164,20.739999771118164
2014-11-11,00631L,20.690000534057617,20.690000534057617
2014-11-12,00631L,20.100000381469727,20.100000381469727
2014-11-13,00631L,20.299999237060547,20.299999237060547
2014-11-14,00631L,20.31999969482422,20.31999969482422
2014-11-17,00631L,20.059999465942383,20.059999465942383
2014-11-18,00631L,19.899999618530277,19.899999618530277
2014-11-19,00631L,20.3799991607666,20.3799991607666
2014-11-20,00631L,20.90999984741211,20.90999984741211
2014-11-21,00631L,19.479999542236328,19.479999542236328
2014-11-24,00631L,19.46999931335449,19.46999931335449
2014-11-25,00631L,19.450000762939453,19.450000762939453
2014-11-26,00631L,19.479999542236328,19.479999542236328
2014-11-27,00631L,19.32999992370605,19.32999992370605
2014-11-28,00631L,19.34000015258789,19.34000015258789
2014-12-01,00631L,19.450000762939453,19.450000762939453
2014-12-02,00631L,19.6200008392334,19.6200008392334
2014-12-03,00631L,19.34000015258789,19.34000015258789
2014-12-04,00631L,19.26000022888184,19.26000022888184
2014-12-05,00631L,19.270000457763672,19.270000457763672
2014-12-08,00631L,19.299999237060547,19.299999237060547
2014-12-09,00631L,19.399999618530277,19.399999618530277
2014-12-10,00631L,19.649999618530277,19.649999618530277
2014-12-11,00631L,19.65999984741211,19.65999984741211
2014-12-12,00631L,19.649999618530277,19.649999618530277
2014-12-15,00631L,19.65999984741211,19.65999984741211
2014-12-16,00631L,19.739999771118164,19.739999771118164
2014-12-17,00631L,19.90999984741211,19.90999984741211
2014-12-18,00631L,19.950000762939453,19.950000762939453
2014-12-19,00631L,19.59000015258789,19.59000015258789
2014-12-22,00631L,19.43000030517578,19.43000030517578
2014-12-23,00631L,19.3799991607666,19.3799991607666
2014-12-24,00631L,19.270000457763672,19.270000457763672
2014-12-25,00631L,19.270000457763672,19.270000457763672
2014-12-26,00631L,19.200000762939453,19.200000762939453
2014-12-29,00631L,18.979999542236328,18.979999542236328
2014-12-30,00631L,19.059999465942383,19.059999465942383
2014-12-31,00631L,19.049999237060547,19.049999237060547
2015-01-05,00631L,0.8690900206565857,0.8690900206565857
2015-01-06,00631L,0.8877300024032593,0.8877300024032593
2015-01-07,00631L,0.8859099745750427,0.8859099745750427
2015-01-08,00631L,0.8690900206565857,0.8690900206565857
2015-01-09,00631L,0.8713600039482117,0.8713600039482117
2015-01-12,00631L,0.875,0.875
2015-01-13,00631L,0.8709099888801575,0.8709099888801575
2015-01-14,00631L,0.8759099841117859,0.8759099841117859
2015-01-15,00631L,0.8759099841117859,0.8759099841117859
2015-01-16,00631L,0.881820023059845,0.881820023059845
2015-01-19,00631L,0.8777300119400024,0.8777300119400024
2015-01-20,00631L,0.8690900206565857,0.8690900206565857
2015-01-21,00631L,0.8650000095367432,0.8650000095367432
2015-01-22,00631L,0.8586400151252747,0.8586400151252747
2015-01-23,00631L,0.8500000238418579,0.8500000238418579
2015-01-26,00631L,0.8504499793052673,0.8504499793052673
2015-01-27,00631L,0.8454499840736389,0.8454499840736389
2015-01-28,00631L,0.8450000286102295,0.8450000286102295
2015-01-29,00631L,0.8522700071334839,0.8522700071334839
2015-01-30,00631L,0.8554499745368958,0.8554499745368958
2015-02-02,00631L,0.8554499745368958,0.8554499745368958
2015-02-03,00631L,0.8504499793052673,0.8504499793052673
2015-02-04,00631L,0.8454499840736389,0.8454499840736389
2015-02-05,00631L,0.7713599801063538,0.7713599801063538
2015-02-06,00631L,0.8495500087738037,0.8495500087738037
2015-02-09,00631L,0.851360023021698,0.851360023021698
2015-02-10,00631L,0.8531799912452698,0.8531799912452698
2015-02-11,00631L,0.8468199968338013,0.8468199968338013
2015-02-12,00631L,0.8481799960136414,0.8481799960136414
2015-02-13,00631L,0.8445500135421753,0.8445500135421753
2015-02-24,00631L,0.8359100222587585,0.8359100222587585
2015-02-25,00631L,0.8309100270271301,0.8309100270271301
2015-02-26,00631L,0.8336399793624878,0.8336399793624878
2015-03-02,00631L,0.8359100222587585,0.8359100222587585
2015-03-03,00631L,0.836359977722168,0.836359977722168
2015-03-04,00631L,0.8368200063705444,0.8368200063705444
2015-03-05,00631L,0.8372700214385986,0.8372700214385986
2015-03-06,00631L,0.836359977722168,0.836359977722168
2015-03-09,00631L,0.8395500183105469,0.8395500183105469
2015-03-10,00631L,0.8436400294303894,0.8436400294303894
2015-03-11,00631L,0.8450000286102295,0.8450000286102295
2015-03-12,00631L,0.8386399745941162,0.8386399745941162
2015-03-13,00631L,0.8395500183105469,0.8395500183105469
2015-03-16,00631L,0.842270016670227,0.842270016670227
2015-03-17,00631L,0.8418200016021729,0.8418200016021729
2015-03-18,00631L,0.8359100222587585,0.8359100222587585
2015-03-19,00631L,0.8268200159072876,0.8268200159072876
2015-03-20,00631L,0.8263599872589111,0.8263599872589111
2015-03-23,00631L,0.8263599872589111,0.8263599872589111
2015-03-24,00631L,0.8290899991989136,0.8290899991989136
2015-03-25,00631L,0.8309100270271301,0.8309100270271301
2015-03-26,00631L,0.8372700214385986,0.8372700214385986
2015-03-27,00631L,0.8436400294303894,0.8436400294303894
2015-03-30,00631L,0.8427299857139587,0.8427299857139587
2015-03-31,00631L,0.8399999737739563,0.8399999737739563
2015-04-01,00631L,0.8459100127220154,0.8459100127220154
2015-04-02,00631L,0.8368200063705444,0.8368200063705444
2015-04-07,00631L,0.834089994430542,0.834089994430542
2015-04-08,00631L,0.8399999737739563,0.8399999737739563
2015-04-09,00631L,0.8395500183105469,0.8395500183105469
2015-04-10,00631L,0.8359100222587585,0.8359100222587585
2015-04-13,00631L,0.8327299952507019,0.8327299952507019
2015-04-14,00631L,0.834089994430542,0.834089994430542
2015-04-15,00631L,0.842270016670227,0.842270016670227
2015-04-16,00631L,0.8349999785423279,0.8349999785423279
2015-04-17,00631L,0.8390899896621704,0.8390899896621704
2015-04-20,00631L,0.8404499888420105,0.8404499888420105
2015-04-21,00631L,0.8413599729537964,0.8413599729537964
2015-04-22,00631L,0.8349999785423279,0.8349999785423279
2015-04-23,00631L,0.8168200254440308,0.8168200254440308
2015-04-24,00631L,0.81045001745224,0.81045001745224
2015-04-27,00631L,0.8022699952125549,0.8022699952125549
2015-04-28,00631L,0.8050000071525574,0.8050000071525574
2015-04-29,00631L,0.8100000023841858,0.8100000023841858
2015-04-30,00631L,0.8127300143241882,0.8127300143241882
2015-05-04,00631L,0.8113600015640259,0.8113600015640259
2015-05-05,00631L,0.8149999976158142,0.8149999976158142
2015-05-06,00631L,0.8131800293922424,0.8131800293922424
2015-05-07,00631L,0.8213599920272827,0.8213599920272827
2015-05-08,00631L,0.8227300047874451,0.8227300047874451
2015-05-11,00631L,0.8245499730110168,0.8245499730110168
2015-05-12,00631L,0.824999988079071,0.824999988079071
2015-05-13,00631L,0.823639988899231,0.823639988899231
2015-05-14,00631L,0.8331800103187561,0.8331800103187561
2015-05-15,00631L,0.8381800055503845,0.8381800055503845
2015-05-18,00631L,0.836359977722168,0.836359977722168
2015-05-19,00631L,0.8259099721908569,0.8259099721908569
2015-05-20,00631L,0.8277300000190735,0.8277300000190735
2015-05-21,00631L,0.8386399745941162,0.8386399745941162
2015-05-22,00631L,0.834089994430542,0.834089994430542
2015-05-25,00631L,0.8345500230789185,0.8345500230789185
2015-05-26,00631L,0.8304499983787537,0.8304499983787537
2015-05-27,00631L,0.827269971370697,0.827269971370697
2015-05-28,00631L,0.824999988079071,0.824999988079071
2015-05-29,00631L,0.8254500031471252,0.8254500031471252
2015-06-01,00631L,0.8327299952507019,0.8327299952507019
2015-06-02,00631L,0.8345500230789185,0.8345500230789185
2015-06-03,00631L,0.840910017490387,0.840910017490387
2015-06-04,00631L,0.8595499992370605,0.8595499992370605
2015-06-05,00631L,0.8586400151252747,0.8586400151252747
2015-06-08,00631L,0.8550000190734863,0.8550000190734863
2015-06-09,00631L,0.8668199777603149,0.8668199777603149
2015-06-10,00631L,0.860450029373169,0.860450029373169
2015-06-11,00631L,0.860450029373169,0.860450029373169
2015-06-12,00631L,0.8627300262451172,0.8627300262451172
2015-06-15,00631L,0.8663600087165833,0.8663600087165833
2015-06-16,00631L,0.8731799721717834,0.8731799721717834
2015-06-17,00631L,0.8700000047683716,0.8700000047683716
2015-06-18,00631L,0.8686400055885315,0.8686400055885315
2015-06-22,00631L,0.8568199872970581,0.8568199872970581
2015-06-23,00631L,0.8527299761772156,0.8527299761772156
2015-06-24,00631L,0.8536400198936462,0.8536400198936462
2015-06-25,00631L,0.8445500135421753,0.8445500135421753
2015-06-26,00631L,0.8454499840736389,0.8454499840736389
2015-06-29,00631L,0.864549994468689,0.864549994468689
2015-06-30,00631L,0.857729971408844,0.857729971408844
2015-07-01,00631L,0.8495500087738037,0.8495500087738037
2015-07-02,00631L,0.8490899801254272,0.8490899801254272
2015-07-03,00631L,0.8477299809455872,0.8477299809455872
2015-07-06,00631L,0.8540899753570557,0.8540899753570557
2015-07-07,00631L,0.8522700071334839,0.8522700071334839
2015-07-08,00631L,0.8781800270080566,0.8781800270080566
2015-07-09,00631L,0.881820023059845,0.881820023059845
2015-07-10,00631L,0.881820023059845,0.881820023059845
2015-07-13,00631L,0.8700000047683716,0.8700000047683716
2015-07-14,00631L,0.8713600039482117,0.8713600039482117
2015-07-15,00631L,0.8709099888801575,0.8709099888801575
2015-07-16,00631L,0.8672699928283691,0.8672699928283691
2015-07-17,00631L,0.8686400055885315,0.8686400055885315
2015-07-20,00631L,0.8745499849319458,0.8745499849319458
2015-07-21,00631L,0.8700000047683716,0.8700000047683716
2015-07-22,00631L,0.8754500150680542,0.8754500150680542
2015-07-23,00631L,0.8822699785232544,0.8822699785232544
2015-07-24,00631L,0.8881800174713135,0.8881800174713135
2015-07-27,00631L,0.9045500159263612,0.9045500159263612
2015-07-28,00631L,0.9013599753379822,0.9013599753379822
2015-07-29,00631L,0.9086400270462036,0.9086400270462036
2015-07-30,00631L,0.8977299928665161,0.8977299928665161
2015-07-31,00631L,0.9036399722099304,0.9036399722099304
2015-08-03,00631L,0.9154499769210817,0.9154499769210817
2015-08-04,00631L,0.9140899777412416,0.9140899777412416
2015-08-05,00631L,0.9054499864578248,0.9054499864578248
2015-08-06,00631L,0.9177299737930298,0.9177299737930298
2015-08-07,00631L,0.9200000166893004,0.9200000166893004
2015-08-10,00631L,0.9127299785614014,0.9127299785614014
2015-08-11,00631L,0.9213600158691406,0.9213600158691406
2015-08-12,00631L,0.9300000071525574,0.9300000071525574
2015-08-13,00631L,0.9286400079727172,0.9286400079727172
2015-08-14,00631L,0.9295499920845032,0.9295499920845032
2015-08-17,00631L,0.9359099864959716,0.9359099864959716
2015-08-18,00631L,0.9431800246238708,0.9431800246238708
2015-08-19,00631L,0.9586399793624878,0.9586399793624878
2015-08-20,00631L,0.9627299904823304,0.9627299904823304
2015-08-21,00631L,0.9890900254249572,0.9890900254249572
2015-08-24,00631L,0.6563599705696106,0.6563599705696106
2015-08-25,00631L,0.709089994430542,0.709089994430542
2015-08-26,00631L,0.7168200016021729,0.7168200016021729
2015-08-27,00631L,0.7222700119018555,0.7222700119018555
2015-08-28,00631L,0.7627300024032593,0.7627300024032593
2015-08-31,00631L,0.7718200087547302,0.7718200087547302
2015-09-01,00631L,0.7563599944114685,0.7563599944114685
2015-09-02,00631L,0.7731800079345703,0.7731800079345703
2015-09-03,00631L,0.7749999761581421,0.7749999761581421
2015-09-04,00631L,0.760450005531311,0.760450005531311
2015-09-07,00631L,0.764549970626831,0.764549970626831
2015-09-08,00631L,0.764549970626831,0.764549970626831
2015-09-09,00631L,0.836359977722168,0.836359977722168
2015-09-10,00631L,0.8268200159072876,0.8268200159072876
2015-09-11,00631L,0.8309100270271301,0.8309100270271301
2015-09-14,00631L,0.824999988079071,0.824999988079071
2015-09-15,00631L,0.8199999928474426,0.8199999928474426
2015-09-16,00631L,0.8313599824905396,0.8313599824905396
2015-09-17,00631L,0.8627300262451172,0.8627300262451172
2015-09-18,00631L,0.8672699928283691,0.8672699928283691
2015-09-21,00631L,0.827269971370697,0.827269971370697
2015-09-22,00631L,0.8354499936103821,0.8354499936103821
2015-09-23,00631L,0.8036400079727173,0.8036400079727173
2015-09-24,00631L,0.7936400175094604,0.7936400175094604
2015-09-25,00631L,0.7972699999809265,0.7972699999809265
2015-09-29,00631L,0.7972699999809265,0.7972699999809265
2015-09-30,00631L,0.8031799793243408,0.8031799793243408
2015-10-01,00631L,0.8309100270271301,0.8309100270271301
2015-10-02,00631L,0.8259099721908569,0.8259099721908569
2015-10-05,00631L,0.831820011138916,0.831820011138916
2015-10-06,00631L,0.8436400294303894,0.8436400294303894
2015-10-07,00631L,0.868179976940155,0.868179976940155
2015-10-08,00631L,0.857729971408844,0.857729971408844
2015-10-12,00631L,0.8863599896430969,0.8863599896430969
2015-10-13,00631L,0.881820023059845,0.881820023059845
2015-10-14,00631L,0.8745499849319458,0.8745499849319458
2015-10-15,00631L,0.8954499959945679,0.8954499959945679
2015-10-16,00631L,0.8918200135231018,0.8918200135231018
2015-10-19,00631L,0.8940899968147278,0.8940899968147278
2015-10-20,00631L,0.898639976978302,0.898639976978302
2015-10-21,00631L,0.8881800174713135,0.8881800174713135
2015-10-22,00631L,0.8909100294113159,0.8909100294113159
2015-10-23,00631L,0.9045500159263612,0.9045500159263612
2015-10-26,00631L,0.918179988861084,0.918179988861084
2015-10-27,00631L,0.9072700142860411,0.9072700142860411
2015-10-28,00631L,0.8995500206947327,0.8995500206947327
2015-10-29,00631L,0.885450005531311,0.885450005531311
2015-10-30,00631L,0.8845499753952026,0.8845499753952026
2015-11-02,00631L,0.885450005531311,0.885450005531311
2015-11-03,00631L,0.9131799936294556,0.9131799936294556
2015-11-04,00631L,0.9468200206756592,0.9468200206756592
2015-11-05,00631L,0.9459099769592284,0.9459099769592284
2015-11-06,00631L,0.9109100103378296,0.9109100103378296
2015-11-09,00631L,0.8945500254631042,0.8945500254631042
2015-11-10,00631L,0.8759099841117859,0.8759099841117859
2015-11-11,00631L,0.8545500040054321,0.8545500040054321
2015-11-12,00631L,0.8559100031852722,0.8559100031852722
2015-11-13,00631L,0.8377299904823303,0.8377299904823303
2015-11-16,00631L,0.827269971370697,0.827269971370697
2015-11-17,00631L,0.8554499745368958,0.8554499745368958
2015-11-18,00631L,0.8327299952507019,0.8327299952507019
2015-11-19,00631L,0.8540899753570557,0.8540899753570557
2015-11-20,00631L,0.8540899753570557,0.8540899753570557
2015-11-23,00631L,0.860450029373169,0.860450029373169
2015-11-24,00631L,0.8454499840736389,0.8454499840736389
2015-11-25,00631L,0.842270016670227,0.842270016670227
2015-11-26,00631L,0.8663600087165833,0.8663600087165833
2015-11-27,00631L,0.8468199968338013,0.8468199968338013
2015-11-30,00631L,0.8222699761390686,0.8222699761390686
2015-12-01,00631L,0.8527299761772156,0.8527299761772156
2015-12-02,00631L,0.8563600182533264,0.8563600182533264
2015-12-03,00631L,0.8590899705886841,0.8590899705886841
2015-12-04,00631L,0.8431800007820129,0.8431800007820129
2015-12-07,00631L,0.8586400151252747,0.8586400151252747
2015-12-08,00631L,0.8349999785423279,0.8349999785423279
2015-12-09,00631L,0.8168200254440308,0.8168200254440308
2015-12-10,00631L,0.8059099912643433,0.8059099912643433
2015-12-11,00631L,0.7845500111579895,0.7845500111579895
2015-12-14,00631L,0.7763599753379822,0.7763599753379822
2015-12-15,00631L,0.7786399722099304,0.7786399722099304
2015-12-16,00631L,0.800000011920929,0.800000011920929
2015-12-17,00631L,0.8204500079154968,0.8204500079154968
2015-12-18,00631L,0.8140900135040283,0.8140900135040283
2015-12-21,00631L,0.8168200254440308,0.8168200254440308
2015-12-22,00631L,0.8149999976158142,0.8149999976158142
2015-12-23,00631L,0.8204500079154968,0.8204500079154968
2015-12-24,00631L,0.8263599872589111,0.8263599872589111
2015-12-25,00631L,0.8345500230789185,0.8345500230789185
2015-12-28,00631L,0.8354499936103821,0.8354499936103821
2015-12-29,00631L,0.8199999928474426,0.8199999928474426
2015-12-30,00631L,0.8127300143241882,0.8127300143241882
2015-12-31,00631L,0.8168200254440308,0.8168200254440308
2016-01-04,00631L,0.7813599705696106,0.7813599705696106
2016-01-05,00631L,0.7699999809265137,0.7699999809265137
2016-01-06,00631L,0.7559099793434143,0.7559099793434143
2016-01-07,00631L,0.7281799912452698,0.7281799912452698
2016-01-08,00631L,0.7372699975967407,0.7372699975967407
2016-01-11,00631L,0.7140899896621704,0.7140899896621704
2016-01-12,00631L,0.7081800103187561,0.7081800103187561
2016-01-13,00631L,0.7222700119018555,0.7222700119018555
2016-01-14,00631L,0.7081800103187561,0.7081800103187561
2016-01-15,00631L,0.7004500031471252,0.7004500031471252
2016-01-18,00631L,0.7254499793052673,0.7254499793052673
2016-01-19,00631L,0.7318199872970581,0.7318199872970581
2016-01-20,00631L,0.6886399984359741,0.6886399984359741
2016-01-21,00631L,0.6922699809074402,0.6922699809074402
2016-01-22,00631L,0.711359977722168,0.711359977722168
2016-01-25,00631L,0.7359099984169006,0.7359099984169006
2016-01-26,00631L,0.7236400246620178,0.7236400246620178
2016-01-27,00631L,0.7268199920654297,0.7268199920654297
2016-01-28,00631L,0.735450029373169,0.735450029373169
2016-01-29,00631L,0.7690899968147278,0.7690899968147278
2016-01-30,00631L,0.7940899729728699,0.7940899729728699
2016-02-01,00631L,0.7850000262260437,0.7850000262260437
2016-02-02,00631L,0.7818199992179871,0.7818199992179871
2016-02-03,00631L,0.7713599801063538,0.7713599801063538
2016-02-15,00631L,0.7740899920463562,0.7740899920463562
2016-02-16,00631L,0.8068199753761292,0.8068199753761292
2016-02-17,00631L,0.8004500269889832,0.8004500269889832
2016-02-18,00631L,0.8190900087356567,0.8190900087356567
2016-02-19,00631L,0.8227300047874451,0.8227300047874451
2016-02-22,00631L,0.823639988899231,0.823639988899231
2016-02-23,00631L,0.8209099769592285,0.8209099769592285
2016-02-24,00631L,0.8100000023841858,0.8100000023841858
2016-02-25,00631L,0.831820011138916,0.831820011138916
2016-02-26,00631L,0.8354499936103821,0.8354499936103821
2016-03-01,00631L,0.8545500040054321,0.8545500040054321
2016-03-02,00631L,0.865909993648529,0.865909993648529
2016-03-03,00631L,0.8795499801635742,0.8795499801635742
2016-03-04,00631L,0.885450005531311,0.885450005531311
2016-03-07,00631L,0.885450005531311,0.885450005531311
2016-03-08,00631L,0.885450005531311,0.885450005531311
2016-03-09,00631L,0.885450005531311,0.885450005531311
2016-03-10,00631L,0.8899999856948853,0.8899999856948853
2016-03-11,00631L,0.9040899872779846,0.9040899872779846
2016-03-14,00631L,0.9154499769210817,0.9154499769210817
2016-03-15,00631L,0.8804500102996826,0.8804500102996826
2016-03-16,00631L,0.8972700238227844,0.8972700238227844
2016-03-17,00631L,0.9104499816894532,0.9104499816894532
2016-03-18,00631L,0.9272699952125548,0.9272699952125548
2016-03-21,00631L,0.925000011920929,0.925000011920929
2016-03-22,00631L,0.915910005569458,0.915910005569458
2016-03-23,00631L,0.915910005569458,0.915910005569458
2016-03-24,00631L,0.917270004749298,0.917270004749298
2016-03-25,00631L,0.909089982509613,0.909089982509613
2016-03-28,00631L,0.909089982509613,0.909089982509613
2016-03-29,00631L,0.8936399817466736,0.8936399817466736
2016-03-30,00631L,0.922730028629303,0.922730028629303
2016-03-31,00631L,0.9200000166893004,0.9200000166893004
2016-04-01,00631L,0.8990899920463562,0.8990899920463562
2016-04-06,00631L,0.8654500246047974,0.8654500246047974
2016-04-07,00631L,0.8559100031852722,0.8559100031852722
2016-04-08,00631L,0.865909993648529,0.865909993648529
2016-04-11,00631L,0.8754500150680542,0.8754500150680542
2016-04-12,00631L,0.872730016708374,0.872730016708374
2016-04-13,00631L,0.9027299880981444,0.9027299880981444
2016-04-14,00631L,0.9068199992179872,0.9068199992179872
2016-04-15,00631L,0.913640022277832,0.913640022277832
2016-04-18,00631L,0.9022700190544128,0.9022700190544128
2016-04-19,00631L,0.8940899968147278,0.8940899968147278
2016-04-20,00631L,0.8650000095367432,0.8650000095367432
2016-04-21,00631L,0.8768200278282166,0.8768200278282166
2016-04-22,00631L,0.8768200278282166,0.8768200278282166
2016-04-25,00631L,0.8827300071716309,0.8827300071716309
2016-04-26,00631L,0.8899999856948853,0.8899999856948853
2016-04-27,00631L,0.8886399865150452,0.8886399865150452
2016-04-28,00631L,0.8581799864768982,0.8581799864768982
2016-04-29,00631L,0.8381800055503845,0.8381800055503845
2016-05-03,00631L,0.8227300047874451,0.8227300047874451
2016-05-04,00631L,0.800000011920929,0.800000011920929
2016-05-05,00631L,0.8027300238609314,0.8027300238609314
2016-05-06,00631L,0.7922700047492981,0.7922700047492981
2016-05-09,00631L,0.790910005569458,0.790910005569458
2016-05-10,00631L,0.8004500269889832,0.8004500269889832
2016-05-11,00631L,0.793179988861084,0.793179988861084
2016-05-12,00631L,0.7904499769210815,0.7904499769210815
2016-05-13,00631L,0.7727299928665161,0.7727299928665161
2016-05-16,00631L,0.7831799983978271,0.7831799983978271
2016-05-17,00631L,0.7981799840927124,0.7981799840927124
2016-05-18,00631L,0.79544997215271,0.79544997215271
2016-05-19,00631L,0.7845500111579895,0.7845500111579895
2016-05-20,00631L,0.7959100008010864,0.7959100008010864
2016-05-23,00631L,0.8427299857139587,0.8427299857139587
2016-05-24,00631L,0.831820011138916,0.831820011138916
2016-05-25,00631L,0.8509100079536438,0.8509100079536438
2016-05-26,00631L,0.8500000238418579,0.8500000238418579
2016-05-27,00631L,0.8631799817085266,0.8631799817085266
2016-05-30,00631L,0.8768200278282166,0.8768200278282166
2016-05-31,00631L,0.875,0.875
2016-06-01,00631L,0.8904500007629395,0.8904500007629395
2016-06-02,00631L,0.8831800222396851,0.8831800222396851
2016-06-03,00631L,0.8881800174713135,0.8881800174713135
2016-06-04,00631L,0.8945500254631042,0.8945500254631042
2016-06-06,00631L,0.8918200135231018,0.8918200135231018
2016-06-07,00631L,0.9122700095176696,0.9122700095176696
2016-06-08,00631L,0.9218199849128724,0.9218199849128724
2016-06-13,00631L,0.8777300119400024,0.8777300119400024
2016-06-14,00631L,0.889549970626831,0.889549970626831
2016-06-15,00631L,0.8968200087547302,0.8968200087547302
2016-06-16,00631L,0.8690900206565857,0.8690900206565857
2016-06-17,00631L,0.8913599848747253,0.8913599848747253
2016-06-20,00631L,0.9068199992179872,0.9068199992179872
2016-06-21,00631L,0.917270004749298,0.917270004749298
2016-06-22,00631L,0.9163600206375122,0.9163600206375122
2016-06-23,00631L,0.9163600206375122,0.9163600206375122
2016-06-24,00631L,0.8595499992370605,0.8595499992370605
2016-06-27,00631L,0.8790900111198425,0.8790900111198425
2016-06-28,00631L,0.8881800174713135,0.8881800174713135
2016-06-29,00631L,0.9022700190544128,0.9022700190544128
2016-06-30,00631L,0.9218199849128724,0.9218199849128724
2016-07-01,00631L,0.9422699809074402,0.9422699809074402
2016-07-04,00631L,0.9459099769592284,0.9459099769592284
2016-07-05,00631L,0.9418200254440308,0.9418200254440308
2016-07-06,00631L,0.9049999713897704,0.9049999713897704
2016-07-07,00631L,0.9277300238609314,0.9277300238609314
2016-07-11,00631L,0.9649999737739564,0.9649999737739564
2016-07-12,00631L,0.9781799912452698,0.9781799912452698
2016-07-13,00631L,0.9800000190734864,0.9800000190734864
2016-07-14,00631L,0.984089970588684,0.984089970588684
2016-07-15,00631L,1.0077300071716309,1.0077300071716309
2016-07-18,00631L,1.0277299880981443,1.0277299880981443
2016-07-19,00631L,1.0368200540542605,1.0368200540542605
2016-07-20,00631L,1.0281800031661987,1.0281800031661987
2016-07-21,00631L,1.0499999523162842,1.0499999523162842
2016-07-22,00631L,1.041820049285889,1.041820049285889
2016-07-25,00631L,1.0290900468826294,1.0290900468826294
2016-07-26,00631L,1.0436400175094604,1.0436400175094604
2016-07-27,00631L,1.0527299642562866,1.0527299642562866
2016-07-28,00631L,1.0554499626159668,1.0554499626159668
2016-07-29,00631L,1.040910005569458,1.040910005569458
2016-08-01,00631L,1.0627299547195437,1.0627299547195437
2016-08-02,00631L,1.061360001564026,1.061360001564026
2016-08-03,00631L,1.0427299737930298,1.0427299737930298
2016-08-04,00631L,1.0459100008010864,1.0459100008010864
2016-08-05,00631L,1.070449948310852,1.070449948310852
2016-08-08,00631L,1.081820011138916,1.081820011138916
2016-08-09,00631L,1.0895500183105469,1.0895500183105469
2016-08-10,00631L,1.0972700119018557,1.0972700119018557
2016-08-11,00631L,1.0772700309753418,1.0772700309753418
2016-08-12,00631L,1.087730050086975,1.087730050086975
2016-08-15,00631L,1.0881799459457395,1.0881799459457395
2016-08-16,00631L,1.0768200159072876,1.0768200159072876
2016-08-17,00631L,1.0754499435424805,1.0754499435424805
2016-08-18,00631L,1.0809099674224854,1.0809099674224854
2016-08-19,00631L,1.0590900182724,1.0590900182724
2016-08-22,00631L,1.0413600206375122,1.0413600206375122
2016-08-23,00631L,1.0659099817276,1.0659099817276
2016-08-24,00631L,1.0595500469207764,1.0595500469207764
2016-08-25,00631L,1.0822700262069702,1.0822700262069702
2016-08-26,00631L,1.087730050086975,1.087730050086975
2016-08-29,00631L,1.078179955482483,1.078179955482483
2016-08-30,00631L,1.0804500579833984,1.0804500579833984
2016-08-31,00631L,1.0654499530792236,1.0654499530792236
2016-09-01,00631L,1.0549999475479126,1.0549999475479126
2016-09-02,00631L,1.0518200397491455,1.0518200397491455
2016-09-05,00631L,1.086359977722168,1.086359977722168
2016-09-06,00631L,1.1036399602890017,1.1036399602890017
2016-09-07,00631L,1.1340899467468262,1.1340899467468262
2016-09-08,00631L,1.1295499801635742,1.1295499801635742
2016-09-09,00631L,1.0990899801254272,1.0990899801254272
2016-09-10,00631L,1.0595500469207764,1.0595500469207764
2016-09-12,00631L,1.0486400127410889,1.0486400127410889
2016-09-13,00631L,1.043179988861084,1.043179988861084
2016-09-14,00631L,1.0368200540542605,1.0368200540542605
2016-09-19,00631L,1.1050000190734863,1.1050000190734863
2016-09-20,00631L,1.1027300357818604,1.1027300357818604
2016-09-21,00631L,1.1136399507522583,1.1136399507522583
2016-09-22,00631L,1.121359944343567,1.121359944343567
2016-09-23,00631L,1.1359100341796875,1.1359100341796875
2016-09-26,00631L,1.1122699975967407,1.1122699975967407
2016-09-27,00631L,1.1122699975967407,1.1122699975967407
2016-09-28,00631L,1.1122699975967407,1.1122699975967407
2016-09-29,00631L,1.1427299976348877,1.1427299976348877
2016-09-30,00631L,1.1172699928283691,1.1172699928283691
2016-10-03,00631L,1.1231800317764282,1.1231800317764282
2016-10-04,00631L,1.1390899419784546,1.1390899419784546
2016-10-05,00631L,1.1349999904632568,1.1349999904632568
2016-10-06,00631L,1.1372699737548828,1.1372699737548828
2016-10-07,00631L,1.1377300024032593,1.1377300024032593
2016-10-11,00631L,1.1236399412155151,1.1236399412155151
2016-10-12,00631L,1.1468199491500854,1.1468199491500854
2016-10-13,00631L,1.1281800270080566,1.1281800270080566
2016-10-14,00631L,1.122730016708374,1.122730016708374
2016-10-17,00631L,1.1218199729919434,1.1218199729919434
2016-10-18,00631L,1.1349999904632568,1.1349999904632568
2016-10-19,00631L,1.1481800079345703,1.1481800079345703
2016-10-20,00631L,1.1568200588226318,1.1568200588226318
2016-10-21,00631L,1.1559100151062012,1.1559100151062012
2016-10-24,00631L,1.1627299785614014,1.1627299785614014
2016-10-25,00631L,1.182270050048828,1.182270050048828
2016-10-26,00631L,1.1709100008010864,1.1709100008010864
2016-10-27,00631L,1.1572699546813965,1.1572699546813965
2016-10-28,00631L,1.1554499864578247,1.1554499864578247
2016-10-31,00631L,1.157729983329773,1.157729983329773
2016-11-01,00631L,1.1549999713897705,1.1549999713897705
2016-11-02,00631L,1.122730016708374,1.122730016708374
2016-11-03,00631L,1.1095499992370603,1.1095499992370603
2016-11-04,00631L,1.1027300357818604,1.1027300357818604
2016-11-07,00631L,1.135450005531311,1.135450005531311
2016-11-08,00631L,1.1436400413513184,1.1436400413513184
2016-11-09,00631L,1.0718200206756592,1.0718200206756592
2016-11-10,00631L,1.1318199634552002,1.1318199634552002
2016-11-11,00631L,1.0750000476837158,1.0750000476837158
2016-11-14,00631L,1.0718200206756592,1.0718200206756592
2016-11-15,00631L,1.0713599920272827,1.0713599920272827
2016-11-16,00631L,1.078179955482483,1.078179955482483
2016-11-17,00631L,1.0772700309753418,1.0772700309753418
2016-11-18,00631L,1.0859099626541138,1.0859099626541138
2016-11-21,00631L,1.0886399745941162,1.0886399745941162
2016-11-22,00631L,1.1195499897003174,1.1195499897003174
2016-11-23,00631L,1.128640055656433,1.128640055656433
2016-11-24,00631L,1.1181800365447998,1.1181800365447998
2016-11-25,00631L,1.1209100484848022,1.1209100484848022
2016-11-28,00631L,1.1368199586868286,1.1368199586868286
2016-11-29,00631L,1.1336400508880615,1.1336400508880615
2016-11-30,00631L,1.1318199634552002,1.1318199634552002
2016-12-01,00631L,1.143180012702942,1.143180012702942
2016-12-02,00631L,1.1154500246047974,1.1154500246047974
2016-12-05,00631L,1.1150000095367432,1.1150000095367432
2016-12-06,00631L,1.1440900564193726,1.1440900564193726
2016-12-07,00631L,1.1440900564193726,1.1440900564193726
2016-12-08,00631L,1.1663600206375122,1.1663600206375122
2016-12-09,00631L,1.1754499673843384,1.1754499673843384
2016-12-12,00631L,1.168179988861084,1.168179988861084
2016-12-13,00631L,1.1731799840927124,1.1731799840927124
2016-12-14,00631L,1.1727299690246582,1.1727299690246582
2016-12-15,00631L,1.17044997215271,1.17044997215271
2016-12-16,00631L,1.1572699546813965,1.1572699546813965
2016-12-19,00631L,1.139549970626831,1.139549970626831
2016-12-20,00631L,1.1381800174713137,1.1381800174713137
2016-12-21,00631L,1.1349999904632568,1.1349999904632568
2016-12-22,00631L,1.109089970588684,1.109089970588684
2016-12-23,00631L,1.102270007133484,1.102270007133484
2016-12-26,00631L,1.1063599586486816,1.1063599586486816
2016-12-27,00631L,1.1072700023651123,1.1072700023651123
2016-12-28,00631L,1.1299999952316284,1.1299999952316284
2016-12-29,00631L,1.122730016708374,1.122730016708374
2016-12-30,00631L,1.1368199586868286,1.1368199586868286
2017-01-03,00631L,1.1390899419784546,1.1390899419784546
2017-01-04,00631L,1.143180012702942,1.143180012702942
2017-01-05,00631L,1.1586400270462036,1.1586400270462036
2017-01-06,00631L,1.1640900373458862,1.1640900373458862
2017-01-09,00631L,1.1586400270462036,1.1586400270462036
2017-01-10,00631L,1.157729983329773,1.157729983329773
2017-01-11,00631L,1.1586400270462036,1.1586400270462036
2017-01-12,00631L,1.1772700548171997,1.1772700548171997
2017-01-13,00631L,1.166820049285889,1.166820049285889
2017-01-16,00631L,1.1449999809265137,1.1449999809265137
2017-01-17,00631L,1.1559100151062012,1.1559100151062012
2017-01-18,00631L,1.151360034942627,1.151360034942627
2017-01-19,00631L,1.1463600397109983,1.1463600397109983
2017-01-20,00631L,1.152269959449768,1.152269959449768
2017-01-23,00631L,1.1731799840927124,1.1731799840927124
2017-01-24,00631L,1.1840900182724,1.1840900182724
2017-02-02,00631L,1.1713600158691406,1.1713600158691406
2017-02-03,00631L,1.1759099960327148,1.1759099960327148
2017-02-06,00631L,1.1918200254440308,1.1918200254440308
2017-02-07,00631L,1.195449948310852,1.195449948310852
2017-02-08,00631L,1.1945500373840332,1.1945500373840332
2017-02-09,00631L,1.2095500230789185,1.2095500230789185
2017-02-10,00631L,1.2322700023651123,1.2322700023651123
2017-02-13,00631L,1.2413599491119385,1.2413599491119385
2017-02-14,00631L,1.2459100484848022,1.2459100484848022
2017-02-15,00631L,1.2677299976348877,1.2677299976348877
2017-02-16,00631L,1.2590899467468262,1.2590899467468262
2017-02-17,00631L,1.2572699785232544,1.2572699785232544
2017-02-18,00631L,1.264549970626831,1.264549970626831
2017-02-20,00631L,1.2486399412155151,1.2486399412155151
2017-02-21,00631L,1.2527300119400024,1.2527300119400024
2017-02-22,00631L,1.2577300071716309,1.2577300071716309
2017-02-23,00631L,1.252269983291626,1.252269983291626
2017-02-24,00631L,1.2518199682235718,1.2518199682235718
2017-03-01,00631L,1.231819987297058,1.231819987297058
2017-03-02,00631L,1.231819987297058,1.231819987297058
2017-03-03,00631L,1.2186399698257446,1.2186399698257446
2017-03-06,00631L,1.2245500087738037,1.2245500087738037
2017-03-07,00631L,1.2359100580215454,1.2359100580215454
2017-03-08,00631L,1.2422699928283691,1.2422699928283691
2017-03-09,00631L,1.2181799411773682,1.2181799411773682
2017-03-10,00631L,1.2154500484466553,1.2154500484466553
2017-03-13,00631L,1.2304500341415403,1.2304500341415403
2017-03-14,00631L,1.2454500198364258,1.2454500198364258
2017-03-15,00631L,1.2422699928283691,1.2422699928283691
2017-03-16,00631L,1.2713600397109983,1.2713600397109983
2017-03-17,00631L,1.2822699546813965,1.2822699546813965
2017-03-20,00631L,1.2863600254058838,1.2863600254058838
2017-03-21,00631L,1.3059099912643433,1.3059099912643433
2017-03-22,00631L,1.2868200540542605,1.2868200540542605
2017-03-23,00631L,1.2949999570846558,1.2949999570846558
2017-03-24,00631L,1.287269949913025,1.287269949913025
2017-03-27,00631L,1.2840900421142578,1.2840900421142578
2017-03-28,00631L,1.287269949913025,1.287269949913025
2017-03-29,00631L,1.2822699546813965,1.2822699546813965
2017-03-30,00631L,1.2795499563217163,1.2795499563217163
2017-03-31,00631L,1.2722699642181396,1.2722699642181396
2017-04-05,00631L,1.3022700548171997,1.3022700548171997
2017-04-06,00631L,1.2895499467849731,1.2895499467849731
2017-04-07,00631L,1.2804499864578247,1.2804499864578247
2017-04-10,00631L,1.2818200588226318,1.2818200588226318
2017-04-11,00631L,1.2722699642181396,1.2722699642181396
2017-04-12,00631L,1.2718199491500854,1.2718199491500854
2017-04-13,00631L,1.282729983329773,1.282729983329773
2017-04-14,00631L,1.2540899515151978,1.2540899515151978
2017-04-17,00631L,1.2563600540161133,1.2563600540161133
2017-04-18,00631L,1.2549999952316284,1.2549999952316284
2017-04-19,00631L,1.2300000190734863,1.2300000190734863
2017-04-20,00631L,1.2313599586486816,1.2313599586486816
2017-04-21,00631L,1.2513600587844849,1.2513600587844849
2017-04-24,00631L,1.2568199634552002,1.2568199634552002
2017-04-25,00631L,1.2818200588226318,1.2818200588226318
2017-04-26,00631L,1.288640022277832,1.288640022277832
2017-04-27,00631L,1.2854499816894531,1.2854499816894531
2017-04-28,00631L,1.2895499467849731,1.2895499467849731
2017-05-02,00631L,1.3118200302124023,1.3118200302124023
2017-05-03,00631L,1.318179965019226,1.318179965019226
2017-05-04,00631L,1.3209099769592283,1.3209099769592283
2017-05-05,00631L,1.3022700548171997,1.3022700548171997
2017-05-08,00631L,1.318179965019226,1.318179965019226
2017-05-09,00631L,1.3254499435424805,1.3254499435424805
2017-05-10,00631L,1.3350000381469729,1.3350000381469729
2017-05-11,00631L,1.3445500135421753,1.3445500135421753
2017-05-12,00631L,1.3386399745941162,1.3386399745941162
2017-05-15,00631L,1.3513599634170532,1.3513599634170532
2017-05-16,00631L,1.3454500436782837,1.3454500436782837
2017-05-17,00631L,1.3395500183105469,1.3395500183105469
2017-05-18,00631L,1.3309099674224854,1.3309099674224854
2017-05-19,00631L,1.328179955482483,1.328179955482483
2017-05-22,00631L,1.3345500230789185,1.3345500230789185
2017-05-23,00631L,1.3450000286102295,1.3450000286102295
2017-05-24,00631L,1.3468199968338013,1.3468199968338013
2017-05-25,00631L,1.372730016708374,1.372730016708374
2017-05-26,00631L,1.3709100484848022,1.3709100484848022
2017-05-31,00631L,1.3518199920654297,1.3518199920654297
2017-06-01,00631L,1.3631800413131714,1.3631800413131714
2017-06-02,00631L,1.3763600587844849,1.3763600587844849
2017-06-03,00631L,1.3877300024032593,1.3877300024032593
2017-06-05,00631L,1.3972699642181396,1.3972699642181396
2017-06-06,00631L,1.395449995994568,1.395449995994568
2017-06-07,00631L,1.3986400365829468,1.3986400365829468
2017-06-08,00631L,1.4072699546813965,1.4072699546813965
2017-06-09,00631L,1.399999976158142,1.399999976158142
2017-06-12,00631L,1.3745499849319458,1.3745499849319458
2017-06-13,00631L,1.377269983291626,1.377269983291626
2017-06-14,00631L,1.3600000143051147,1.3600000143051147
2017-06-15,00631L,1.3631800413131714,1.3631800413131714
2017-06-16,00631L,1.3899999856948853,1.3899999856948853
2017-06-19,00631L,1.4186400175094604,1.4186400175094604
2017-06-20,00631L,1.448639988899231,1.448639988899231
2017-06-21,00631L,1.4522700309753418,1.4522700309753418
2017-06-22,00631L,1.465000033378601,1.465000033378601
2017-06-23,00631L,1.4604500532150269,1.4604500532150269
2017-06-26,00631L,1.514549970626831,1.514549970626831
2017-06-27,00631L,1.5095499753952026,1.5095499753952026
2017-06-28,00631L,1.4827300310134888,1.4827300310134888
2017-06-29,00631L,1.4877300262451172,1.4877300262451172
2017-06-30,00631L,1.4777300357818604,1.4777300357818604
2017-07-03,00631L,1.4850000143051147,1.4850000143051147
2017-07-04,00631L,1.467270016670227,1.467270016670227
2017-07-05,00631L,1.489549994468689,1.489549994468689
2017-07-06,00631L,1.4790899753570557,1.4790899753570557
2017-07-07,00631L,1.4631799459457395,1.4631799459457395
2017-07-10,00631L,1.4686399698257446,1.4686399698257446
2017-07-11,00631L,1.516819953918457,1.516819953918457
2017-07-12,00631L,1.5149999856948853,1.5149999856948853
2017-07-13,00631L,1.5399999618530271,1.5399999618530271
2017-07-14,00631L,1.5299999713897705,1.5299999713897705
2017-07-17,00631L,1.540910005569458,1.540910005569458
2017-07-18,00631L,1.5427299737930298,1.5427299737930298
2017-07-19,00631L,1.5549999475479126,1.5549999475479126
2017-07-20,00631L,1.557729959487915,1.557729959487915
2017-07-21,00631L,1.540910005569458,1.540910005569458
2017-07-24,00631L,1.5427299737930298,1.5427299737930298
2017-07-25,00631L,1.5486400127410889,1.5486400127410889
2017-07-26,00631L,1.5368200540542605,1.5368200540542605
2017-07-27,00631L,1.5722700357437134,1.5722700357437134
2017-07-28,00631L,1.5368200540542605,1.5368200540542605
2017-07-31,00631L,1.540910005569458,1.540910005569458
2017-08-01,00631L,1.5486400127410889,1.5486400127410889
2017-08-02,00631L,1.573639988899231,1.573639988899231
2017-08-03,00631L,1.5609099864959717,1.5609099864959717
2017-08-04,00631L,1.5668200254440308,1.5668200254440308
2017-08-07,00631L,1.5927300453186035,1.5927300453186035
2017-08-08,00631L,1.5909099578857422,1.5909099578857422
2017-08-09,00631L,1.5659099817276,1.5659099817276
2017-08-10,00631L,1.541820049285889,1.541820049285889
2017-08-11,00631L,1.5304499864578247,1.5304499864578247
2017-08-14,00631L,1.5127300024032593,1.5127300024032593
2017-08-15,00631L,1.5254499912261963,1.5254499912261963
2017-08-16,00631L,1.518180012702942,1.518180012702942
2017-08-17,00631L,1.543179988861084,1.543179988861084
2017-08-18,00631L,1.526360034942627,1.526360034942627
2017-08-21,00631L,1.5286400318145752,1.5286400318145752
2017-08-22,00631L,1.551360011100769,1.551360011100769
2017-08-23,00631L,1.5504499673843384,1.5504499673843384
2017-08-24,00631L,1.5754499435424805,1.5754499435424805
2017-08-25,00631L,1.5872700214385986,1.5872700214385986
2017-08-28,00631L,1.583179950714111,1.583179950714111
2017-08-29,00631L,1.5772700309753418,1.5772700309753418
2017-08-30,00631L,1.5909099578857422,1.5909099578857422
2017-08-31,00631L,1.598180055618286,1.598180055618286
2017-09-01,00631L,1.608180046081543,1.608180046081543
2017-09-04,00631L,1.600909948348999,1.600909948348999
2017-09-05,00631L,1.600000023841858,1.600000023841858
2017-09-06,00631L,1.5872700214385986,1.5872700214385986
2017-09-07,00631L,1.5763599872589111,1.5763599872589111
2017-09-08,00631L,1.5954500436782837,1.5954500436782837
2017-09-11,00631L,1.5950000286102295,1.5950000286102295
2017-09-12,00631L,1.600000023841858,1.600000023841858
2017-09-13,00631L,1.581820011138916,1.581820011138916
2017-09-14,00631L,1.5868200063705444,1.5868200063705444
2017-09-15,00631L,1.5895500183105469,1.5895500183105469
2017-09-18,00631L,1.6131800413131714,1.6131800413131714
2017-09-19,00631L,1.5931799411773682,1.5931799411773682
2017-09-20,00631L,1.5822700262069702,1.5822700262069702
2017-09-21,00631L,1.598180055618286,1.598180055618286
2017-09-22,00631L,1.5590900182724,1.5590900182724
2017-09-25,00631L,1.5309100151062012,1.5309100151062012
2017-09-26,00631L,1.5095499753952026,1.5095499753952026
2017-09-27,00631L,1.5277299880981443,1.5277299880981443
2017-09-28,00631L,1.5199999809265137,1.5199999809265137
2017-09-29,00631L,1.5231800079345703,1.5231800079345703
2017-10-02,00631L,1.559999942779541,1.559999942779541
2017-10-03,00631L,1.5627299547195437,1.5627299547195437
2017-10-05,00631L,1.575909972190857,1.575909972190857
2017-10-06,00631L,1.575909972190857,1.575909972190857
2017-10-11,00631L,1.6154500246047974,1.6154500246047974
2017-10-12,00631L,1.64136004447937,1.64136004447937
2017-10-13,00631L,1.6404500007629397,1.6404500007629397
2017-10-16,00631L,1.6554499864578247,1.6554499864578247
2017-10-17,00631L,1.651360034942627,1.651360034942627
2017-10-18,00631L,1.657729983329773,1.657729983329773
2017-10-19,00631L,1.6709100008010864,1.6709100008010864
2017-10-20,00631L,1.6631799936294556,1.6631799936294556
2017-10-23,00631L,1.6609100103378296,1.6609100103378296
2017-10-24,00631L,1.6586400270462036,1.6586400270462036
2017-10-25,00631L,1.6549999713897705,1.6549999713897705
2017-10-26,00631L,1.6554499864578247,1.6554499864578247
2017-10-27,00631L,1.645449995994568,1.645449995994568
2017-10-30,00631L,1.668179988861084,1.668179988861084
2017-10-31,00631L,1.6809099912643433,1.6809099912643433
2017-11-01,00631L,1.6804499626159668,1.6804499626159668
2017-11-02,00631L,1.6727299690246582,1.6727299690246582
2017-11-03,00631L,1.6686400175094604,1.6686400175094604
2017-11-06,00631L,1.671820044517517,1.671820044517517
2017-11-07,00631L,1.682270050048828,1.682270050048828
2017-11-08,00631L,1.6781799793243408,1.6781799793243408
2017-11-09,00631L,1.652269959449768,1.652269959449768
2017-11-10,00631L,1.6559100151062012,1.6559100151062012
2017-11-13,00631L,1.647729992866516,1.647729992866516
2017-11-14,00631L,1.6449999809265137,1.6449999809265137
2017-11-15,00631L,1.6172699928283691,1.6172699928283691
2017-11-16,00631L,1.6236399412155151,1.6236399412155151
2017-11-17,00631L,1.6531800031661987,1.6531800031661987
2017-11-20,00631L,1.6377300024032593,1.6377300024032593
2017-11-21,00631L,1.6722700595855713,1.6722700595855713
2017-11-22,00631L,1.686360001564026,1.686360001564026
2017-11-23,00631L,1.6904499530792236,1.6904499530792236
2017-11-24,00631L,1.6918200254440308,1.6918200254440308
2017-11-27,00631L,1.6540900468826294,1.6540900468826294
2017-11-28,00631L,1.635450005531311,1.635450005531311
2017-11-29,00631L,1.6390899419784546,1.6390899419784546
2017-11-30,00631L,1.5913599729537964,1.5913599729537964
2017-12-01,00631L,1.5940899848937988,1.5940899848937988
2017-12-04,00631L,1.609089970588684,1.609089970588684
2017-12-05,00631L,1.5854500532150269,1.5854500532150269
2017-12-06,00631L,1.5340900421142578,1.5340900421142578
2017-12-07,00631L,1.5254499912261963,1.5254499912261963
2017-12-08,00631L,1.5345499515533447,1.5345499515533447
2017-12-11,00631L,1.5604499578475952,1.5604499578475952
2017-12-12,00631L,1.5390900373458862,1.5390900373458862
2017-12-13,00631L,1.543179988861084,1.543179988861084
2017-12-14,00631L,1.5686399936676023,1.5686399936676023
2017-12-15,00631L,1.546820044517517,1.546820044517517
2017-12-18,00631L,1.5531799793243408,1.5531799793243408
2017-12-19,00631L,1.5381799936294556,1.5381799936294556
2017-12-20,00631L,1.5522700548171997,1.5522700548171997
2017-12-21,00631L,1.5536400079727173,1.5536400079727173
2017-12-22,00631L,1.5590900182724,1.5590900182724
2017-12-25,00631L,1.5627299547195437,1.5627299547195437
2017-12-26,00631L,1.5295499563217163,1.5295499563217163
2017-12-27,00631L,1.542269945144653,1.542269945144653
2017-12-28,00631L,1.5686399936676023,1.5686399936676023
2017-12-29,00631L,1.5895500183105469,1.5895500183105469
2018-01-02,00631L,1.6077300310134888,1.6077300310134888
2018-01-03,00631L,1.640910029411316,1.640910029411316
2018-01-04,00631L,1.6459100246429443,1.6459100246429443
2018-01-05,00631L,1.6559100151062012,1.6559100151062012
2018-01-08,00631L,1.6663600206375122,1.6663600206375122
2018-01-09,00631L,1.6686400175094604,1.6686400175094604
2018-01-10,00631L,1.6468199491500854,1.6468199491500854
2018-01-11,00631L,1.6359100341796875,1.6359100341796875
2018-01-12,00631L,1.6686400175094604,1.6686400175094604
2018-01-15,00631L,1.6890900135040283,1.6890900135040283
2018-01-16,00631L,1.6972700357437134,1.6972700357437134
2018-01-17,00631L,1.7027299404144287,1.7027299404144287
2018-01-18,00631L,1.7431800365447998,1.7431800365447998
2018-01-19,00631L,1.7718199491500854,1.7718199491500854
2018-01-22,00631L,1.7963600158691406,1.7963600158691406
2018-01-23,00631L,1.8027299642562864,1.8027299642562864
2018-01-24,00631L,1.764549970626831,1.764549970626831
2018-01-25,00631L,1.7759100198745728,1.7759100198745728
2018-01-26,00631L,1.7795499563217163,1.7795499563217163
2018-01-29,00631L,1.792269945144653,1.792269945144653
2018-01-30,00631L,1.7513600587844849,1.7513600587844849
2018-01-31,00631L,1.758180022239685,1.758180022239685
2018-02-01,00631L,1.7786400318145752,1.7786400318145752
2018-02-02,00631L,1.7640899419784546,1.7640899419784546
2018-02-05,00631L,1.7036399841308594,1.7036399841308594
2018-02-06,00631L,1.527269959449768,1.527269959449768
2018-02-07,00631L,1.5772700309753418,1.5772700309753418
2018-02-08,00631L,1.5809099674224854,1.5809099674224854
2018-02-09,00631L,1.527269959449768,1.527269959449768
2018-02-12,00631L,1.5499999523162842,1.5499999523162842
2018-02-21,00631L,1.6263600587844849,1.6263600587844849
2018-02-22,00631L,1.608180046081543,1.608180046081543
2018-02-23,00631L,1.6504499912261963,1.6504499912261963
2018-02-26,00631L,1.6595499515533447,1.6595499515533447
2018-02-27,00631L,1.6618200540542605,1.6618200540542605
2018-03-01,00631L,1.641819953918457,1.641819953918457
2018-03-02,00631L,1.6159100532531738,1.6159100532531738
2018-03-05,00631L,1.5995500087738037,1.5995500087738037
2018-03-06,00631L,1.649999976158142,1.649999976158142
2018-03-07,00631L,1.6327300071716309,1.6327300071716309
2018-03-08,00631L,1.6727299690246582,1.6727299690246582
2018-03-09,00631L,1.679550051689148,1.679550051689148
2018-03-12,00631L,1.7309099435806274,1.7309099435806274
2018-03-13,00631L,1.7572699785232544,1.7572699785232544
2018-03-14,00631L,1.7300000190734863,1.7300000190734863
2018-03-15,00631L,1.733180046081543,1.733180046081543
2018-03-16,00631L,1.7181799411773682,1.7181799411773682
2018-03-19,00631L,1.7213599681854248,1.7213599681854248
2018-03-20,00631L,1.7177300453186035,1.7177300453186035
2018-03-21,00631L,1.723639965057373,1.723639965057373
2018-03-22,00631L,1.7136399745941162,1.7136399745941162
2018-03-23,00631L,1.643180012702942,1.643180012702942
2018-03-26,00631L,1.6640900373458862,1.6640900373458862
2018-03-27,00631L,1.7095500230789185,1.7095500230789185
2018-03-28,00631L,1.6590900421142578,1.6590900421142578
2018-03-29,00631L,1.6604499816894531,1.6604499816894531
2018-03-30,00631L,1.6868200302124023,1.6868200302124023
2018-04-02,00631L,1.6686400175094604,1.6686400175094604
2018-04-03,00631L,1.647729992866516,1.647729992866516
2018-04-09,00631L,1.6736400127410889,1.6736400127410889
2018-04-10,00631L,1.688639998435974,1.688639998435974
2018-04-11,00631L,1.6995500326156616,1.6995500326156616
2018-04-12,00631L,1.686360001564026,1.686360001564026
2018-04-13,00631L,1.688639998435974,1.688639998435974
2018-04-16,00631L,1.682270050048828,1.682270050048828
2018-04-17,00631L,1.643180012702942,1.643180012702942
2018-04-18,00631L,1.6559100151062012,1.6559100151062012
2018-04-19,00631L,1.6981799602508545,1.6981799602508545
2018-04-20,00631L,1.6295499801635742,1.6295499801635742
2018-04-23,00631L,1.6054500341415403,1.6054500341415403
2018-04-24,00631L,1.582730054855347,1.582730054855347
2018-04-25,00631L,1.5640900135040283,1.5640900135040283
2018-04-26,00631L,1.5445499420166016,1.5445499420166016
2018-04-27,00631L,1.5609099864959717,1.5609099864959717
2018-04-30,00631L,1.5963599681854248,1.5963599681854248
2018-05-02,00631L,1.582730054855347,1.582730054855347
2018-05-03,00631L,1.5472700595855713,1.5472700595855713
2018-05-04,00631L,1.554550051689148,1.554550051689148
2018-05-07,00631L,1.578179955482483,1.578179955482483
2018-05-08,00631L,1.5936399698257446,1.5936399698257446
2018-05-09,00631L,1.6040899753570557,1.6040899753570557
2018-05-10,00631L,1.6200000047683716,1.6200000047683716
2018-05-11,00631L,1.6486400365829468,1.6486400365829468
2018-05-14,00631L,1.6804499626159668,1.6804499626159668
2018-05-15,00631L,1.6563600301742554,1.6563600301742554
2018-05-16,00631L,1.6563600301742554,1.6563600301742554
2018-05-17,00631L,1.645449995994568,1.645449995994568
2018-05-18,00631L,1.6377300024032593,1.6377300024032593
2018-05-21,00631L,1.6836400032043457,1.6836400032043457
2018-05-22,00631L,1.67044997215271,1.67044997215271
2018-05-23,00631L,1.6554499864578247,1.6554499864578247
2018-05-24,00631L,1.6663600206375122,1.6663600206375122
2018-05-25,00631L,1.6749999523162842,1.6749999523162842
2018-05-28,00631L,1.6881799697875977,1.6881799697875977
2018-05-29,00631L,1.6722700595855713,1.6722700595855713
2018-05-30,00631L,1.6259100437164309,1.6259100437164309
2018-05-31,00631L,1.6427299976348877,1.6427299976348877
2018-06-01,00631L,1.6631799936294556,1.6631799936294556
2018-06-04,00631L,1.7181799411773682,1.7181799411773682
2018-06-05,00631L,1.7118200063705444,1.7118200063705444
2018-06-06,00631L,1.7490899562835691,1.7490899562835691
2018-06-07,00631L,1.753640055656433,1.753640055656433
2018-06-08,00631L,1.7209099531173706,1.7209099531173706
2018-06-11,00631L,1.7277300357818604,1.7277300357818604
2018-06-12,00631L,1.7218199968338013,1.7218199968338013
2018-06-13,00631L,1.7322700023651123,1.7322700023651123
2018-06-14,00631L,1.6877299547195437,1.6877299547195437
2018-06-15,00631L,1.7004499435424805,1.7004499435424805
2018-06-19,00631L,1.6481800079345703,1.6481800079345703
2018-06-20,00631L,1.6731799840927124,1.6731799840927124
2018-06-21,00631L,1.6649999618530271,1.6649999618530271
2018-06-22,00631L,1.6581799983978271,1.6581799983978271
2018-06-25,00631L,1.6445499658584597,1.6445499658584597
2018-06-26,00631L,1.6390899419784546,1.6390899419784546
2018-06-27,00631L,1.627269983291626,1.627269983291626
2018-06-28,00631L,1.621359944343567,1.621359944343567
2018-06-29,00631L,1.6699999570846558,1.6699999570846558
2018-07-02,00631L,1.6531800031661987,1.6531800031661987
2018-07-03,00631L,1.645449995994568,1.645449995994568
2018-07-04,00631L,1.6586400270462036,1.6586400270462036
2018-07-05,00631L,1.6259100437164309,1.6259100437164309
2018-07-06,00631L,1.6381800174713137,1.6381800174713137
2018-07-09,00631L,1.6759099960327148,1.6759099960327148
2018-07-10,00631L,1.6890900135040283,1.6890900135040283
2018-07-11,00631L,1.6595499515533447,1.6595499515533447
2018-07-12,00631L,1.7004499435424805,1.7004499435424805
2018-07-13,00631L,1.727270007133484,1.727270007133484
2018-07-16,00631L,1.717270016670227,1.717270016670227
2018-07-17,00631L,1.700909972190857,1.700909972190857
2018-07-18,00631L,1.7200000286102295,1.7200000286102295
2018-07-19,00631L,1.725000023841858,1.725000023841858
2018-07-20,00631L,1.7586400508880615,1.7586400508880615
2018-07-23,00631L,1.7781800031661987,1.7781800031661987
2018-07-24,00631L,1.788640022277832,1.788640022277832
2018-07-25,00631L,1.7868200540542605,1.7868200540542605
2018-07-26,00631L,1.8009099960327148,1.8009099960327148
2018-07-27,00631L,1.8272700309753416,1.8272700309753416
2018-07-30,00631L,1.8190900087356567,1.8190900087356567
2018-07-31,00631L,1.8263599872589111,1.8263599872589111
2018-08-01,00631L,1.847730040550232,1.847730040550232
2018-08-02,00631L,1.7899999618530271,1.7899999618530271
2018-08-03,00631L,1.8227299451828003,1.8227299451828003
2018-08-06,00631L,1.826820015907288,1.826820015907288
2018-08-07,00631L,1.8200000524520876,1.8200000524520876
2018-08-08,00631L,1.849550008773804,1.849550008773804
2018-08-09,00631L,1.8413599729537964,1.8413599729537964
2018-08-10,00631L,1.8240900039672847,1.8240900039672847
2018-08-13,00631L,1.7554500102996826,1.7554500102996826
2018-08-14,00631L,1.7736400365829468,1.7736400365829468
2018-08-15,00631L,1.7422699928283691,1.7422699928283691
2018-08-16,00631L,1.7490899562835691,1.7490899562835691
2018-08-17,00631L,1.7386399507522583,1.7386399507522583
2018-08-20,00631L,1.7495499849319458,1.7495499849319458
2018-08-21,00631L,1.776360034942627,1.776360034942627
2018-08-22,00631L,1.7781800031661987,1.7781800031661987
2018-08-23,00631L,1.79544997215271,1.79544997215271
2018-08-24,00631L,1.784999966621399,1.784999966621399
2018-08-27,00631L,1.8131799697875977,1.8131799697875977
2018-08-28,00631L,1.834089994430542,1.834089994430542
2018-08-29,00631L,1.870000004768372,1.870000004768372
2018-08-30,00631L,1.8740899562835691,1.8740899562835691
2018-08-31,00631L,1.8572700023651123,1.8572700023651123
2018-09-03,00631L,1.833639979362488,1.833639979362488
2018-09-04,00631L,1.8572700023651123,1.8572700023651123
2018-09-05,00631L,1.849550008773804,1.849550008773804
2018-09-06,00631L,1.8309099674224851,1.8309099674224851
2018-09-07,00631L,1.8159099817276,1.8159099817276
2018-09-10,00631L,1.7927299737930298,1.7927299737930298
2018-09-11,00631L,1.7949999570846558,1.7949999570846558
2018-09-12,00631L,1.791820049285889,1.791820049285889
2018-09-13,00631L,1.7818200588226318,1.7818200588226318
2018-09-14,00631L,1.8450000286102293,1.8450000286102293
2018-09-17,00631L,1.8145500421524048,1.8145500421524048
2018-09-18,00631L,1.7981799840927124,1.7981799840927124
2018-09-19,00631L,1.828179955482483,1.828179955482483
2018-09-20,00631L,1.818179965019226,1.818179965019226
2018-09-21,00631L,1.848639965057373,1.848639965057373
2018-09-25,00631L,1.8559099435806277,1.8559099435806277
2018-09-26,00631L,1.8531800508499143,1.8531800508499143
2018-09-27,00631L,1.8622699975967407,1.8622699975967407
2018-09-28,00631L,1.850000023841858,1.850000023841858
2018-10-01,00631L,1.8686399459838867,1.8686399459838867
2018-10-02,00631L,1.8190900087356567,1.8190900087356567
2018-10-03,00631L,1.8186399936676023,1.8186399936676023
2018-10-04,00631L,1.7677299976348877,1.7677299976348877
2018-10-05,00631L,1.7168200016021729,1.7168200016021729
2018-10-08,00631L,1.695449948310852,1.695449948310852
2018-10-09,00631L,1.7000000476837158,1.7000000476837158
2018-10-11,00631L,1.438639998435974,1.438639998435974
2018-10-12,00631L,1.5354499816894531,1.5354499816894531
2018-10-15,00631L,1.496359944343567,1.496359944343567
2018-10-16,00631L,1.518180012702942,1.518180012702942
2018-10-17,00631L,1.5195499658584597,1.5195499658584597
2018-10-18,00631L,1.5099999904632568,1.5099999904632568
2018-10-19,00631L,1.5154500007629397,1.5154500007629397
2018-10-22,00631L,1.5209100246429443,1.5209100246429443
2018-10-23,00631L,1.4609099626541138,1.4609099626541138
2018-10-24,00631L,1.45455002784729,1.45455002784729
2018-10-25,00631L,1.3790899515151978,1.3790899515151978
2018-10-26,00631L,1.371359944343567,1.371359944343567
2018-10-29,00631L,1.3849999904632568,1.3849999904632568
2018-10-30,00631L,1.397729992866516,1.397729992866516
2018-10-31,00631L,1.4500000476837158,1.4500000476837158
2018-11-01,00631L,1.4768199920654297,1.4768199920654297
2018-11-02,00631L,1.4922699928283691,1.4922699928283691
2018-11-05,00631L,1.4745500087738037,1.4745500087738037
2018-11-06,00631L,1.4595500230789185,1.4595500230789185
2018-11-07,00631L,1.491819977760315,1.491819977760315
2018-11-08,00631L,1.5027300119400024,1.5027300119400024
2018-11-09,00631L,1.4645500183105469,1.4645500183105469
2018-11-12,00631L,1.4745500087738037,1.4745500087738037
2018-11-13,00631L,1.4536399841308594,1.4536399841308594
2018-11-14,00631L,1.458179950714111,1.458179950714111
2018-11-15,00631L,1.472730040550232,1.472730040550232
2018-11-16,00631L,1.4604500532150269,1.4604500532150269
2018-11-19,00631L,1.465000033378601,1.465000033378601
2018-11-20,00631L,1.443179965019226,1.443179965019226
2018-11-21,00631L,1.4445500373840332,1.4445500373840332
2018-11-22,00631L,1.4359099864959717,1.4359099864959717
2018-11-23,00631L,1.418179988861084,1.418179988861084
2018-11-26,00631L,1.450909972190857,1.450909972190857
2018-11-27,00631L,1.4495500326156616,1.4495500326156616
2018-11-28,00631L,1.481819987297058,1.481819987297058
2018-11-29,00631L,1.48363995552063,1.48363995552063
2018-11-30,00631L,1.479550004005432,1.479550004005432
2018-12-03,00631L,1.5627299547195437,1.5627299547195437
2018-12-04,00631L,1.534999966621399,1.534999966621399
2018-12-05,00631L,1.4868199825286863,1.4868199825286863
2018-12-06,00631L,1.4163600206375122,1.4163600206375122
2018-12-07,00631L,1.442729949951172,1.442729949951172
2018-12-10,00631L,1.4049999713897705,1.4049999713897705
2018-12-11,00631L,1.426360011100769,1.426360011100769
2018-12-12,00631L,1.4604500532150269,1.4604500532150269
2018-12-13,00631L,1.467270016670227,1.467270016670227
2018-12-14,00631L,1.4354499578475952,1.4354499578475952
2018-12-17,00631L,1.4563599824905396,1.4563599824905396
2018-12-18,00631L,1.436360001564026,1.436360001564026
2018-12-19,00631L,1.4490900039672852,1.4490900039672852
2018-12-20,00631L,1.4195499420166016,1.4195499420166016
2018-12-21,00631L,1.4236400127410889,1.4236400127410889
2018-12-24,00631L,1.415910005569458,1.415910005569458
2018-12-25,00631L,1.3718199729919434,1.3718199729919434
2018-12-26,00631L,1.3618199825286863,1.3618199825286863
2018-12-27,00631L,1.413640022277832,1.413640022277832
2018-12-28,00631L,1.4245500564575195,1.4245500564575195
2019-01-02,00631L,1.3849999904632568,1.3849999904632568
2019-01-03,00631L,1.3654500246047974,1.3654500246047974
2019-01-04,00631L,1.3350000381469729,1.3350000381469729
2019-01-07,00631L,1.3940900564193726,1.3940900564193726
2019-01-08,00631L,1.3904500007629397,1.3904500007629397
2019-01-09,00631L,1.4345500469207764,1.4345500469207764
2019-01-10,00631L,1.4268200397491455,1.4268200397491455
2019-01-11,00631L,1.4409099817276,1.4409099817276
2019-01-14,00631L,1.4231799840927124,1.4231799840927124
2019-01-15,00631L,1.4554500579833984,1.4554500579833984
2019-01-16,00631L,1.4495500326156616,1.4495500326156616
2019-01-17,00631L,1.450909972190857,1.450909972190857
2019-01-18,00631L,1.467270016670227,1.467270016670227
2019-01-21,00631L,1.48363995552063,1.48363995552063
2019-01-22,00631L,1.475909948348999,1.475909948348999
2019-01-23,00631L,1.467270016670227,1.467270016670227
2019-01-24,00631L,1.4786399602890017,1.4786399602890017
2019-01-25,00631L,1.5127300024032593,1.5127300024032593
2019-01-28,00631L,1.5222699642181396,1.5222699642181396
2019-01-29,00631L,1.4954500198364258,1.4954500198364258
2019-01-30,00631L,1.4954500198364258,1.4954500198364258
2019-02-11,00631L,1.5236400365829468,1.5236400365829468
2019-02-12,00631L,1.5436400175094604,1.5436400175094604
2019-02-13,00631L,1.5436400175094604,1.5436400175094604
2019-02-14,00631L,1.5395499467849731,1.5395499467849731
2019-02-15,00631L,1.527269959449768,1.527269959449768
2019-02-18,00631L,1.5590900182724,1.5590900182724
2019-02-19,00631L,1.557270050048828,1.557270050048828
2019-02-20,00631L,1.5895500183105469,1.5895500183105469
2019-02-21,00631L,1.6131800413131714,1.6131800413131714
2019-02-22,00631L,1.6059099435806274,1.6059099435806274
2019-02-25,00631L,1.6322699785232544,1.6322699785232544
2019-02-26,00631L,1.630910038948059,1.630910038948059
2019-02-27,00631L,1.627269983291626,1.627269983291626
2019-03-04,00631L,1.6109100580215454,1.6109100580215454
2019-03-05,00631L,1.5995500087738037,1.5995500087738037
2019-03-06,00631L,1.6100000143051147,1.6100000143051147
2019-03-07,00631L,1.5954500436782837,1.5954500436782837
2019-03-08,00631L,1.5750000476837158,1.5750000476837158
2019-03-11,00631L,1.581820011138916,1.581820011138916
2019-03-12,00631L,1.622730016708374,1.622730016708374
2019-03-13,00631L,1.6209100484848022,1.6209100484848022
2019-03-14,00631L,1.616819977760315,1.616819977760315
2019-03-15,00631L,1.640910029411316,1.640910029411316
2019-03-18,00631L,1.6590900421142578,1.6590900421142578
2019-03-19,00631L,1.668179988861084,1.668179988861084
2019-03-20,00631L,1.67044997215271,1.67044997215271
2019-03-21,00631L,1.6990900039672852,1.6990900039672852
2019-03-22,00631L,1.7054500579833984,1.7054500579833984
2019-03-25,00631L,1.6554499864578247,1.6554499864578247
2019-03-26,00631L,1.6786400079727173,1.6786400079727173
2019-03-27,00631L,1.676360011100769,1.676360011100769
2019-03-28,00631L,1.6695499420166016,1.6695499420166016
2019-03-29,00631L,1.6968200206756592,1.6968200206756592
2019-04-01,00631L,1.7190899848937988,1.7190899848937988
2019-04-02,00631L,1.734089970588684,1.734089970588684
2019-04-03,00631L,1.73363995552063,1.73363995552063
2019-04-08,00631L,1.76364004611969,1.76364004611969
2019-04-09,00631L,1.7840900421142578,1.7840900421142578
2019-04-10,00631L,1.791820049285889,1.791820049285889
2019-04-11,00631L,1.7731800079345703,1.7731800079345703
2019-04-12,00631L,1.7722699642181396,1.7722699642181396
2019-04-15,00631L,1.804550051689148,1.804550051689148
2019-04-16,00631L,1.8131799697875977,1.8131799697875977
2019-04-17,00631L,1.840000033378601,1.840000033378601
2019-04-18,00631L,1.830000042915344,1.830000042915344
2019-04-19,00631L,1.8345500230789185,1.8345500230789185
2019-04-22,00631L,1.838639974594116,1.838639974594116
2019-04-23,00631L,1.850909948348999,1.850909948348999
2019-04-24,00631L,1.850450038909912,1.850450038909912
2019-04-25,00631L,1.8609100580215452,1.8609100580215452
2019-04-26,00631L,1.8218200206756592,1.8218200206756592
2019-04-29,00631L,1.8290899991989136,1.8290899991989136
2019-04-30,00631L,1.8354500532150269,1.8354500532150269
2019-05-02,00631L,1.8427300453186035,1.8427300453186035
2019-05-03,00631L,1.880910038948059,1.880910038948059
2019-05-06,00631L,1.806820034980774,1.806820034980774
2019-05-07,00631L,1.8436399698257449,1.8436399698257449
2019-05-08,00631L,1.8227299451828003,1.8227299451828003
2019-05-09,00631L,1.7690900564193726,1.7690900564193726
2019-05-10,00631L,1.7640899419784546,1.7640899419784546
2019-05-13,00631L,1.7159099578857422,1.7159099578857422
2019-05-14,00631L,1.7018200159072876,1.7018200159072876
2019-05-15,00631L,1.7140899896621704,1.7140899896621704
2019-05-16,00631L,1.681820034980774,1.681820034980774
2019-05-17,00631L,1.6554499864578247,1.6554499864578247
2019-05-20,00631L,1.6568200588226318,1.6568200588226318
2019-05-21,00631L,1.6699999570846558,1.6699999570846558
2019-05-22,00631L,1.668179988861084,1.668179988861084
2019-05-23,00631L,1.6136399507522583,1.6136399507522583
2019-05-24,00631L,1.6186399459838867,1.6186399459838867
2019-05-27,00631L,1.6172699928283691,1.6172699928283691
2019-05-28,00631L,1.6159100532531738,1.6159100532531738
2019-05-29,00631L,1.602270007133484,1.602270007133484
2019-05-30,00631L,1.6268199682235718,1.6268199682235718
2019-05-31,00631L,1.6586400270462036,1.6586400270462036
2019-06-03,00631L,1.6640900373458862,1.6640900373458862
2019-06-04,00631L,1.6472699642181396,1.6472699642181396
2019-06-05,00631L,1.6568200588226318,1.6568200588226318
2019-06-06,00631L,1.6295499801635742,1.6295499801635742
2019-06-10,00631L,1.686360001564026,1.686360001564026
2019-06-11,00631L,1.7013599872589111,1.7013599872589111
2019-06-12,00631L,1.7022700309753418,1.7022700309753418
2019-06-13,00631L,1.6790900230407717,1.6790900230407717
2019-06-14,00631L,1.6799999475479126,1.6799999475479126
2019-06-17,00631L,1.682729959487915,1.682729959487915
2019-06-18,00631L,1.6804499626159668,1.6804499626159668
2019-06-19,00631L,1.7572699785232544,1.7572699785232544
2019-06-20,00631L,1.7640899419784546,1.7640899419784546
2019-06-21,00631L,1.7613600492477417,1.7613600492477417
2019-06-24,00631L,1.7754499912261963,1.7754499912261963
2019-06-25,00631L,1.7504500150680542,1.7504500150680542
2019-06-26,00631L,1.7381800413131714,1.7381800413131714
2019-06-27,00631L,1.776819944381714,1.776819944381714
2019-06-28,00631L,1.7613600492477417,1.7613600492477417
2019-07-01,00631L,1.830000042915344,1.830000042915344
2019-07-02,00631L,1.8227299451828003,1.8227299451828003
2019-07-03,00631L,1.7881799936294556,1.7881799936294556
2019-07-04,00631L,1.8022700548172,1.8022700548172
2019-07-05,00631L,1.806820034980774,1.806820034980774
2019-07-08,00631L,1.787269949913025,1.787269949913025
2019-07-09,00631L,1.7836400270462036,1.7836400270462036
2019-07-10,00631L,1.815000057220459,1.815000057220459
2019-07-11,00631L,1.8404500484466555,1.8404500484466555
2019-07-12,00631L,1.837730050086975,1.837730050086975
2019-07-15,00631L,1.8531800508499143,1.8531800508499143
2019-07-16,00631L,1.8609100580215452,1.8609100580215452
2019-07-17,00631L,1.8390899896621704,1.8390899896621704
2019-07-18,00631L,1.8368200063705444,1.8368200063705444
2019-07-19,00631L,1.8681800365448,1.8681800365448
2019-07-22,00631L,1.8859100341796875,1.8859100341796875
2019-07-23,00631L,1.8881800174713133,1.8881800174713133
2019-07-24,00631L,1.8890899419784544,1.8890899419784544
2019-07-25,00631L,1.8986400365829468,1.8986400365829468
2019-07-26,00631L,1.8818199634552,1.8818199634552
2019-07-29,00631L,1.8863600492477417,1.8863600492477417
2019-07-30,00631L,1.876819968223572,1.876819968223572
2019-07-31,00631L,1.859089970588684,1.859089970588684
2019-08-01,00631L,1.834089994430542,1.834089994430542
2019-08-02,00631L,1.7786400318145752,1.7786400318145752
2019-08-05,00631L,1.7454500198364258,1.7454500198364258
2019-08-06,00631L,1.7427300214767456,1.7427300214767456
2019-08-07,00631L,1.7309099435806274,1.7309099435806274
2019-08-08,00631L,1.7699999809265137,1.7699999809265137
2019-08-12,00631L,1.7695499658584597,1.7695499658584597
2019-08-13,00631L,1.7359100580215454,1.7359100580215454
2019-08-14,00631L,1.7590899467468262,1.7590899467468262
2019-08-15,00631L,1.7218199968338013,1.7218199968338013
2019-08-16,00631L,1.7545499801635742,1.7545499801635742
2019-08-19,00631L,1.7777299880981443,1.7777299880981443
2019-08-20,00631L,1.7863600254058838,1.7863600254058838
2019-08-21,00631L,1.7904499769210815,1.7904499769210815
2019-08-22,00631L,1.7836400270462036,1.7836400270462036
2019-08-23,00631L,1.788640022277832,1.788640022277832
2019-08-26,00631L,1.7327300310134888,1.7327300310134888
2019-08-27,00631L,1.7422699928283691,1.7422699928283691
2019-08-28,00631L,1.7631800174713137,1.7631800174713137
2019-08-29,00631L,1.7677299976348877,1.7677299976348877
2019-08-30,00631L,1.8163599967956543,1.8163599967956543
2019-09-02,00631L,1.8290899991989136,1.8290899991989136
2019-09-03,00631L,1.8054499626159668,1.8054499626159668
2019-09-04,00631L,1.838639974594116,1.838639974594116
2019-09-05,00631L,1.8695499897003172,1.8695499897003172
2019-09-06,00631L,1.8849999904632568,1.8849999904632568
2019-09-10,00631L,1.8781800270080569,1.8781800270080569
2019-09-11,00631L,1.885450005531311,1.885450005531311
2019-09-12,00631L,1.9054499864578247,1.9054499864578247
2019-09-16,00631L,1.919999957084656,1.919999957084656
2019-09-17,00631L,1.9195499420166016,1.9195499420166016
2019-09-18,00631L,1.9413599967956543,1.9413599967956543
2019-09-19,00631L,1.9281799793243408,1.9281799793243408
2019-09-20,00631L,1.940000057220459,1.940000057220459
2019-09-23,00631L,1.934999942779541,1.934999942779541
2019-09-24,00631L,1.940449953079224,1.940449953079224
2019-09-25,00631L,1.9145499467849727,1.9145499467849727
2019-09-26,00631L,1.915910005569458,1.915910005569458
2019-09-27,00631L,1.917269945144653,1.917269945144653
2019-10-01,00631L,1.9777300357818604,1.9777300357818604
2019-10-02,00631L,1.9663599729537964,1.9663599729537964
2019-10-03,00631L,1.9372700452804563,1.9372700452804563
2019-10-04,00631L,1.945449948310852,1.945449948310852
2019-10-07,00631L,1.957730054855347,1.957730054855347
2019-10-08,00631L,1.995000004768372,1.995000004768372
2019-10-09,00631L,1.9600000381469729,1.9600000381469729
2019-10-14,00631L,2.025909900665283,2.025909900665283
2019-10-15,00631L,2.038640022277832,2.038640022277832
2019-10-16,00631L,2.0540900230407715,2.0540900230407715
2019-10-17,00631L,2.0640900135040283,2.0640900135040283
2019-10-18,00631L,2.0604500770568848,2.0604500770568848
2019-10-21,00631L,2.062269926071167,2.062269926071167
2019-10-22,00631L,2.094089984893799,2.094089984893799
2019-10-23,00631L,2.081820011138916,2.081820011138916
2019-10-24,00631L,2.099550008773804,2.099550008773804
2019-10-25,00631L,2.1013600826263428,2.1013600826263428
2019-10-28,00631L,2.1181800365448,2.1181800365448
2019-10-29,00631L,2.1236400604248047,2.1236400604248047
2019-10-30,00631L,2.1304500102996826,2.1304500102996826
2019-10-31,00631L,2.140000104904175,2.140000104904175
2019-11-01,00631L,2.149549961090088,2.149549961090088
2019-11-04,00631L,2.2300000190734863,2.2300000190734863
2019-11-05,00631L,2.261820077896118,2.261820077896118
2019-11-06,00631L,2.275000095367432,2.275000095367432
2019-11-07,00631L,2.2531800270080566,2.2531800270080566
2019-11-08,00631L,2.2440900802612305,2.2440900802612305
2019-11-11,00631L,2.1863598823547363,2.1863598823547363
2019-11-12,00631L,2.217269897460937,2.217269897460937
2019-11-13,00631L,2.194089889526367,2.194089889526367
2019-11-14,00631L,2.194999933242798,2.194999933242798
2019-11-15,00631L,2.2272698879241943,2.2272698879241943
2019-11-18,00631L,2.252269983291626,2.252269983291626
2019-11-19,00631L,2.284090042114258,2.284090042114258
2019-11-20,00631L,2.261359930038452,2.261359930038452
2019-11-21,00631L,2.2390899658203125,2.2390899658203125
2019-11-22,00631L,2.2395501136779785,2.2395501136779785
2019-11-25,00631L,2.242729902267456,2.242729902267456
2019-11-26,00631L,2.261359930038452,2.261359930038452
2019-11-27,00631L,2.271820068359375,2.271820068359375
2019-11-28,00631L,2.2627298831939697,2.2627298831939697
2019-11-29,00631L,2.199090003967285,2.199090003967285
2019-12-02,00631L,2.213639974594116,2.213639974594116
2019-12-03,00631L,2.219089984893799,2.219089984893799
2019-12-04,00631L,2.209549903869629,2.209549903869629
2019-12-05,00631L,2.2554500102996826,2.2554500102996826
2019-12-06,00631L,2.259999990463257,2.259999990463257
2019-12-09,00631L,2.288640022277832,2.288640022277832
2019-12-10,00631L,2.265000104904175,2.265000104904175
2019-12-11,00631L,2.29544997215271,2.29544997215271
2019-12-12,00631L,2.377269983291626,2.377269983291626
2019-12-13,00631L,2.42044997215271,2.42044997215271
2019-12-16,00631L,2.418179988861084,2.418179988861084
2019-12-17,00631L,2.4795498847961426,2.4795498847961426
2019-12-18,00631L,2.4840900897979736,2.4840900897979736
2019-12-19,00631L,2.450000047683716,2.450000047683716
2019-12-20,00631L,2.4340898990631104,2.4340898990631104
2019-12-23,00631L,2.438640117645264,2.438640117645264
2019-12-24,00631L,2.438640117645264,2.438640117645264
2019-12-25,00631L,2.44773006439209,2.44773006439209
2019-12-26,00631L,2.4409101009368896,2.4409101009368896
2019-12-27,00631L,2.4795498847961426,2.4795498847961426
2019-12-30,00631L,2.463639974594116,2.463639974594116
2019-12-31,00631L,2.4340898990631104,2.4340898990631104
2020-01-02,00631L,2.4727299213409424,2.4727299213409424
2020-01-03,00631L,2.463639974594116,2.463639974594116
2020-01-06,00631L,2.415910005569458,2.415910005569458
2020-01-07,00631L,2.3818199634552,2.3818199634552
2020-01-08,00631L,2.3590900897979736,2.3590900897979736
2020-01-09,00631L,2.42726993560791,2.42726993560791
2020-01-10,00631L,2.4409101009368896,2.4409101009368896
2020-01-13,00631L,2.4795498847961426,2.4795498847961426
2020-01-14,00631L,2.5068199634552,2.5068199634552
2020-01-15,00631L,2.468179941177368,2.468179941177368
2020-01-16,00631L,2.461359977722168,2.461359977722168
2020-01-17,00631L,2.463639974594116,2.463639974594116
2020-01-20,00631L,2.481820106506348,2.481820106506348
2020-01-30,00631L,2.193180084228516,2.193180084228516
2020-01-31,00631L,2.221359968185425,2.221359968185425
2020-02-03,00631L,2.177730083465576,2.177730083465576
2020-02-04,00631L,2.2445499897003174,2.2445499897003174
2020-02-05,00631L,2.25,2.25
2020-02-06,00631L,2.32273006439209,2.32273006439209
2020-02-07,00631L,2.266819953918457,2.266819953918457
2020-02-10,00631L,2.261359930038452,2.261359930038452
2020-02-11,00631L,2.30226993560791,2.30226993560791
2020-02-12,00631L,2.338639974594116,2.338639974594116
2020-02-13,00631L,2.338639974594116,2.338639974594116
2020-02-14,00631L,2.356820106506348,2.356820106506348
2020-02-17,00631L,2.338639974594116,2.338639974594116
2020-02-18,00631L,2.279550075531006,2.279550075531006
2020-02-19,00631L,2.334089994430542,2.334089994430542
2020-02-20,00631L,2.313640117645264,2.313640117645264
2020-02-21,00631L,2.299999952316284,2.299999952316284
2020-02-24,00631L,2.2368199825286865,2.2368199825286865
2020-02-25,00631L,2.2481799125671387,2.2481799125671387
2020-02-26,00631L,2.206360101699829,2.206360101699829
2020-02-27,00631L,2.1481800079345703,2.1481800079345703
2020-03-02,00631L,2.108180046081543,2.108180046081543
2020-03-03,00631L,2.158639907836914,2.158639907836914
2020-03-04,00631L,2.172729969024658,2.172729969024658
2020-03-05,00631L,2.223639965057373,2.223639965057373
2020-03-06,00631L,2.142729997634888,2.142729997634888
2020-03-09,00631L,2.016819953918457,2.016819953918457
2020-03-10,00631L,2.0327301025390625,2.0327301025390625
2020-03-11,00631L,1.973639965057373,1.973639965057373
2020-03-12,00631L,1.792269945144653,1.792269945144653
2020-03-13,00631L,1.7109099626541138,1.7109099626541138
2020-03-16,00631L,1.5740900039672852,1.5740900039672852
2020-03-17,00631L,1.4945499897003174,1.4945499897003174
2020-03-18,00631L,1.3936400413513184,1.3936400413513184
2020-03-19,00631L,1.2000000476837158,1.2000000476837158
2020-03-20,00631L,1.3840899467468262,1.3840899467468262
2020-03-23,00631L,1.2840900421142578,1.2840900421142578
2020-03-24,00631L,1.4272700548171997,1.4272700548171997
2020-03-25,00631L,1.5186400413513184,1.5186400413513184
2020-03-26,00631L,1.5590900182724,1.5590900182724
2020-03-27,00631L,1.5449999570846558,1.5449999570846558
2020-03-30,00631L,1.5318200588226318,1.5318200588226318
2020-03-31,00631L,1.5427299737930298,1.5427299737930298
2020-04-01,00631L,1.5440900325775146,1.5440900325775146
2020-04-06,00631L,1.6050000190734863,1.6050000190734863
2020-04-07,00631L,1.6654499769210815,1.6654499769210815
2020-04-08,00631L,1.7195500135421753,1.7195500135421753
2020-04-09,00631L,1.7013599872589111,1.7013599872589111
2020-04-10,00631L,1.7163599729537964,1.7163599729537964
2020-04-13,00631L,1.6940900087356567,1.6940900087356567
2020-04-14,00631L,1.796820044517517,1.796820044517517
2020-04-15,00631L,1.8122700452804563,1.8122700452804563
2020-04-16,00631L,1.807270050048828,1.807270050048828
2020-04-17,00631L,1.88864004611969,1.88864004611969
2020-04-20,00631L,1.8763600587844849,1.8763600587844849
2020-04-21,00631L,1.76364004611969,1.76364004611969
2020-04-22,00631L,1.7759100198745728,1.7759100198745728
2020-04-23,00631L,1.8027299642562864,1.8027299642562864
2020-04-24,00631L,1.792269945144653,1.792269945144653
2020-04-27,00631L,1.889549970626831,1.889549970626831
2020-04-28,00631L,1.9009100198745728,1.9009100198745728
2020-04-29,00631L,1.9527299404144287,1.9527299404144287
2020-04-30,00631L,2.031359910964966,2.031359910964966
2020-05-04,00631L,1.917269945144653,1.917269945144653
2020-05-05,00631L,1.942729949951172,1.942729949951172
2020-05-06,00631L,1.9463599920272827,1.9463599920272827
2020-05-07,00631L,1.9827300310134888,1.9827300310134888
2020-05-08,00631L,2.0,2.0
2020-05-11,00631L,2.0395500659942627,2.0395500659942627
2020-05-12,00631L,1.9904500246047971,1.9904500246047971
2020-05-13,00631L,2.009089946746826,2.009089946746826
2020-05-14,00631L,1.9477299451828003,1.9477299451828003
2020-05-15,00631L,1.9709099531173704,1.9709099531173704
2020-05-18,00631L,1.9495500326156616,1.9495500326156616
2020-05-19,00631L,1.991819977760315,1.991819977760315
2020-05-20,00631L,2.0,2.0
2020-05-21,00631L,2.040910005569458,2.040910005569458
2020-05-22,00631L,1.9554500579833984,1.9554500579833984
2020-05-25,00631L,1.9931800365448,1.9931800365448
2020-05-26,00631L,2.0472700595855717,2.0472700595855717
2020-05-27,00631L,2.0395500659942627,2.0395500659942627
2020-05-28,00631L,2.014090061187744,2.014090061187744
2020-05-29,00631L,2.0304501056671143,2.0304501056671143
2020-06-01,00631L,2.0709099769592285,2.0709099769592285
2020-06-02,00631L,2.088639974594116,2.088639974594116
2020-06-03,00631L,2.1595499515533447,2.1595499515533447
2020-06-04,00631L,2.188640117645264,2.188640117645264
2020-06-05,00631L,2.2295498847961426,2.2295498847961426
2020-06-08,00631L,2.2704501152038574,2.2704501152038574
2020-06-09,00631L,2.284090042114258,2.284090042114258
2020-06-10,00631L,2.325000047683716,2.325000047683716
2020-06-11,00631L,2.2363600730896,2.2363600730896
2020-06-12,00631L,2.204090118408203,2.204090118408203
2020-06-15,00631L,2.146820068359375,2.146820068359375
2020-06-16,00631L,2.2509100437164307,2.2509100437164307
2020-06-17,00631L,2.254549980163574,2.254549980163574
2020-06-18,00631L,2.269089937210083,2.269089937210083
2020-06-19,00631L,2.2727301120758057,2.2727301120758057
2020-06-22,00631L,2.279550075531006,2.279550075531006
2020-06-23,00631L,2.29544997215271,2.29544997215271
2020-06-24,00631L,2.3204500675201416,2.3204500675201416
2020-06-29,00631L,2.259550094604492,2.259550094604492
2020-06-30,00631L,2.3090898990631104,2.3090898990631104
2020-07-01,00631L,2.340909957885742,2.340909957885742
2020-07-02,00631L,2.3977301120758057,2.3977301120758057
2020-07-03,00631L,2.450000047683716,2.450000047683716
2020-07-06,00631L,2.543179988861084,2.543179988861084
2020-07-07,00631L,2.543179988861084,2.543179988861084
2020-07-08,00631L,2.577270030975342,2.577270030975342
2020-07-09,00631L,2.590909957885742,2.590909957885742
2020-07-10,00631L,2.531820058822632,2.531820058822632
2020-07-13,00631L,2.613640069961548,2.613640069961548
2020-07-14,00631L,2.6113600730896,2.6113600730896
2020-07-15,00631L,2.6318199634552,2.6318199634552
2020-07-16,00631L,2.593179941177368,2.593179941177368
2020-07-17,00631L,2.625,2.625
2020-07-20,00631L,2.625,2.625
2020-07-21,00631L,2.740910053253174,2.740910053253174
2020-07-22,00631L,2.754549980163574,2.754549980163574
2020-07-23,00631L,2.745450019836426,2.745450019836426
2020-07-24,00631L,2.693180084228516,2.693180084228516
2020-07-27,00631L,2.8681800365448,2.8681800365448
2020-07-28,00631L,2.8522698879241943,2.8522698879241943
2020-07-29,00631L,2.836359977722168,2.836359977722168
2020-07-30,00631L,2.906820058822632,2.906820058822632
2020-07-31,00631L,2.906820058822632,2.906820058822632
2020-08-03,00631L,2.82273006439209,2.82273006439209
2020-08-04,00631L,2.909090042114258,2.909090042114258
2020-08-05,00631L,2.959089994430542,2.959089994430542
2020-08-06,00631L,3.011359930038452,3.011359930038452
2020-08-07,00631L,2.9727299213409424,2.9727299213409424
2020-08-10,00631L,3.025000095367432,3.025000095367432
2020-08-11,00631L,2.970449924468994,2.970449924468994
2020-08-12,00631L,2.906820058822632,2.906820058822632
2020-08-13,00631L,2.959089994430542,2.959089994430542
2020-08-14,00631L,2.9795498847961426,2.9795498847961426
2020-08-17,00631L,3.0568199157714844,3.0568199157714844
2020-08-18,00631L,3.0181798934936523,3.0181798934936523
2020-08-19,00631L,2.9772698879241943,2.9772698879241943
2020-08-20,00631L,2.759089946746826,2.759089946746826
2020-08-21,00631L,2.8818199634552,2.8818199634552
2020-08-24,00631L,2.900000095367432,2.900000095367432
2020-08-25,00631L,2.959089994430542,2.959089994430542
2020-08-26,00631L,2.9840900897979736,2.9840900897979736
2020-08-27,00631L,2.9749999046325684,2.9749999046325684
2020-08-28,00631L,2.9318199157714844,2.9318199157714844
2020-08-31,00631L,2.872730016708374,2.872730016708374
2020-09-01,00631L,2.9363598823547363,2.9363598823547363
2020-09-02,00631L,2.9363598823547363,2.9363598823547363
2020-09-03,00631L,2.95455002784729,2.95455002784729
2020-09-04,00631L,2.900000095367432,2.900000095367432
2020-09-07,00631L,2.884089946746826,2.884089946746826
2020-09-08,00631L,2.92044997215271,2.92044997215271
2020-09-09,00631L,2.8931798934936523,2.8931798934936523
2020-09-10,00631L,2.92726993560791,2.92726993560791
2020-09-11,00631L,2.92726993560791,2.92726993560791
2020-09-14,00631L,3.0272700786590576,3.0272700786590576
2020-09-15,00631L,3.025000095367432,3.025000095367432
2020-09-16,00631L,3.086359977722168,3.086359977722168
2020-09-17,00631L,3.0227301120758057,3.0227301120758057
2020-09-18,00631L,3.034090042114258,3.034090042114258
2020-09-21,00631L,2.9727299213409424,2.9727299213409424
2020-09-22,00631L,2.8818199634552,2.8818199634552
2020-09-23,00631L,2.8977301120758057,2.8977301120758057
2020-09-24,00631L,2.7340900897979736,2.7340900897979736
2020-09-25,00631L,2.75,2.75
2020-09-28,00631L,2.845449924468994,2.845449924468994
2020-09-29,00631L,2.8477299213409424,2.8477299213409424
2020-09-30,00631L,2.877269983291626,2.877269983291626
2020-10-05,00631L,2.8954501152038574,2.8954501152038574
2020-10-06,00631L,2.959089994430542,2.959089994430542
2020-10-07,00631L,2.990910053253174,2.990910053253174
2020-10-08,00631L,3.05226993560791,3.05226993560791
2020-10-12,00631L,3.075000047683716,3.075000047683716
2020-10-13,00631L,3.084089994430542,3.084089994430542
2020-10-14,00631L,3.0590898990631104,3.0590898990631104
2020-10-15,00631L,3.0272700786590576,3.0272700786590576
2020-10-16,00631L,2.9840900897979736,2.9840900897979736
2020-10-19,00631L,3.0704500675201416,3.0704500675201416
2020-10-20,00631L,3.040910005569458,3.040910005569458
2020-10-21,00631L,3.0545499324798584,3.0545499324798584
2020-10-22,00631L,3.0659101009368896,3.0659101009368896
2020-10-23,00631L,3.068180084228516,3.068180084228516
2020-10-26,00631L,3.077270030975342,3.077270030975342
2020-10-27,00631L,3.0545499324798584,3.0545499324798584
2020-10-28,00631L,3.0068199634552,3.0068199634552
2020-10-29,00631L,2.950000047683716,2.950000047683716
2020-10-30,00631L,2.886359930038452,2.886359930038452
2020-11-02,00631L,2.909090042114258,2.909090042114258
2020-11-03,00631L,2.995450019836426,2.995450019836426
2020-11-04,00631L,3.0999999046325684,3.0999999046325684
2020-11-05,00631L,3.095449924468994,3.095449924468994
2020-11-06,00631L,3.115910053253174,3.115910053253174
2020-11-09,00631L,3.209089994430542,3.209089994430542
2020-11-10,00631L,3.1795499324798584,3.1795499324798584
2020-11-11,00631L,3.2727301120758057,3.2727301120758057
2020-11-12,00631L,3.245450019836426,3.245450019836426
2020-11-13,00631L,3.2727301120758057,3.2727301120758057
2020-11-16,00631L,3.468179941177368,3.468179941177368
2020-11-17,00631L,3.459089994430542,3.459089994430542
2020-11-18,00631L,3.5272700786590576,3.5272700786590576
2020-11-19,00631L,3.525000095367432,3.525000095367432
2020-11-20,00631L,3.5227301120758057,3.5227301120758057
2020-11-23,00631L,3.606820106506348,3.606820106506348
2020-11-24,00631L,3.568180084228516,3.568180084228516
2020-11-25,00631L,3.5068199634552,3.5068199634552
2020-11-26,00631L,3.590909957885742,3.590909957885742
2020-11-27,00631L,3.6022698879241943,3.6022698879241943
2020-11-30,00631L,3.5136399269104004,3.5136399269104004
2020-12-01,00631L,3.5999999046325684,3.5999999046325684
2020-12-02,00631L,3.6477301120758057,3.6477301120758057
2020-12-03,00631L,3.6522700786590576,3.6522700786590576
2020-12-04,00631L,3.75,3.75
2020-12-07,00631L,3.784090042114258,3.784090042114258
2020-12-08,00631L,3.865910053253174,3.865910053253174
2020-12-09,00631L,3.8909099102020255,3.8909099102020255
2020-12-10,00631L,3.80226993560791,3.80226993560791
2020-12-11,00631L,3.80226993560791,3.80226993560791
2020-12-14,00631L,3.79544997215271,3.79544997215271
2020-12-15,00631L,3.693180084228516,3.693180084228516
2020-12-16,00631L,3.827270030975342,3.827270030975342
2020-12-17,00631L,3.818180084228516,3.818180084228516
2020-12-18,00631L,3.799999952316284,3.799999952316284
2020-12-21,00631L,3.8818199634552,3.8818199634552
2020-12-22,00631L,3.7704501152038574,3.7704501152038574
2020-12-23,00631L,3.8090898990631104,3.8090898990631104
2020-12-24,00631L,3.8522698879241934,3.8522698879241934
2020-12-25,00631L,3.877269983291626,3.877269983291626
2020-12-28,00631L,3.961359977722168,3.961359977722168
2020-12-29,00631L,3.956820011138916,3.956820011138916
2020-12-30,00631L,4.065909862518311,4.065909862518311
2020-12-31,00631L,4.090909957885742,4.090909957885742
2021-01-04,00631L,4.220449924468994,4.220449924468994
2021-01-05,00631L,4.247729778289795,4.247729778289795
2021-01-06,00631L,4.243179798126221,4.243179798126221
2021-01-07,00631L,4.4295501708984375,4.4295501708984375
2021-01-08,00631L,4.561359882354736,4.561359882354736
2021-01-11,00631L,4.606820106506348,4.606820106506348
2021-01-12,00631L,4.579549789428711,4.579549789428711
2021-01-13,00631L,4.770450115203857,4.770450115203857
2021-01-14,00631L,4.727270126342773,4.727270126342773
2021-01-15,00631L,4.681819915771484,4.681819915771484
2021-01-18,00631L,4.654550075531006,4.654550075531006
2021-01-19,00631L,4.877270221710205,4.877270221710205
2021-01-20,00631L,4.793179988861084,4.793179988861084
2021-01-21,00631L,5.05226993560791,5.05226993560791
2021-01-22,00631L,4.977270126342773,4.977270126342773
2021-01-25,00631L,4.909090042114258,4.909090042114258
2021-01-26,00631L,4.720449924468994,4.720449924468994
2021-01-27,00631L,4.75,4.75
2021-01-28,00631L,4.574999809265137,4.574999809265137
2021-01-29,00631L,4.413640022277832,4.413640022277832
2021-02-01,00631L,4.565909862518311,4.565909862518311
2021-02-02,00631L,4.786359786987305,4.786359786987305
2021-02-03,00631L,4.813640117645264,4.813640117645264
2021-02-04,00631L,4.745450019836426,4.745450019836426
2021-02-05,00631L,4.827270030975342,4.827270030975342
2021-02-17,00631L,5.199999809265137,5.199999809265137
2021-02-18,00631L,5.25,5.25
2021-02-19,00631L,5.1795501708984375,5.1795501708984375
2021-02-22,00631L,5.209090232849121,5.209090232849121
2021-02-23,00631L,5.243179798126221,5.243179798126221
2021-02-24,00631L,5.063640117645264,5.063640117645264
2021-02-25,00631L,5.193180084228516,5.193180084228516
2021-02-26,00631L,4.872729778289795,4.872729778289795
2021-03-02,00631L,4.875,4.875
2021-03-03,00631L,5.0590901374816895,5.0590901374816895
2021-03-04,00631L,4.886360168457031,4.886360168457031
2021-03-05,00631L,4.829549789428711,4.829549789428711
2021-03-08,00631L,4.815909862518311,4.815909862518311
2021-03-09,00631L,4.811359882354736,4.811359882354736
2021-03-10,00631L,4.840909957885742,4.840909957885742
2021-03-11,00631L,5.045450210571289,5.045450210571289
2021-03-12,00631L,5.068180084228516,5.068180084228516
2021-03-15,00631L,5.063640117645264,5.063640117645264
2021-03-16,00631L,5.113639831542969,5.113639831542969
2021-03-17,00631L,5.038640022277832,5.038640022277832
2021-03-18,00631L,5.113639831542969,5.113639831542969
2021-03-19,00631L,4.956820011138916,4.956820011138916
2021-03-22,00631L,5.038640022277832,5.038640022277832
2021-03-23,00631L,5.027269840240479,5.027269840240479
2021-03-24,00631L,4.9295501708984375,4.9295501708984375
2021-03-25,00631L,4.965909957885742,4.965909957885742
2021-03-26,00631L,5.120450019836426,5.120450019836426
2021-03-29,00631L,5.204549789428711,5.204549789428711
2021-03-30,00631L,5.272729873657227,5.272729873657227
2021-03-31,00631L,5.19773006439209,5.19773006439209
2021-04-01,00631L,5.272729873657227,5.272729873657227
2021-04-07,00631L,5.431819915771484,5.431819915771484
2021-04-08,00631L,5.5136399269104,5.5136399269104
2021-04-09,00631L,5.470449924468994,5.470449924468994
2021-04-12,00631L,5.452270030975342,5.452270030975342
2021-04-13,00631L,5.438640117645264,5.438640117645264
2021-04-14,00631L,5.459090232849121,5.459090232849121
2021-04-15,00631L,5.593180179595947,5.593180179595947
2021-04-16,00631L,5.643179893493652,5.643179893493652
2021-04-19,00631L,5.709090232849121,5.709090232849121
2021-04-20,00631L,5.7340898513793945,5.7340898513793945
2021-04-21,00631L,5.659090042114258,5.659090042114258
2021-04-22,00631L,5.620450019836426,5.620450019836426
2021-04-23,00631L,5.731820106506348,5.731820106506348
2021-04-26,00631L,5.915909767150879,5.915909767150879
2021-04-27,00631L,5.936359882354736,5.936359882354736
2021-04-28,00631L,5.909090042114258,5.909090042114258
2021-04-29,00631L,5.9295501708984375,5.9295501708984375
2021-05-03,00631L,5.704549789428711,5.704549789428711
2021-05-04,00631L,5.525000095367432,5.525000095367432
2021-05-05,00631L,5.425000190734863,5.425000190734863
2021-05-06,00631L,5.531819820404053,5.531819820404053
2021-05-07,00631L,5.747729778289795,5.747729778289795
2021-05-10,00631L,5.6954498291015625,5.6954498291015625
2021-05-11,00631L,5.240910053253174,5.240910053253174
2021-05-12,00631L,4.777269840240479,4.777269840240479
2021-05-13,00631L,4.663640022277832,4.663640022277832
2021-05-14,00631L,4.781819820404053,4.781819820404053
2021-05-17,00631L,4.504549980163574,4.504549980163574
2021-05-18,00631L,5.006820201873779,5.006820201873779
2021-05-19,00631L,4.974999904632568,4.974999904632568
2021-05-20,00631L,4.909090042114258,4.909090042114258
2021-05-21,00631L,5.077270030975342,5.077270030975342
2021-05-24,00631L,5.113639831542969,5.113639831542969
2021-05-25,00631L,5.293179988861084,5.293179988861084
2021-05-26,00631L,5.290909767150879,5.290909767150879
2021-05-27,00631L,5.259089946746826,5.259089946746826
2021-05-28,00631L,5.454549789428711,5.454549789428711
2021-05-31,00631L,5.545450210571289,5.545450210571289
2021-06-01,00631L,5.620450019836426,5.620450019836426
2021-06-02,00631L,5.590909957885742,5.590909957885742
2021-06-03,00631L,5.67726993560791,5.67726993560791
2021-06-04,00631L,5.6113600730896,5.6113600730896
2021-06-07,00631L,5.602270126342773,5.602270126342773
2021-06-08,00631L,5.5590901374816895,5.5590901374816895
2021-06-09,00631L,5.493179798126221,5.493179798126221
2021-06-10,00631L,5.643179893493652,5.643179893493652
2021-06-11,00631L,5.672729969024658,5.672729969024658
2021-06-15,00631L,5.779550075531006,5.779550075531006
2021-06-16,00631L,5.756820201873779,5.756820201873779
2021-06-17,00631L,5.781819820404053,5.781819820404053
2021-06-18,00631L,5.761360168457031,5.761360168457031
2021-06-21,00631L,5.547729969024658,5.547729969024658
2021-06-22,00631L,5.579549789428711,5.579549789428711
2021-06-23,00631L,5.770450115203857,5.770450115203857
2021-06-24,00631L,5.806819915771484,5.806819915771484
2021-06-25,00631L,5.8477301597595215,5.8477301597595215
2021-06-28,00631L,5.922729969024658,5.922729969024658
2021-06-29,00631L,5.913640022277832,5.913640022277832
2021-06-30,00631L,6.047729969024658,6.047729969024658
2021-07-01,00631L,5.9840898513793945,5.9840898513793945
2021-07-02,00631L,6.0,6.0
2021-07-05,00631L,6.17726993560791,6.17726993560791
2021-07-06,00631L,6.165909767150879,6.165909767150879
2021-07-07,00631L,6.084090232849121,6.084090232849121
2021-07-08,00631L,6.113639831542969,6.113639831542969
2021-07-09,00631L,5.977270126342773,5.977270126342773
2021-07-12,00631L,6.122729778289795,6.122729778289795
2021-07-13,00631L,6.129549980163574,6.129549980163574
2021-07-14,00631L,6.129549980163574,6.129549980163574
2021-07-15,00631L,6.2659101486206055,6.2659101486206055
2021-07-16,00631L,6.163640022277832,6.163640022277832
2021-07-19,00631L,6.07273006439209,6.07273006439209
2021-07-20,00631L,5.8909101486206055,5.8909101486206055
2021-07-21,00631L,5.852270126342773,5.852270126342773
2021-07-22,00631L,5.959090232849121,5.959090232849121
2021-07-23,00631L,5.963640213012695,5.963640213012695
2021-07-26,00631L,5.840909957885742,5.840909957885742
2021-07-27,00631L,5.813640117645264,5.813640117645264
2021-07-28,00631L,5.647729873657227,5.647729873657227
2021-07-29,00631L,5.900000095367432,5.900000095367432
2021-07-30,00631L,5.786359786987305,5.786359786987305
2021-08-02,00631L,5.9840898513793945,5.9840898513793945
2021-08-03,00631L,6.0136399269104,6.0136399269104
2021-08-04,00631L,6.079549789428711,6.079549789428711
2021-08-05,00631L,6.045450210571289,6.045450210571289
2021-08-06,00631L,5.995450019836426,5.995450019836426
2021-08-09,00631L,5.952270030975342,5.952270030975342
2021-08-10,00631L,5.872729778289795,5.872729778289795
2021-08-11,00631L,5.806819915771484,5.806819915771484
2021-08-12,00631L,5.795450210571289,5.795450210571289
2021-08-13,00631L,5.659090042114258,5.659090042114258
2021-08-16,00631L,5.581820011138916,5.581820011138916
2021-08-17,00631L,5.454549789428711,5.454549789428711
2021-08-18,00631L,5.579549789428711,5.579549789428711
2021-08-19,00631L,5.272729873657227,5.272729873657227
2021-08-20,00631L,5.25,5.25
2021-08-23,00631L,5.547729969024658,5.547729969024658
2021-08-24,00631L,5.602270126342773,5.602270126342773
2021-08-25,00631L,5.720449924468994,5.720449924468994
2021-08-26,00631L,5.743179798126221,5.743179798126221
2021-08-27,00631L,5.881820201873779,5.881820201873779
2021-08-30,00631L,5.990910053253174,5.990910053253174
2021-08-31,00631L,6.050000190734863,6.050000190734863
2021-09-01,00631L,6.077270030975342,6.077270030975342
2021-09-02,00631L,5.956820011138916,5.956820011138916
2021-09-03,00631L,6.131820201873779,6.131820201873779
2021-09-06,00631L,6.0977301597595215,6.0977301597595215
2021-09-07,00631L,6.056819915771484,6.056819915771484
2021-09-08,00631L,5.92726993560791,5.92726993560791
2021-09-09,00631L,5.938640117645264,5.938640117645264
2021-09-10,00631L,6.093180179595947,6.093180179595947
2021-09-13,00631L,6.0545501708984375,6.0545501708984375
2021-09-14,00631L,6.081820011138916,6.081820011138916
2021-09-15,00631L,6.020450115203857,6.020450115203857
2021-09-16,00631L,5.954549789428711,5.954549789428711
2021-09-17,00631L,6.0159101486206055,6.0159101486206055
2021-09-22,00631L,5.713640213012695,5.713640213012695
2021-09-23,00631L,5.831820011138916,5.831820011138916
2021-09-24,00631L,5.938640117645264,5.938640117645264
2021-09-27,00631L,5.968180179595947,5.968180179595947
2021-09-28,00631L,5.8886399269104,5.8886399269104
2021-09-29,00631L,5.6386399269104,5.6386399269104
2021-09-30,00631L,5.718180179595947,5.718180179595947
2021-10-01,00631L,5.436359882354736,5.436359882354736
2021-10-04,00631L,5.370450019836426,5.370450019836426
2021-10-05,00631L,5.372729778289795,5.372729778289795
2021-10-06,00631L,5.356820106506348,5.356820106506348
2021-10-07,00631L,5.588640213012695,5.588640213012695
2021-10-08,00631L,5.522729873657227,5.522729873657227
2021-10-12,00631L,5.3886399269104,5.3886399269104
2021-10-13,00631L,5.338640213012695,5.338640213012695
2021-10-14,00631L,5.379549980163574,5.379549980163574
2021-10-15,00631L,5.631820201873779,5.631820201873779
2021-10-18,00631L,5.588640213012695,5.588640213012695
2021-10-19,00631L,5.711359977722168,5.711359977722168
2021-10-20,00631L,5.704549789428711,5.704549789428711
2021-10-21,00631L,5.672729969024658,5.672729969024658
2021-10-22,00631L,5.6954498291015625,5.6954498291015625
2021-10-25,00631L,5.6954498291015625,5.6954498291015625
2021-10-26,00631L,5.797729969024658,5.797729969024658
2021-10-27,00631L,5.8204498291015625,5.8204498291015625
2021-10-28,00631L,5.790909767150879,5.790909767150879
2021-10-29,00631L,5.724999904632568,5.724999904632568
2021-11-01,00631L,5.813640117645264,5.813640117645264
2021-11-02,00631L,5.770450115203857,5.770450115203857
2021-11-03,00631L,5.8204498291015625,5.8204498291015625
2021-11-04,00631L,5.818180084228516,5.818180084228516
2021-11-05,00631L,5.943180084228516,5.943180084228516
2021-11-08,00631L,6.031819820404053,6.031819820404053
2021-11-09,00631L,6.145450115203857,6.145450115203857
2021-11-10,00631L,6.136360168457031,6.136360168457031
2021-11-11,00631L,6.061359882354736,6.061359882354736
2021-11-12,00631L,6.1090898513793945,6.1090898513793945
2021-11-15,00631L,6.211359977722168,6.211359977722168
2021-11-16,00631L,6.215909957885742,6.215909957885742
2021-11-17,00631L,6.2659101486206055,6.2659101486206055
2021-11-18,00631L,6.356820106506348,6.356820106506348
2021-11-19,00631L,6.345449924468994,6.345449924468994
2021-11-22,00631L,6.343180179595947,6.343180179595947
2021-11-23,00631L,6.211359977722168,6.211359977722168
2021-11-24,00631L,6.19773006439209,6.19773006439209
2021-11-25,00631L,6.19773006439209,6.19773006439209
2021-11-26,00631L,5.970449924468994,5.970449924468994
2021-11-29,00631L,5.959090232849121,5.959090232849121
2021-11-30,00631L,5.9863600730896,5.9863600730896
2021-12-01,00631L,6.154550075531006,6.154550075531006
2021-12-02,00631L,6.238639831542969,6.238639831542969
2021-12-03,00631L,6.254549980163574,6.254549980163574
2021-12-06,00631L,6.227270126342773,6.227270126342773
2021-12-07,00631L,6.279550075531006,6.279550075531006
2021-12-08,00631L,6.354549884796143,6.354549884796143
2021-12-09,00631L,6.356820106506348,6.356820106506348
2021-12-10,00631L,6.329549789428711,6.329549789428711
2021-12-13,00631L,6.295450210571289,6.295450210571289
2021-12-14,00631L,6.150000095367432,6.150000095367432
2021-12-15,00631L,6.172729969024658,6.172729969024658
2021-12-16,00631L,6.324999809265137,6.324999809265137
2021-12-17,00631L,6.3090901374816895,6.3090901374816895
2021-12-20,00631L,6.199999809265137,6.199999809265137
2021-12-21,00631L,6.338640213012695,6.338640213012695
2021-12-22,00631L,6.349999904632568,6.349999904632568
2021-12-23,00631L,6.420450210571289,6.420450210571289
2021-12-24,00631L,6.440909862518311,6.440909862518311
2021-12-27,00631L,6.527269840240479,6.527269840240479
2021-12-28,00631L,6.620450019836426,6.620450019836426
2021-12-29,00631L,6.670450210571289,6.670450210571289
2021-12-30,00631L,6.636360168457031,6.636360168457031
2022-01-03,00631L,6.661359786987305,6.661359786987305
2022-01-04,00631L,6.872729778289795,6.872729778289795
2022-01-05,00631L,6.836359977722168,6.836359977722168
2022-01-06,00631L,6.738639831542969,6.738639831542969
2022-01-07,00631L,6.602270126342773,6.602270126342773
2022-01-10,00631L,6.670450210571289,6.670450210571289
2022-01-11,00631L,6.6795501708984375,6.6795501708984375
2022-01-12,00631L,6.768179893493652,6.768179893493652
2022-01-13,00631L,6.824999809265137,6.824999809265137
2022-01-14,00631L,6.788640022277832,6.788640022277832
2022-01-17,00631L,6.906819820404053,6.906819820404053
2022-01-18,00631L,6.800000190734863,6.800000190734863
2022-01-19,00631L,6.652269840240479,6.652269840240479
2022-01-20,00631L,6.704549789428711,6.704549789428711
2022-01-21,00631L,6.4295501708984375,6.4295501708984375
2022-01-24,00631L,6.504549980163574,6.504549980163574
2022-01-25,00631L,6.279550075531006,6.279550075531006
2022-01-26,00631L,6.2659101486206055,6.2659101486206055
2022-02-07,00631L,6.431819915771484,6.431819915771484
2022-02-08,00631L,6.495450019836426,6.495450019836426
2022-02-09,00631L,6.618179798126221,6.618179798126221
2022-02-10,00631L,6.731820106506348,6.731820106506348
2022-02-11,00631L,6.706820011138916,6.706820011138916
2022-02-14,00631L,6.504549980163574,6.504549980163574
2022-02-15,00631L,6.456820011138916,6.456820011138916
2022-02-16,00631L,6.681819915771484,6.681819915771484
2022-02-17,00631L,6.69773006439209,6.69773006439209
2022-02-18,00631L,6.6954498291015625,6.6954498291015625
2022-02-21,00631L,6.6795501708984375,6.6795501708984375
2022-02-22,00631L,6.44773006439209,6.44773006439209
2022-02-23,00631L,6.534090042114258,6.534090042114258
2022-02-24,00631L,6.1840901374816895,6.1840901374816895
2022-02-25,00631L,6.202270030975342,6.202270030975342
2022-03-01,00631L,6.425000190734863,6.425000190734863
2022-03-02,00631L,6.384089946746826,6.384089946746826
2022-03-03,00631L,6.406819820404053,6.406819820404053
2022-03-04,00631L,6.270450115203857,6.270450115203857
2022-03-07,00631L,5.8477301597595215,5.8477301597595215
2022-03-08,00631L,5.590909957885742,5.590909957885742
2022-03-09,00631L,5.743179798126221,5.743179798126221
2022-03-10,00631L,6.050000190734863,6.050000190734863
2022-03-11,00631L,5.900000095367432,5.900000095367432
2022-03-14,00631L,5.915909767150879,5.915909767150879
2022-03-15,00631L,5.675000190734863,5.675000190734863
2022-03-16,00631L,5.7227301597595215,5.7227301597595215
2022-03-17,00631L,6.084090232849121,6.084090232849121
2022-03-18,00631L,6.038640022277832,6.038640022277832
2022-03-21,00631L,6.115910053253174,6.115910053253174
2022-03-22,00631L,6.1386399269104,6.1386399269104
2022-03-23,00631L,6.259089946746826,6.259089946746826
2022-03-24,00631L,6.245450019836426,6.245450019836426
2022-03-25,00631L,6.218180179595947,6.218180179595947
2022-03-28,00631L,6.104549884796143,6.104549884796143
2022-03-29,00631L,6.1386399269104,6.1386399269104
2022-03-30,00631L,6.270450115203857,6.270450115203857
2022-03-31,00631L,6.224999904632568,6.224999904632568
2022-04-01,00631L,6.150000095367432,6.150000095367432
2022-04-06,00631L,6.099999904632568,6.099999904632568
2022-04-07,00631L,5.863639831542969,5.863639831542969
2022-04-08,00631L,5.952270030975342,5.952270030975342
2022-04-11,00631L,5.75,5.75
2022-04-12,00631L,5.768179893493652,5.768179893493652
2022-04-13,00631L,5.961359977722168,5.961359977722168
2022-04-14,00631L,5.94773006439209,5.94773006439209
2022-04-15,00631L,5.740910053253174,5.740910053253174
2022-04-18,00631L,5.672729969024658,5.672729969024658
2022-04-19,00631L,5.759089946746826,5.759089946746826
2022-04-20,00631L,5.818180084228516,5.818180084228516
2022-04-21,00631L,5.856820106506348,5.856820106506348
2022-04-22,00631L,5.754549980163574,5.754549980163574
2022-04-25,00631L,5.474999904632568,5.474999904632568
2022-04-26,00631L,5.481820106506348,5.481820106506348
2022-04-27,00631L,5.288640022277832,5.288640022277832
2022-04-28,00631L,5.363639831542969,5.363639831542969
2022-04-29,00631L,5.477270126342773,5.477270126342773
2022-05-03,00631L,5.413640022277832,5.413640022277832
2022-05-04,00631L,5.438640117645264,5.438640117645264
2022-05-05,00631L,5.545450210571289,5.545450210571289
2022-05-06,00631L,5.331820011138916,5.331820011138916
2022-05-09,00631L,5.106820106506348,5.106820106506348
2022-05-10,00631L,5.115910053253174,5.115910053253174
2022-05-11,00631L,5.0977301597595215,5.0977301597595215
2022-05-12,00631L,4.856820106506348,4.856820106506348
2022-05-13,00631L,4.9840898513793945,4.9840898513793945
2022-05-16,00631L,5.029550075531006,5.029550075531006
2022-05-17,00631L,5.136360168457031,5.136360168457031
2022-05-18,00631L,5.240910053253174,5.240910053253174
2022-05-19,00631L,5.077270030975342,5.077270030975342
2022-05-20,00631L,5.1795501708984375,5.1795501708984375
2022-05-23,00631L,5.190909862518311,5.190909862518311
2022-05-24,00631L,5.0590901374816895,5.0590901374816895
2022-05-25,00631L,5.163640022277832,5.163640022277832
2022-05-26,00631L,5.0590901374816895,5.0590901374816895
2022-05-27,00631L,5.243179798126221,5.243179798126221
2022-05-30,00631L,5.477270126342773,5.477270126342773
2022-05-31,00631L,5.543179988861084,5.543179988861084
2022-06-01,00631L,5.509089946746826,5.509089946746826
2022-06-02,00631L,5.438640117645264,5.438640117645264
2022-06-06,00631L,5.490910053253174,5.490910053253174
2022-06-07,00631L,5.395450115203857,5.395450115203857
2022-06-08,00631L,5.511360168457031,5.511360168457031
2022-06-09,00631L,5.488639831542969,5.488639831542969
2022-06-10,00631L,5.397729873657227,5.397729873657227
2022-06-13,00631L,5.1113600730896,5.1113600730896
2022-06-14,00631L,5.099999904632568,5.099999904632568
2022-06-15,00631L,5.0545501708984375,5.0545501708984375
2022-06-16,00631L,4.974999904632568,4.974999904632568
2022-06-17,00631L,4.868179798126221,4.868179798126221
2022-06-20,00631L,4.709090232849121,4.709090232849121
2022-06-21,00631L,4.94773006439209,4.94773006439209
2022-06-22,00631L,4.7227301597595215,4.7227301597595215
2022-06-23,00631L,4.643179893493652,4.643179893493652
2022-06-24,00631L,4.727270126342773,4.727270126342773
2022-06-27,00631L,4.906819820404053,4.906819820404053
2022-06-28,00631L,4.818180084228516,4.818180084228516
2022-06-29,00631L,4.729549884796143,4.729549884796143
2022-06-30,00631L,4.470449924468994,4.470449924468994
2022-07-01,00631L,4.19773006439209,4.19773006439209
2022-07-04,00631L,4.159090042114258,4.159090042114258
2022-07-05,00631L,4.218180179595947,4.218180179595947
2022-07-06,00631L,4.020450115203857,4.020450115203857
2022-07-07,00631L,4.229549884796143,4.229549884796143
2022-07-08,00631L,4.3090901374816895,4.3090901374816895
2022-07-11,00631L,4.243179798126221,4.243179798126221
2022-07-12,00631L,4.022729873657227,4.022729873657227
2022-07-13,00631L,4.2636399269104,4.2636399269104
2022-07-14,00631L,4.329549789428711,4.329549789428711
2022-07-15,00631L,4.400000095367432,4.400000095367432
2022-07-18,00631L,4.468180179595947,4.468180179595947
2022-07-19,00631L,4.493179798126221,4.493179798126221
2022-07-20,00631L,4.545450210571289,4.545450210571289
2022-07-21,00631L,4.6409101486206055,4.6409101486206055
2022-07-22,00631L,4.650000095367432,4.650000095367432
2022-07-25,00631L,4.663640022277832,4.663640022277832
2022-07-26,00631L,4.590909957885742,4.590909957885742
2022-07-27,00631L,4.656819820404053,4.656819820404053
2022-07-28,00631L,4.665909767150879,4.665909767150879
2022-07-29,00631L,4.7363600730896,4.7363600730896
2022-08-01,00631L,4.724999904632568,4.724999904632568
2022-08-02,00631L,4.561359882354736,4.561359882354736
2022-08-03,00631L,4.590909957885742,4.590909957885742
2022-08-04,00631L,4.579549789428711,4.579549789428711
2022-08-05,00631L,4.818180084228516,4.818180084228516
2022-08-08,00631L,4.793179988861084,4.793179988861084
2022-08-09,00631L,4.806819915771484,4.806819915771484
2022-08-10,00631L,4.727270126342773,4.727270126342773
2022-08-11,00631L,4.900000095367432,4.900000095367432
2022-08-12,00631L,4.974999904632568,4.974999904632568
2022-08-15,00631L,5.05226993560791,5.05226993560791
2022-08-16,00631L,5.056819915771484,5.056819915771484
2022-08-17,00631L,5.063640117645264,5.063640117645264
2022-08-18,00631L,5.018179893493652,5.018179893493652
2022-08-19,00631L,5.036359786987305,5.036359786987305
2022-08-22,00631L,4.952270030975342,4.952270030975342
2022-08-23,00631L,4.827270030975342,4.827270030975342
2022-08-24,00631L,4.80226993560791,4.80226993560791
2022-08-25,00631L,4.900000095367432,4.900000095367432
2022-08-26,00631L,4.9454498291015625,4.9454498291015625
2022-08-29,00631L,4.686359882354736,4.686359882354736
2022-08-30,00631L,4.738639831542969,4.738639831542969
2022-08-31,00631L,4.80226993560791,4.80226993560791
2022-09-01,00631L,4.590909957885742,4.590909957885742
2022-09-02,00631L,4.518179893493652,4.518179893493652
2022-09-05,00631L,4.525000095367432,4.525000095367432
2022-09-06,00631L,4.540909767150879,4.540909767150879
2022-09-07,00631L,4.3590898513793945,4.3590898513793945
2022-09-08,00631L,4.459090232849121,4.459090232849121
2022-09-12,00631L,4.631820201873779,4.631820201873779
2022-09-13,00631L,4.675000190734863,4.675000190734863
2022-09-14,00631L,4.5,4.5
2022-09-15,00631L,4.529550075531006,4.529550075531006
2022-09-16,00631L,4.4295501708984375,4.4295501708984375
2022-09-19,00631L,4.386360168457031,4.386360168457031
2022-09-20,00631L,4.463640213012695,4.463640213012695
2022-09-21,00631L,4.395450115203857,4.395450115203857
2022-09-22,00631L,4.281819820404053,4.281819820404053
2022-09-23,00631L,4.213640213012695,4.213640213012695
2022-09-26,00631L,4.006820201873779,4.006820201873779
2022-09-27,00631L,4.031819820404053,4.031819820404053
2022-09-28,00631L,3.8477299213409424,3.8477299213409424
2022-09-29,00631L,3.865910053253174,3.865910053253174
2022-09-30,00631L,3.781820058822632,3.781820058822632
2022-10-03,00631L,3.70455002784729,3.70455002784729
2022-10-04,00631L,3.8886399269104,3.8886399269104
2022-10-05,00631L,4.0136399269104,4.0136399269104
2022-10-06,00631L,4.05226993560791,4.05226993560791
2022-10-07,00631L,3.94773006439209,3.94773006439209
2022-10-11,00631L,3.584089994430542,3.584089994430542
2022-10-12,00631L,3.57273006439209,3.57273006439209
2022-10-13,00631L,3.4363598823547363,3.4363598823547363
2022-10-14,00631L,3.634089946746826,3.634089946746826
2022-10-17,00631L,3.606820106506348,3.606820106506348
2022-10-18,00631L,3.5977299213409424,3.5977299213409424
2022-10-19,00631L,3.536360025405884,3.536360025405884
2022-10-20,00631L,3.4863600730896,3.4863600730896
2022-10-21,00631L,3.4363598823547363,3.4363598823547363
2022-10-24,00631L,3.465909957885742,3.465909957885742
2022-10-25,00631L,3.363640069961548,3.363640069961548
2022-10-26,00631L,3.400000095367432,3.400000095367432
2022-10-27,00631L,3.497730016708374,3.497730016708374
2022-10-28,00631L,3.404550075531006,3.404550075531006
2022-10-31,00631L,3.497730016708374,3.497730016708374
2022-11-01,00631L,3.5545499324798584,3.5545499324798584
2022-11-02,00631L,3.581820011138916,3.581820011138916
2022-11-03,00631L,3.5159099102020264,3.5159099102020264
2022-11-04,00631L,3.543179988861084,3.543179988861084
2022-11-07,00631L,3.650000095367432,3.650000095367432
2022-11-08,00631L,3.702270030975342,3.702270030975342
2022-11-09,00631L,3.872730016708374,3.872730016708374
2022-11-10,00631L,3.799999952316284,3.799999952316284
2022-11-11,00631L,4.120450019836426,4.120450019836426
2022-11-14,00631L,4.190909862518311,4.190909862518311
2022-11-15,00631L,4.443180084228516,4.443180084228516
2022-11-16,00631L,4.4454498291015625,4.4454498291015625
2022-11-17,00631L,4.461359977722168,4.461359977722168
2022-11-18,00631L,4.418179988861084,4.418179988861084
2022-11-21,00631L,4.397729873657227,4.397729873657227
2022-11-22,00631L,4.44773006439209,4.44773006439209
2022-11-23,00631L,4.5136399269104,4.5136399269104
2022-11-24,00631L,4.615910053253174,4.615910053253174
2022-11-25,00631L,4.581820011138916,4.581820011138916
2022-11-28,00631L,4.44773006439209,4.44773006439209
2022-11-29,00631L,4.543179988861084,4.543179988861084
2022-11-30,00631L,4.6409101486206055,4.6409101486206055
2022-12-01,00631L,4.743179798126221,4.743179798126221
2022-12-02,00631L,4.6840901374816895,4.6840901374816895
2022-12-05,00631L,4.706820011138916,4.706820011138916
2022-12-06,00631L,4.550000190734863,4.550000190734863
2022-12-07,00631L,4.504549980163574,4.504549980163574
2022-12-08,00631L,4.431819915771484,4.431819915771484
2022-12-09,00631L,4.545450210571289,4.545450210571289
2022-12-12,00631L,4.4727301597595215,4.4727301597595215
2022-12-13,00631L,4.438640117645264,4.438640117645264
2022-12-14,00631L,4.5590901374816895,4.5590901374816895
2022-12-15,00631L,4.563640117645264,4.563640117645264
2022-12-16,00631L,4.406819820404053,4.406819820404053
2022-12-19,00631L,4.365910053253174,4.365910053253174
2022-12-20,00631L,4.204549789428711,4.204549789428711
2022-12-21,00631L,4.2363600730896,4.2363600730896
2022-12-22,00631L,4.381820201873779,4.381820201873779
2022-12-23,00631L,4.259089946746826,4.259089946746826
2022-12-26,00631L,4.288640022277832,4.288640022277832
2022-12-27,00631L,4.3204498291015625,4.3204498291015625
2022-12-28,00631L,4.199999809265137,4.199999809265137
2022-12-29,00631L,4.168179988861084,4.168179988861084
2022-12-30,00631L,4.218180179595947,4.218180179595947
2023-01-03,00631L,4.275000095367432,4.275000095367432
2023-01-04,00631L,4.2636399269104,4.2636399269104
2023-01-05,00631L,4.295450210571289,4.295450210571289
2023-01-06,00631L,4.3590898513793945,4.3590898513793945
2023-01-09,00631L,4.599999904632568,4.599999904632568
2023-01-10,00631L,4.650000095367432,4.650000095367432
2023-01-11,00631L,4.622729778289795,4.622729778289795
2023-01-12,00631L,4.5977301597595215,4.5977301597595215
2023-01-13,00631L,4.663640022277832,4.663640022277832
2023-01-16,00631L,4.727270126342773,4.727270126342773
2023-01-17,00631L,4.727270126342773,4.727270126342773
2023-01-30,00631L,5.0704498291015625,5.0704498291015625
2023-01-31,00631L,4.968180179595947,4.968180179595947
2023-02-01,00631L,5.025000095367432,5.025000095367432
2023-02-02,00631L,5.163640022277832,5.163640022277832
2023-02-03,00631L,5.161359786987305,5.161359786987305
2023-02-06,00631L,5.031819820404053,5.031819820404053
2023-02-07,00631L,5.031819820404053,5.031819820404053
2023-02-08,00631L,5.165909767150879,5.165909767150879
2023-02-09,00631L,5.159090042114258,5.159090042114258
2023-02-10,00631L,5.143179893493652,5.143179893493652
2023-02-13,00631L,5.122729778289795,5.122729778289795
2023-02-14,00631L,5.204549789428711,5.204549789428711
2023-02-15,00631L,5.009089946746826,5.009089946746826
2023-02-16,00631L,5.134089946746826,5.134089946746826
2023-02-17,00631L,5.047729969024658,5.047729969024658
2023-02-20,00631L,5.090909957885742,5.090909957885742
2023-02-21,00631L,5.093180179595947,5.093180179595947
2023-02-22,00631L,4.990910053253174,4.990910053253174
2023-02-23,00631L,5.1409101486206055,5.1409101486206055
2023-02-24,00631L,5.084090232849121,5.084090232849121
2023-03-01,00631L,5.113639831542969,5.113639831542969
2023-03-02,00631L,5.1090898513793945,5.1090898513793945
2023-03-03,00631L,5.131820201873779,5.131820201873779
2023-03-06,00631L,5.247729778289795,5.247729778289795
2023-03-07,00631L,5.318180084228516,5.318180084228516
2023-03-08,00631L,5.256820201873779,5.256820201873779
2023-03-09,00631L,5.227270126342773,5.227270126342773
2023-03-10,00631L,5.045450210571289,5.045450210571289
2023-03-13,00631L,5.084090232849121,5.084090232849121
2023-03-14,00631L,4.965909957885742,4.965909957885742
2023-03-15,00631L,4.990910053253174,4.990910053253174
2023-03-16,00631L,4.904550075531006,4.904550075531006
2023-03-17,00631L,5.045450210571289,5.045450210571289
2023-03-20,00631L,5.006820201873779,5.006820201873779
2023-03-21,00631L,5.068180084228516,5.068180084228516
2023-03-22,00631L,5.243179798126221,5.243179798126221
2023-03-23,00631L,5.318180084228516,5.318180084228516
2023-03-24,00631L,5.377270221710205,5.377270221710205
2023-03-27,00631L,5.313640117645264,5.313640117645264
2023-03-28,00631L,5.204549789428711,5.204549789428711
2023-03-29,00631L,5.247729778289795,5.247729778289795
2023-03-30,00631L,5.3090901374816895,5.3090901374816895
2023-03-31,00631L,5.340909957885742,5.340909957885742
2023-04-06,00631L,5.272729873657227,5.272729873657227
2023-04-07,00631L,5.300000190734863,5.300000190734863
2023-04-10,00631L,5.334090232849121,5.334090232849121
2023-04-11,00631L,5.3590898513793945,5.3590898513793945
2023-04-12,00631L,5.3590898513793945,5.3590898513793945
2023-04-13,00631L,5.284090042114258,5.284090042114258
2023-04-14,00631L,5.384089946746826,5.384089946746826
2023-04-17,00631L,5.363639831542969,5.363639831542969
2023-04-18,00631L,5.324999809265137,5.324999809265137
2023-04-19,00631L,5.277269840240479,5.277269840240479
2023-04-20,00631L,5.227270126342773,5.227270126342773
2023-04-21,00631L,5.168179988861084,5.168179988861084
2023-04-24,00631L,5.172729969024658,5.172729969024658
2023-04-25,00631L,5.009089946746826,5.009089946746826
2023-04-26,00631L,5.004549980163574,5.004549980163574
2023-04-27,00631L,5.0136399269104,5.0136399269104
2023-04-28,00631L,5.129549980163574,5.129549980163574
2023-05-02,00631L,5.170450210571289,5.170450210571289
2023-05-03,00631L,5.120450019836426,5.120450019836426
2023-05-04,00631L,5.152269840240479,5.152269840240479
2023-05-05,00631L,5.168179988861084,5.168179988861084
2023-05-08,00631L,5.220449924468994,5.220449924468994
2023-05-09,00631L,5.238639831542969,5.238639831542969
2023-05-10,00631L,5.150000095367432,5.150000095367432
2023-05-11,00631L,5.0977301597595215,5.0977301597595215
2023-05-12,00631L,5.0977301597595215,5.0977301597595215
2023-05-15,00631L,5.084090232849121,5.084090232849121
2023-05-16,00631L,5.213640213012695,5.213640213012695
2023-05-17,00631L,5.372729778289795,5.372729778289795
2023-05-18,00631L,5.497729778289795,5.497729778289795
2023-05-19,00631L,5.545450210571289,5.545450210571289
2023-05-22,00631L,5.536359786987305,5.536359786987305
2023-05-23,00631L,5.550000190734863,5.550000190734863
2023-05-24,00631L,5.506820201873779,5.506820201873779
2023-05-25,00631L,5.602270126342773,5.602270126342773
2023-05-26,00631L,5.772729873657227,5.772729873657227
2023-05-29,00631L,5.868179798126221,5.868179798126221
2023-05-30,00631L,5.872729778289795,5.872729778289795
2023-05-31,00631L,5.829549789428711,5.829549789428711
2023-06-01,00631L,5.793179988861084,5.793179988861084
2023-06-02,00631L,5.9454498291015625,5.9454498291015625
2023-06-05,00631L,5.925000190734863,5.925000190734863
2023-06-06,00631L,5.959090232849121,5.959090232849121
2023-06-07,00631L,6.081820011138916,6.081820011138916
2023-06-08,00631L,5.9454498291015625,5.9454498291015625
2023-06-09,00631L,6.0590901374816895,6.0590901374816895
2023-06-12,00631L,6.125,6.125
2023-06-13,00631L,6.334090232849121,6.334090232849121
2023-06-14,00631L,6.327270030975342,6.327270030975342
2023-06-15,00631L,6.402269840240479,6.402269840240479
2023-06-16,00631L,6.356820106506348,6.356820106506348
2023-06-19,00631L,6.338640213012695,6.338640213012695
2023-06-20,00631L,6.293179988861084,6.293179988861084
2023-06-21,00631L,6.290909767150879,6.290909767150879
2023-06-26,00631L,6.190909862518311,6.190909862518311
2023-06-27,00631L,6.088640213012695,6.088640213012695
2023-06-28,00631L,6.104549884796143,6.104549884796143
2023-06-29,00631L,6.1113600730896,6.1113600730896
2023-06-30,00631L,6.147729873657227,6.147729873657227
2023-07-03,00631L,6.306819915771484,6.306819915771484
2023-07-04,00631L,6.3590898513793945,6.3590898513793945
2023-07-05,00631L,6.286359786987305,6.286359786987305
2023-07-06,00631L,6.061359882354736,6.061359882354736
2023-07-07,00631L,6.004549980163574,6.004549980163574
2023-07-10,00631L,5.981820106506348,5.981820106506348
2023-07-11,00631L,6.165909767150879,6.165909767150879
2023-07-12,00631L,6.199999809265137,6.199999809265137
2023-07-13,00631L,6.329549789428711,6.329549789428711
2023-07-14,00631L,6.4727301597595215,6.4727301597595215
2023-07-17,00631L,6.4727301597595215,6.4727301597595215
2023-07-18,00631L,6.422729969024658,6.422729969024658
2023-07-19,00631L,6.345449924468994,6.345449924468994
2023-07-20,00631L,6.379549980163574,6.379549980163574
2023-07-21,00631L,6.259089946746826,6.259089946746826
2023-07-24,00631L,6.279550075531006,6.279550075531006
2023-07-25,00631L,6.425000190734863,6.425000190734863
2023-07-26,00631L,6.377270221710205,6.377270221710205
2023-07-27,00631L,6.4727301597595215,6.4727301597595215
2023-07-28,00631L,6.477270126342773,6.477270126342773
2023-07-31,00631L,6.356820106506348,6.356820106506348
2023-08-01,00631L,6.431819915771484,6.431819915771484
2023-08-02,00631L,6.1795501708984375,6.1795501708984375
2023-08-04,00631L,6.170450210571289,6.170450210571289
2023-08-07,00631L,6.3090901374816895,6.3090901374816895
2023-08-08,00631L,6.1795501708984375,6.1795501708984375
2023-08-09,00631L,6.17726993560791,6.17726993560791
2023-08-10,00631L,6.029550075531006,6.029550075531006
2023-08-11,00631L,6.025000095367432,6.025000095367432
2023-08-14,00631L,5.824999809265137,5.824999809265137
2023-08-15,00631L,5.886360168457031,5.886360168457031
2023-08-16,00631L,5.856820106506348,5.856820106506348
2023-08-17,00631L,5.9295501708984375,5.9295501708984375
2023-08-18,00631L,5.824999809265137,5.824999809265137
2023-08-21,00631L,5.818180084228516,5.818180084228516
2023-08-22,00631L,5.868179798126221,5.868179798126221
2023-08-23,00631L,5.974999904632568,5.974999904632568
2023-08-24,00631L,6.122729778289795,6.122729778289795
2023-08-25,00631L,5.879549980163574,5.879549980163574
2023-08-28,00631L,5.92726993560791,5.92726993560791
2023-08-29,00631L,6.022729873657227,6.022729873657227
2023-08-30,00631L,6.088640213012695,6.088640213012695
2023-08-31,00631L,6.0159101486206055,6.0159101486206055
2023-09-01,00631L,6.047729969024658,6.047729969024658
2023-09-04,00631L,6.1113600730896,6.1113600730896
2023-09-05,00631L,6.115910053253174,6.115910053253174
2023-09-06,00631L,6.081820011138916,6.081820011138916
2023-09-07,00631L,5.974999904632568,5.974999904632568
2023-09-08,00631L,5.956820011138916,5.956820011138916
2023-09-11,00631L,5.8590898513793945,5.8590898513793945
2023-09-12,00631L,5.968180179595947,5.968180179595947
2023-09-13,00631L,5.9863600730896,5.9863600730896
2023-09-14,00631L,6.168179988861084,6.168179988861084
2023-09-15,00631L,6.215909957885742,6.215909957885742
2023-09-18,00631L,6.074999809265137,6.074999809265137
2023-09-19,00631L,6.009089946746826,6.009089946746826
2023-09-20,00631L,5.954549789428711,5.954549789428711
2023-09-21,00631L,5.768179893493652,5.768179893493652
2023-09-22,00631L,5.793179988861084,5.793179988861084
2023-09-25,00631L,5.884089946746826,5.884089946746826
2023-09-26,00631L,5.747729778289795,5.747729778289795
2023-09-27,00631L,5.768179893493652,5.768179893493652
2023-09-28,00631L,5.8090901374816895,5.8090901374816895
2023-10-02,00631L,5.956820011138916,5.956820011138916
2023-10-03,00631L,5.8613600730896,5.8613600730896
2023-10-04,00631L,5.731820106506348,5.731820106506348
2023-10-05,00631L,5.886360168457031,5.886360168457031
2023-10-06,00631L,5.925000190734863,5.925000190734863
2023-10-11,00631L,6.0545501708984375,6.0545501708984375
2023-10-12,00631L,6.150000095367432,6.150000095367432
2023-10-13,00631L,6.102270126342773,6.102270126342773
2023-10-16,00631L,6.0136399269104,6.0136399269104
2023-10-17,00631L,6.006820201873779,6.006820201873779
2023-10-18,00631L,5.881820201873779,5.881820201873779
2023-10-19,00631L,5.872729778289795,5.872729778289795
2023-10-20,00631L,5.849999904632568,5.849999904632568
2023-10-23,00631L,5.727270126342773,5.727270126342773
2023-10-24,00631L,5.784090042114258,5.784090042114258
2023-10-25,00631L,5.815909862518311,5.815909862518311
2023-10-26,00631L,5.579549789428711,5.579549789428711
2023-10-27,00631L,5.6409101486206055,5.6409101486206055
2023-10-30,00631L,5.636360168457031,5.636360168457031
2023-10-31,00631L,5.536359786987305,5.536359786987305
2023-11-01,00631L,5.586359977722168,5.586359977722168
2023-11-02,00631L,5.811359882354736,5.811359882354736
2023-11-03,00631L,5.8909101486206055,5.8909101486206055
2023-11-06,00631L,6.011360168457031,6.011360168457031
2023-11-07,00631L,6.0136399269104,6.0136399269104
2023-11-08,00631L,6.068180084228516,6.068180084228516
2023-11-09,00631L,6.074999809265137,6.074999809265137
2023-11-10,00631L,6.018179893493652,6.018179893493652
2023-11-13,00631L,6.154550075531006,6.154550075531006
2023-11-14,00631L,6.211359977722168,6.211359977722168
2023-11-15,00631L,6.354549884796143,6.354549884796143
2023-11-16,00631L,6.3613600730896,6.3613600730896
2023-11-17,00631L,6.395450115203857,6.395450115203857
2023-11-20,00631L,6.384089946746826,6.384089946746826
2023-11-21,00631L,6.540909767150879,6.540909767150879
2023-11-22,00631L,6.44773006439209,6.44773006439209
2023-11-23,00631L,6.443180084228516,6.443180084228516
2023-11-24,00631L,6.452270030975342,6.452270030975342
2023-11-27,00631L,6.336359977722168,6.336359977722168
2023-11-28,00631L,6.493179798126221,6.493179798126221
2023-11-29,00631L,6.4840898513793945,6.4840898513793945
2023-11-30,00631L,6.522729873657227,6.522729873657227
2023-12-01,00631L,6.536359786987305,6.536359786987305
2023-12-04,00631L,6.531819820404053,6.531819820404053
2023-12-05,00631L,6.443180084228516,6.443180084228516
2023-12-06,00631L,6.5,6.5
2023-12-07,00631L,6.422729969024658,6.422729969024658
2023-12-08,00631L,6.502270221710205,6.502270221710205
2023-12-11,00631L,6.525000095367432,6.525000095367432
2023-12-12,00631L,6.556819915771484,6.556819915771484
2023-12-13,00631L,6.5590901374816895,6.5590901374816895
2023-12-14,00631L,6.713640213012695,6.713640213012695
2023-12-15,00631L,6.743179798126221,6.743179798126221
2023-12-18,00631L,6.720449924468994,6.720449924468994
2023-12-19,00631L,6.650000095367432,6.650000095367432
2023-12-20,00631L,6.7340898513793945,6.7340898513793945
2023-12-21,00631L,6.622729778289795,6.622729778289795
2023-12-22,00631L,6.645450115203857,6.645450115203857
2023-12-25,00631L,6.688640117645264,6.688640117645264
2023-12-26,00631L,6.777269840240479,6.777269840240479
2023-12-27,00631L,6.881820201873779,6.881820201873779
2023-12-28,00631L,6.870450019836426,6.870450019836426
2023-12-29,00631L,6.872729778289795,6.872729778289795
2024-01-02,00631L,6.815909862518311,6.815909862518311
2024-01-03,00631L,6.631820201873779,6.631820201873779
2024-01-04,00631L,6.622729778289795,6.622729778289795
2024-01-05,00631L,6.5977301597595215,6.5977301597595215
2024-01-08,00631L,6.652269840240479,6.652269840240479
2024-01-09,00631L,6.645450115203857,6.645450115203857
2024-01-10,00631L,6.565909862518311,6.565909862518311
2024-01-11,00631L,6.650000095367432,6.650000095367432
2024-01-12,00631L,6.602270126342773,6.602270126342773
2024-01-15,00631L,6.652269840240479,6.652269840240479
2024-01-16,00631L,6.5,6.5
2024-01-17,00631L,6.3909101486206055,6.3909101486206055
2024-01-18,00631L,6.415909767150879,6.415909767150879
2024-01-19,00631L,6.729549884796143,6.729549884796143
2024-01-22,00631L,6.827270030975342,6.827270030975342
2024-01-23,00631L,6.872729778289795,6.872729778289795
2024-01-24,00631L,6.881820201873779,6.881820201873779
2024-01-25,00631L,6.977270126342773,6.977270126342773
2024-01-26,00631L,6.959090232849121,6.959090232849121
2024-01-29,00631L,7.077270030975342,7.077270030975342
2024-01-30,00631L,7.05226993560791,7.05226993560791
2024-01-31,00631L,6.909090042114258,6.909090042114258
2024-02-01,00631L,6.938640117645264,6.938640117645264
2024-02-02,00631L,7.040909767150879,7.040909767150879
2024-02-05,00631L,7.047729969024658,7.047729969024658
2024-02-15,00631L,7.509089946746826,7.509089946746826
2024-02-16,00631L,7.490910053253174,7.490910053253174
2024-02-19,00631L,7.5,7.5
2024-02-20,00631L,7.55226993560791,7.55226993560791
2024-02-21,00631L,7.509089946746826,7.509089946746826
2024-02-22,00631L,7.67726993560791,7.67726993560791
2024-02-23,00631L,7.702270030975342,7.702270030975342
2024-02-26,00631L,7.75,7.75
2024-02-27,00631L,7.675000190734863,7.675000190734863
2024-02-29,00631L,7.734089851379394,7.734089851379394
2024-03-01,00631L,7.720449924468994,7.720449924468994
2024-03-04,00631L,8.015910148620605,8.015910148620605
2024-03-05,00631L,8.095450401306152,8.095450401306152
2024-03-06,00631L,8.186360359191895,8.186360359191895
2024-03-07,00631L,8.372730255126953,8.372730255126953
2024-03-08,00631L,8.459090232849121,8.459090232849121
2024-03-11,00631L,8.399999618530273,8.399999618530273
2024-03-12,00631L,8.581819534301758,8.581819534301758
2024-03-13,00631L,8.574999809265137,8.574999809265137
2024-03-14,00631L,8.563639640808105,8.563639640808105
2024-03-15,00631L,8.425000190734863,8.425000190734863
2024-03-18,00631L,8.550000190734863,8.550000190734863
2024-03-19,00631L,8.524999618530273,8.524999618530273
2024-03-20,00631L,8.456819534301758,8.456819534301758
2024-03-21,00631L,8.82273006439209,8.82273006439209
2024-03-22,00631L,8.800000190734863,8.800000190734863
2024-03-25,00631L,8.824999809265137,8.824999809265137
2024-03-26,00631L,8.772729873657227,8.772729873657227
2024-03-27,00631L,8.834090232849121,8.834090232849121
2024-03-28,00631L,8.793180465698242,8.793180465698242
2024-03-29,00631L,8.847729682922363,8.847729682922363
2024-04-01,00631L,8.843179702758789,8.843179702758789
2024-04-02,00631L,9.054550170898438,9.054550170898438
2024-04-03,00631L,8.934089660644531,8.934089660644531
2024-04-08,00631L,9.01364040374756,9.01364040374756
2024-04-09,00631L,9.377269744873049,9.377269744873049
2024-04-10,00631L,9.347729682922363,9.347729682922363
2024-04-11,00631L,9.26364040374756,9.26364040374756
2024-04-12,00631L,9.274999618530272,9.274999618530272
2024-04-15,00631L,9.05226993560791,9.05226993560791
2024-04-16,00631L,8.522729873657227,8.522729873657227
2024-04-17,00631L,8.731820106506348,8.731820106506348
2024-04-18,00631L,8.834090232849121,8.834090232849121
2024-04-19,00631L,8.136360168457031,8.136360168457031
2024-04-22,00631L,8.111359596252441,8.111359596252441
2024-04-23,00631L,8.259090423583984,8.259090423583984
2024-04-24,00631L,8.679550170898438,8.679550170898438
2024-04-25,00631L,8.409090042114258,8.409090042114258
2024-04-26,00631L,8.663640022277832,8.663640022277832
2024-04-29,00631L,8.977270126342773,8.977270126342773
2024-04-30,00631L,8.925000190734863,8.925000190734863
2024-05-02,00631L,8.777270317077637,8.777270317077637
2024-05-03,00631L,8.818180084228516,8.818180084228516
2024-05-06,00631L,9.038640022277832,9.038640022277832
2024-05-07,00631L,9.093179702758787,9.093179702758787
2024-05-08,00631L,9.1454496383667,9.1454496383667
2024-05-09,00631L,9.070449829101562,9.070449829101562
2024-05-10,00631L,9.211359977722168,9.211359977722168
2024-05-13,00631L,9.286359786987305,9.286359786987305
2024-05-14,00631L,9.411359786987305,9.411359786987305
2024-05-15,00631L,9.609089851379396,9.609089851379396
2024-05-16,00631L,9.734089851379396,9.734089851379396
2024-05-17,00631L,9.69773006439209,9.69773006439209
2024-05-20,00631L,9.693180084228516,9.693180084228516
2024-05-21,00631L,9.656820297241213,9.656820297241213
2024-05-22,00631L,9.940910339355469,9.940910339355469
2024-05-23,00631L,9.9795503616333,9.9795503616333
2024-05-24,00631L,9.952269554138184,9.952269554138184
2024-05-27,00631L,10.206819534301758,10.206819534301758
2024-05-28,00631L,10.295450210571287,10.295450210571287
2024-05-29,00631L,10.088640213012695,10.088640213012695
2024-05-30,00631L,9.740909576416016,9.740909576416016
2024-05-31,00631L,9.640910148620604,9.640910148620604
2024-06-03,00631L,9.9795503616333,9.9795503616333
2024-06-04,00631L,9.699999809265137,9.699999809265137
2024-06-05,00631L,9.795450210571287,9.795450210571287
2024-06-06,00631L,10.202269554138184,10.202269554138184
2024-06-07,00631L,10.168180465698242,10.168180465698242
2024-06-11,00631L,10.13864040374756,10.13864040374756
2024-06-12,00631L,10.36818027496338,10.36818027496338
2024-06-13,00631L,10.6454496383667,10.6454496383667
2024-06-14,00631L,10.777270317077637,10.777270317077637
2024-06-17,00631L,10.777270317077637,10.777270317077637
2024-06-18,00631L,11.097729682922363,11.097729682922363
2024-06-19,00631L,11.543180465698242,11.543180465698242
2024-06-20,00631L,11.779549598693848,11.779549598693848
2024-06-21,00631L,11.63864040374756,11.63864040374756
2024-06-24,00631L,11.136360168457031,11.136360168457031
2024-06-25,00631L,11.156820297241213,11.156820297241213
2024-06-26,00631L,11.286359786987305,11.286359786987305
2024-06-27,00631L,11.215909957885742,11.215909957885742
2024-06-28,00631L,11.399999618530272,11.399999618530272
2024-07-01,00631L,11.399999618530272,11.399999618530272
2024-07-02,00631L,11.231820106506348,11.231820106506348
2024-07-03,00631L,11.54090976715088,11.54090976715088
2024-07-04,00631L,12.031820297241213,12.031820297241213
2024-07-05,00631L,11.963640213012695,11.963640213012695
2024-07-08,00631L,12.350000381469728,12.350000381469728
2024-07-09,00631L,12.311360359191896,12.311360359191896
2024-07-10,00631L,12.409090042114258,12.409090042114258
2024-07-11,00631L,12.813639640808104,12.813639640808104
2024-07-12,00631L,12.25,12.25
2024-07-15,00631L,12.25,12.25
2024-07-16,00631L,12.363639831542969,12.363639831542969
2024-07-17,00631L,12.195449829101562,12.195449829101562
2024-07-18,00631L,11.779549598693848,11.779549598693848
2024-07-19,00631L,11.284090042114258,11.284090042114258
2024-07-22,00631L,10.761360168457031,10.761360168457031
2024-07-23,00631L,11.245450019836426,11.245450019836426
2024-07-26,00631L,10.529549598693848,10.529549598693848
2024-07-29,00631L,10.613639831542969,10.613639831542969
2024-07-30,00631L,10.640910148620604,10.640910148620604
2024-07-31,00631L,10.634090423583984,10.634090423583984
2024-08-01,00631L,11.0,11.0
2024-08-02,00631L,9.954549789428713,9.954549789428713
2024-08-05,00631L,8.040909767150879,8.040909767150879
2024-08-06,00631L,8.818180084228516,8.818180084228516
2024-08-07,00631L,9.51364040374756,9.51364040374756
2024-08-08,00631L,9.106820106506348,9.106820106506348
2024-08-09,00631L,9.622730255126951,9.622730255126951
2024-08-12,00631L,9.863639831542969,9.863639831542969
2024-08-13,00631L,9.92726993560791,9.92726993560791
2024-08-14,00631L,10.143179893493652,10.143179893493652
2024-08-15,00631L,10.054550170898438,10.054550170898438
2024-08-16,00631L,10.495450019836426,10.495450019836426
2024-08-19,00631L,10.490909576416016,10.490909576416016
2024-08-20,00631L,10.522729873657228,10.522729873657228
2024-08-21,00631L,10.384090423583984,10.384090423583984
2024-08-22,00631L,10.25,10.25
2024-08-23,00631L,10.30226993560791,10.30226993560791
2024-08-26,00631L,10.340909957885742,10.340909957885742
2024-08-27,00631L,10.331819534301758,10.331819534301758
2024-08-28,00631L,10.531820297241213,10.531820297241213
2024-08-29,00631L,10.338640213012695,10.338640213012695
2024-08-30,00631L,10.449999809265137,10.449999809265137
2024-09-02,00631L,10.363639831542969,10.363639831542969
2024-09-03,00631L,10.238639831542969,10.238639831542969
2024-09-04,00631L,9.252269744873049,9.252269744873049
2024-09-05,00631L,9.347729682922363,9.347729682922363
2024-09-06,00631L,9.574999809265137,9.574999809265137
2024-09-09,00631L,9.320449829101562,9.320449829101562
2024-09-10,00631L,9.279549598693848,9.279549598693848
2024-09-11,00631L,9.213640213012695,9.213640213012695
2024-09-12,00631L,9.852270126342772,9.852270126342772
2024-09-13,00631L,9.940910339355469,9.940910339355469
2024-09-16,00631L,9.981820106506348,9.981820106506348
2024-09-18,00631L,9.820449829101562,9.820449829101562
2024-09-19,00631L,10.152270317077637,10.152270317077637
2024-09-20,00631L,10.274999618530272,10.274999618530272
2024-09-23,00631L,10.418180465698242,10.418180465698242
2024-09-24,00631L,10.556819915771484,10.556819915771484
2024-09-25,00631L,10.872730255126951,10.872730255126951
2024-09-26,00631L,10.990909576416016,10.990909576416016
2024-09-27,00631L,10.977270126342772,10.977270126342772
2024-09-30,00631L,10.406820297241213,10.406820297241213
2024-10-01,00631L,10.454549789428713,10.454549789428713
2024-10-04,00631L,10.36818027496338,10.36818027496338
2024-10-07,00631L,10.827269554138184,10.827269554138184
2024-10-08,00631L,10.63181972503662,10.63181972503662
2024-10-09,00631L,10.727270126342772,10.727270126342772
2024-10-11,00631L,10.9795503616333,10.9795503616333
2024-10-14,00631L,11.047730445861816,11.047730445861816
2024-10-15,00631L,11.336359977722168,11.336359977722168
2024-10-16,00631L,11.068180084228516,11.068180084228516
2024-10-17,00631L,11.140910148620604,11.140910148620604
2024-10-18,00631L,11.54090976715088,11.54090976715088
2024-10-21,00631L,11.554550170898438,11.554550170898438
2024-10-22,00631L,11.522729873657228,11.522729873657228
2024-10-23,00631L,11.350000381469728,11.350000381469728
2024-10-24,00631L,11.222729682922363,11.222729682922363
2024-10-25,00631L,11.386360168457031,11.386360168457031
2024-10-28,00631L,11.288640022277832,11.288640022277832
2024-10-29,00631L,10.909090042114258,10.909090042114258
2024-10-30,00631L,10.865909576416016,10.865909576416016
2024-11-01,00631L,10.75681972503662,10.75681972503662
2024-11-04,00631L,10.997730255126951,10.997730255126951
2024-11-05,00631L,11.045450210571287,11.045450210571287
2024-11-06,00631L,11.215909957885742,11.215909957885742
2024-11-07,00631L,11.438639640808104,11.438639640808104
2024-11-08,00631L,11.55226993560791,11.55226993560791
2024-11-11,00631L,11.529549598693848,11.529549598693848
2024-11-12,00631L,10.8954496383667,10.8954496383667
2024-11-13,00631L,10.840909957885742,10.840909957885742
2024-11-14,00631L,10.640910148620604,10.640910148620604
2024-11-15,00631L,10.818180084228516,10.818180084228516
2024-11-18,00631L,10.550000190734863,10.550000190734863
2024-11-19,00631L,10.836359977722168,10.836359977722168
2024-11-20,00631L,10.73635959625244,10.73635959625244
2024-11-21,00631L,10.568180084228516,10.568180084228516
2024-11-22,00631L,10.92726993560791,10.92726993560791
2024-11-25,00631L,10.954549789428713,10.954549789428713
2024-11-26,00631L,10.620450019836426,10.620450019836426
2024-11-27,00631L,10.313639640808104,10.313639640808104
2024-11-28,00631L,10.252269744873049,10.252269744873049
2024-11-29,00631L,10.329549789428713,10.329549789428713
2024-12-02,00631L,10.706819534301758,10.706819534301758
2024-12-03,00631L,10.961359977722168,10.961359977722168
2024-12-04,00631L,11.136360168457031,11.136360168457031
2024-12-05,00631L,11.152270317077637,11.152270317077637
2024-12-06,00631L,11.106820106506348,11.106820106506348
2024-12-09,00631L,11.100000381469728,11.100000381469728
2024-12-10,00631L,10.975000381469728,10.975000381469728
2024-12-11,00631L,10.784090042114258,10.784090042114258
2024-12-12,00631L,10.972729682922363,10.972729682922363
2024-12-13,00631L,10.925000190734863,10.925000190734863
2024-12-16,00631L,10.863639831542969,10.863639831542969
2024-12-17,00631L,10.988639831542969,10.988639831542969
2024-12-18,00631L,10.988639831542969,10.988639831542969
2024-12-19,00631L,10.73635959625244,10.73635959625244
2024-12-20,00631L,10.534090042114258,10.534090042114258
2024-12-23,00631L,11.04090976715088,11.04090976715088
2024-12-24,00631L,11.047730445861816,11.047730445861816
2024-12-25,00631L,11.154549598693848,11.154549598693848
2024-12-26,00631L,11.127269744873049,11.127269744873049
2024-12-27,00631L,11.184089660644531,11.184089660644531
2024-12-30,00631L,11.009090423583984,11.009090423583984
2024-12-31,00631L,10.925000190734863,10.925000190734863
2025-01-02,00631L,10.656820297241213,10.656820297241213
2025-01-03,00631L,10.82273006439209,10.82273006439209
2025-01-06,00631L,11.41590976715088,11.41590976715088
2025-01-07,00631L,11.547730445861816,11.547730445861816
2025-01-08,00631L,11.29090976715088,11.29090976715088
2025-01-09,00631L,10.977270126342772,10.977270126342772
2025-01-10,00631L,10.922730445861816,10.922730445861816
2025-01-13,00631L,10.409090042114258,10.409090042114258
2025-01-14,00631L,10.570449829101562,10.570449829101562
2025-01-15,00631L,10.390910148620604,10.390910148620604
2025-01-16,00631L,10.811360359191896,10.811360359191896
2025-01-17,00631L,10.879549980163574,10.879549980163574
2025-01-20,00631L,11.097729682922363,11.097729682922363
2025-01-21,00631L,11.120450019836426,11.120450019836426
2025-01-22,00631L,11.404549598693848,11.404549598693848
2025-02-03,00631L,10.431819915771484,10.431819915771484
2025-02-04,00631L,10.484089851379396,10.484089851379396
2025-02-05,00631L,10.893179893493652,10.893179893493652
2025-02-06,00631L,10.949999809265137,10.949999809265137
2025-02-07,00631L,11.13181972503662,11.13181972503662
2025-02-10,00631L,10.945449829101562,10.945449829101562
2025-02-11,00631L,11.034090042114258,11.034090042114258
2025-02-12,00631L,11.009090423583984,11.009090423583984
2025-02-13,00631L,11.088640213012695,11.088640213012695
2025-02-14,00631L,10.863639831542969,10.863639831542969
2025-02-17,00631L,11.19773006439209,11.19773006439209
2025-02-18,00631L,11.297730445861816,11.297730445861816
2025-02-19,00631L,11.25,11.25
2025-02-20,00631L,11.17726993560791,11.17726993560791
2025-02-21,00631L,11.384090423583984,11.384090423583984
2025-02-24,00631L,11.225000381469728,11.225000381469728
2025-02-25,00631L,10.954549789428713,10.954549789428713
2025-02-26,00631L,11.05226993560791,11.05226993560791
2025-02-27,00631L,10.838640213012695,10.838640213012695
2025-03-03,00631L,10.429550170898438,10.429550170898438
2025-03-04,00631L,10.315910339355469,10.315910339355469
2025-03-05,00631L,10.57273006439209,10.57273006439209
2025-03-06,00631L,10.438639640808104,10.438639640808104
2025-03-07,00631L,10.245450019836426,10.245450019836426
2025-03-10,00631L,10.170450210571287,10.170450210571287
2025-03-11,00631L,9.795450210571287,9.795450210571287
2025-03-12,00631L,9.902270317077637,9.902270317077637
2025-03-13,00631L,9.725000381469728,9.725000381469728
2025-03-14,00631L,9.718179702758787,9.718179702758787
2025-03-17,00631L,9.877269744873049,9.877269744873049
2025-03-18,00631L,9.956819534301758,9.956819534301758
2025-03-19,00631L,9.768179893493652,9.768179893493652
2025-03-20,00631L,10.100000381469728,10.100000381469728
2025-03-21,00631L,9.918180465698242,9.918180465698242
2025-03-24,00631L,9.856820106506348,9.856820106506348
2025-03-25,00631L,10.011360168457031,10.011360168457031
2025-03-26,00631L,10.031820297241213,10.031820297241213
2025-03-27,00631L,9.695449829101562,9.695449829101562
2025-03-28,00631L,9.36818027496338,9.36818027496338
2025-03-31,00631L,8.681819915771484,8.681819915771484
2025-04-01,00631L,9.047730445861816,9.047730445861816
2025-04-02,00631L,9.1045503616333,9.1045503616333
2025-04-07,00631L,7.284090042114258,7.284090042114258
2025-04-08,00631L,6.468180179595947,6.468180179595947
2025-04-09,00631L,5.747729778289795,5.747729778289795
2025-04-10,00631L,6.895450115203857,6.895450115203857
2025-04-11,00631L,7.2772698402404785,7.2772698402404785
2025-04-14,00631L,7.261360168457031,7.261360168457031
2025-04-15,00631L,7.5,7.5
2025-04-16,00631L,7.186359882354736,7.186359882354736
2025-04-17,00631L,7.150000095367432,7.150000095367432
2025-04-18,00631L,7.17726993560791,7.17726993560791
2025-04-21,00631L,6.938640117645264,6.938640117645264
2025-04-22,00631L,6.759089946746826,6.759089946746826
2025-04-23,00631L,7.32273006439209,7.32273006439209
2025-04-24,00631L,7.209090232849121,7.209090232849121
2025-04-25,00631L,7.5272698402404785,7.5272698402404785
2025-04-28,00631L,7.629549980163574,7.629549980163574
2025-04-29,00631L,7.770450115203857,7.770450115203857
2025-04-30,00631L,7.740910053253174,7.740910053253174
2025-05-02,00631L,8.175000190734863,8.175000190734863
2025-05-05,00631L,7.961359977722168,7.961359977722168
2025-05-06,00631L,7.943180084228516,7.943180084228516
2025-05-07,00631L,7.920450210571289,7.920450210571289
2025-05-08,00631L,8.106820106506348,8.106820106506348
2025-05-09,00631L,8.293180465698242,8.293180465698242
2025-05-12,00631L,8.472729682922363,8.472729682922363
2025-05-13,00631L,8.670450210571289,8.670450210571289
2025-05-14,00631L,9.031820297241213,9.031820297241213
2025-05-15,00631L,8.9795503616333,8.9795503616333
2025-05-16,00631L,9.097729682922363,9.097729682922363
2025-05-19,00631L,8.82273006439209,8.82273006439209
2025-05-20,00631L,8.845450401306152,8.845450401306152
2025-05-21,00631L,9.068180084228516,9.068180084228516
2025-05-22,00631L,8.881819725036621,8.881819725036621
2025-05-23,00631L,8.852270126342773,8.852270126342773
2025-05-26,00631L,8.800000190734863,8.800000190734863
2025-05-27,00631L,8.640910148620605,8.640910148620605
2025-05-28,00631L,8.675000190734863,8.675000190734863
2025-05-29,00631L,8.725000381469727,8.725000381469727
2025-06-02,00631L,8.350000381469727,8.350000381469727
2025-06-03,00631L,8.461359977722168,8.461359977722168
2025-06-04,00631L,8.8954496383667,8.8954496383667
2025-06-05,00631L,8.909090042114258,8.909090042114258
2025-06-06,00631L,8.940910339355469,8.940910339355469
2025-06-09,00631L,9.050000190734863,9.050000190734863
2025-06-10,00631L,9.399999618530272,9.399999618530272
2025-06-11,00631L,9.57273006439209,9.57273006439209
2025-06-12,00631L,9.5,9.5
2025-06-13,00631L,9.279549598693848,9.279549598693848
2025-06-16,00631L,9.329549789428713,9.329549789428713
2025-06-17,00631L,9.386360168457031,9.386360168457031
2025-06-18,00631L,9.522729873657228,9.522729873657228
2025-06-19,00631L,9.32273006439209,9.32273006439209
2025-06-20,00631L,9.268179893493652,9.268179893493652
2025-06-23,00631L,9.113639831542969,9.113639831542969
2025-06-24,00631L,9.51364040374756,9.51364040374756
2025-06-25,00631L,9.715909957885742,9.715909957885742
2025-06-26,00631L,9.668180465698242,9.668180465698242
2025-06-27,00631L,9.6454496383667,9.6454496383667
2025-06-30,00631L,9.704549789428713,9.704549789428713
2025-07-01,00631L,9.88864040374756,9.88864040374756
2025-07-02,00631L,9.904549598693848,9.904549598693848
2025-07-03,00631L,10.179550170898438,10.179550170898438
2025-07-04,00631L,9.963640213012695,9.963640213012695
2025-07-07,00631L,9.83409023284912,9.83409023284912
2025-07-08,00631L,9.765910148620604,9.765910148620604
2025-07-09,00631L,9.949999809265137,9.949999809265137
2025-07-10,00631L,10.074999809265137,10.074999809265137
2025-07-11,00631L,10.218179702758787,10.218179702758787
2025-07-14,00631L,10.034090042114258,10.034090042114258
2025-07-15,00631L,10.304550170898438,10.304550170898438
2025-07-16,00631L,10.484089851379396,10.484089851379396
2025-07-17,00631L,10.647729873657228,10.647729873657228
2025-07-18,00631L,10.856820106506348,10.856820106506348
2025-07-21,00631L,10.79090976715088,10.79090976715088
2025-07-22,00631L,10.588640213012695,10.588640213012695
2025-07-23,00631L,10.765910148620604,10.765910148620604
2025-07-24,00631L,10.893179893493652,10.893179893493652
2025-07-25,00631L,10.827269554138184,10.827269554138184
2025-07-28,00631L,10.936360359191896,10.936360359191896
2025-07-29,00631L,10.70909023284912,10.70909023284912
2025-07-30,00631L,10.913640022277832,10.913640022277832
2025-07-31,00631L,11.1454496383667,11.1454496383667
2025-08-01,00631L,10.949999809265137,10.949999809265137
2025-08-04,00631L,10.856820106506348,10.856820106506348
2025-08-05,00631L,11.120450019836426,11.120450019836426
2025-08-06,00631L,10.95909023284912,10.95909023284912
2025-08-07,00631L,11.509090423583984,11.509090423583984
2025-08-08,00631L,11.48635959625244,11.48635959625244
2025-08-11,00631L,11.670450210571287,11.670450210571287
2025-08-12,00631L,11.695449829101562,11.695449829101562
2025-08-13,00631L,11.829549789428713,11.829549789428713
2025-08-14,00631L,11.786359786987305,11.786359786987305
2025-08-15,00631L,11.815910339355469,11.815910339355469
2025-08-18,00631L,11.94773006439209,11.94773006439209
2025-08-19,00631L,11.831819534301758,11.831819534301758
2025-08-20,00631L,11.211359977722168,11.211359977722168
2025-08-21,00631L,11.413640022277832,11.413640022277832
2025-08-22,00631L,11.313639640808104,11.313639640808104
2025-08-25,00631L,11.777270317077637,11.777270317077637
2025-08-26,00631L,11.7704496383667,11.7704496383667
2025-08-27,00631L,11.995450019836426,11.995450019836426
2025-08-28,00631L,11.79090976715088,11.79090976715088
2025-08-29,00631L,11.788640022277832,11.788640022277832
2025-09-01,00631L,11.490909576416016,11.490909576416016
2025-09-02,00631L,11.490909576416016,11.490909576416016
2025-09-03,00631L,11.515910148620604,11.515910148620604
2025-09-04,00631L,11.656820297241213,11.656820297241213
2025-09-05,00631L,11.911359786987305,11.911359786987305
2025-09-08,00631L,12.074999809265137,12.074999809265137
2025-09-09,00631L,12.295450210571287,12.295450210571287
2025-09-10,00631L,12.70909023284912,12.70909023284912
2025-09-11,00631L,12.715909957885742,12.715909957885742
2025-09-12,00631L,12.945449829101562,12.945449829101562
2025-09-15,00631L,12.852270126342772,12.852270126342772
2025-09-16,00631L,13.129549980163574,13.129549980163574
2025-09-17,00631L,12.95909023284912,12.95909023284912
2025-09-18,00631L,13.215909957885742,13.215909957885742
2025-09-19,00631L,13.220450401306152,13.220450401306152
2025-09-22,00631L,13.404549598693848,13.404549598693848
2025-09-23,00631L,13.747730255126951,13.747730255126951
2025-09-24,00631L,13.76364040374756,13.76364040374756
2025-09-25,00631L,13.647729873657228,13.647729873657228
2025-09-26,00631L,13.16590976715088,13.16590976715088
2025-09-30,00631L,13.490909576416016,13.490909576416016
2025-10-01,00631L,13.554550170898438,13.554550170898438
2025-10-02,00631L,13.940910339355469,13.940910339355469
2025-10-03,00631L,14.272729873657228,14.272729873657228
2025-10-07,00631L,14.899999618530272,14.899999618530272
2025-10-08,00631L,14.675000190734863,14.675000190734863
2025-10-09,00631L,14.899999618530272,14.899999618530272
2025-10-13,00631L,14.4795503616333,14.4795503616333
2025-10-14,00631L,14.347729682922363,14.347729682922363
2025-10-15,00631L,14.813639640808104,14.813639640808104
2025-10-16,00631L,15.350000381469728,15.350000381469728
2025-10-17,00631L,14.911359786987305,14.911359786987305
2025-10-20,00631L,15.345450401306152,15.345450401306152
2025-10-21,00631L,15.406820297241213,15.406820297241213
2025-10-22,00631L,15.313639640808104,15.313639640808104
2025-10-23,00631L,15.109089851379396,15.109089851379396
2025-10-27,00631L,15.806819915771484,15.806819915771484
2025-10-28,00631L,15.593179702758787,15.593179702758787
2025-10-29,00631L,16.022729873657227,16.022729873657227
2025-10-30,00631L,16.01590919494629,16.01590919494629
2025-10-31,00631L,16.14090919494629,16.14090919494629
2025-11-03,00631L,15.91590976715088,15.91590976715088
2025-11-04,00631L,15.731820106506348,15.731820106506348
2025-11-05,00631L,15.377269744873049,15.377269744873049
2025-11-06,00631L,15.670450210571287,15.670450210571287
2025-11-07,00631L,15.245450019836426,15.245450019836426
2025-11-10,00631L,15.590909957885742,15.590909957885742
2025-11-11,00631L,15.36135959625244,15.36135959625244
2025-11-12,00631L,15.622730255126951,15.622730255126951
2025-11-13,00631L,15.536359786987305,15.536359786987305
2025-11-14,00631L,14.904549598693848,14.904549598693848
2025-11-17,00631L,14.995450019836426,14.995450019836426
2025-11-18,00631L,14.313639640808104,14.313639640808104
2025-11-19,00631L,14.129549980163574,14.129549980163574
2025-11-20,00631L,14.988639831542969,14.988639831542969
2025-11-21,00631L,13.961359977722168,13.961359977722168
2025-11-24,00631L,14.004549980163574,14.004549980163574
2025-11-25,00631L,14.320449829101562,14.320449829101562
2025-11-26,00631L,14.795450210571287,14.795450210571287
2025-11-27,00631L,15.079549789428713,15.079549789428713
2025-11-28,00631L,15.300000190734863,15.300000190734863
2025-12-01,00631L,14.884090423583984,14.884090423583984
2025-12-02,00631L,15.015910148620604,15.015910148620604
2025-12-03,00631L,15.245450019836426,15.245450019836426
2025-12-04,00631L,15.268179893493652,15.268179893493652
2025-12-05,00631L,15.484089851379396,15.484089851379396
2025-12-08,00631L,15.813639640808104,15.813639640808104
2025-12-09,00631L,15.75,15.75
2025-12-10,00631L,15.94773006439209,15.94773006439209
2025-12-11,00631L,15.590909957885742,15.590909957885742
2025-12-12,00631L,15.811360359191896,15.811360359191896
2025-12-15,00631L,15.434089660644531,15.434089660644531
2025-12-16,00631L,15.115909576416016,15.115909576416016
2025-12-17,00631L,15.036359786987305,15.036359786987305
2025-12-18,00631L,14.949999809265137,14.949999809265137
2025-12-19,00631L,15.29090976715088,15.29090976715088
2025-12-22,00631L,15.754549980163574,15.754549980163574
2025-12-23,00631L,15.82273006439209,15.82273006439209
2025-12-24,00631L,15.859089851379396,15.859089851379396
2025-12-26,00631L,16.125,16.125
2025-12-29,00631L,16.415910720825195,16.415910720825195
2025-12-30,00631L,16.37955093383789,16.37955093383789
2025-12-31,00631L,16.49544906616211,16.49544906616211
2026-01-02,00631L,17.056819915771484,17.056819915771484
2026-01-05,00631L,18.009090423583984,18.009090423583984
2026-01-06,00631L,18.377269744873047,18.377269744873047
2026-01-07,00631L,18.259090423583984,18.259090423583984
2026-01-08,00631L,18.21364021301269,18.21364021301269
2026-01-09,00631L,18.165910720825195,18.165910720825195
2026-01-12,00631L,18.45681953430176,18.45681953430176
2026-01-13,00631L,18.63636016845703,18.63636016845703
2026-01-14,00631L,18.81818008422852,18.81818008422852
2026-01-15,00631L,18.834089279174805,18.834089279174805
2026-01-16,00631L,19.424999237060547,19.424999237060547
2026-01-19,00631L,19.72273063659668,19.72273063659668
2026-01-20,00631L,19.727270126342773,19.727270126342773
2026-01-21,00631L,19.26363945007324,19.26363945007324
2026-01-22,00631L,19.747730255126957,19.747730255126957
2026-01-23,00631L,20.05455017089844,20.05455017089844
2026-01-26,00631L,20.06591033935547,20.06591033935547
2026-01-27,00631L,20.50455093383789,20.50455093383789
2026-01-28,00631L,21.08864021301269,21.08864021301269
2026-01-29,00631L,20.852270126342773,20.852270126342773
2026-01-30,00631L,20.225000381469727,20.225000381469727
2026-02-02,00631L,19.41818046569824,19.41818046569824
2026-02-03,00631L,20.197729110717773,20.197729110717773
2026-02-04,00631L,20.411359786987305,20.411359786987305
2026-02-05,00631L,19.72273063659668,19.72273063659668
2026-02-06,00631L,19.48409080505371,19.48409080505371
2026-02-09,00631L,20.63636016845703,20.63636016845703
2026-02-10,00631L,21.334089279174805,21.334089279174805
2026-02-11,00631L,22.09544944763184,22.09544944763184
2026-02-23,00631L,22.122730255126957,22.122730255126957
2026-02-24,00631L,23.377269744873047,23.377269744873047
2026-02-25,00631L,24.26818084716797,24.26818084716797
2026-02-26,00631L,24.447729110717773,24.447729110717773
2026-03-02,00631L,23.92045021057129,23.92045021057129
2026-03-03,00631L,22.747730255126957,22.747730255126957
2026-03-04,00631L,20.659090042114254,20.659090042114254
2026-03-05,00631L,21.76363945007324,21.76363945007324
2026-03-06,00631L,21.729549407958984,21.729549407958984
2026-03-09,00631L,19.55455017089844,19.55455017089844
2026-03-10,00631L,20.447729110717773,20.447729110717773
2026-03-11,00631L,22.072729110717773,22.072729110717773
2026-03-12,00631L,21.36363983154297,21.36363983154297
2026-03-13,00631L,21.12044906616211,21.12044906616211
2026-03-16,00631L,21.072729110717773,21.072729110717773
2026-03-17,00631L,21.80455017089844,21.80455017089844
2026-03-18,00631L,22.5477294921875,22.5477294921875
2026-03-19,00631L,21.477270126342773,21.477270126342773
2026-03-20,00631L,21.334089279174805,21.334089279174805
2026-03-23,00631L,20.127269744873047,20.127269744873047
2026-03-24,00631L,20.14318084716797,20.14318084716797
2026-03-25,00631L,20.14318084716797,20.14318084716797
2026-03-26,00631L,20.14318084716797,20.14318084716797
2026-03-27,00631L,20.14318084716797,20.14318084716797
2026-03-30,00631L,20.14318084716797,20.14318084716797
2026-03-31,00631L,19.26000022888184,19.26000022888184
2026-04-01,00631L,21.0,21.0
2026-04-02,00631L,20.0,20.0
2026-04-07,00631L,20.649999618530277,20.649999618530277
2026-04-08,00631L,22.93000030517578,22.93000030517578
2026-04-09,00631L,22.809999465942383,22.809999465942383
2026-04-10,00631L,23.700000762939453,23.700000762939453
2026-04-13,00631L,23.6200008392334,23.6200008392334
2026-04-14,00631L,24.82999992370605,24.82999992370605
2026-04-15,00631L,25.32999992370605,25.32999992370605
2026-04-16,00631L,25.979999542236328,25.979999542236328
2026-04-17,00631L,25.59000015258789,25.59000015258789
2026-04-20,00631L,25.989999771118164,25.989999771118164
2026-04-21,00631L,26.8799991607666,26.8799991607666
2026-04-22,00631L,27.06999969482422,27.06999969482422
2026-04-23,00631L,26.600000381469727,26.600000381469727
2026-04-24,00631L,28.440000534057617,28.440000534057617
2026-04-27,00631L,29.6200008392334,29.6200008392334
2026-04-28,00631L,29.270000457763672,29.270000457763672
2026-04-29,00631L,28.81999969482422,28.81999969482422
2026-04-30,00631L,28.61000061035156,28.61000061035156
2026-05-04,00631L,31.0,31.0
2026-05-05,00631L,31.07999992370605,31.07999992370605
2026-05-06,00631L,31.88999938964844,31.88999938964844
2026-05-07,00631L,33.060001373291016,33.060001373291016
2026-05-08,00631L,32.470001220703125,32.470001220703125
2026-05-11,00631L,32.65999984741211,32.65999984741211
2026-05-12,00631L,32.52000045776367,32.52000045776367
2026-05-13,00631L,31.850000381469727,31.850000381469727
2026-05-14,00631L,31.959999084472656,31.959999084472656
2026-05-15,00631L,31.26000022888184,31.26000022888184
2026-05-18,00631L,30.90999984741211,30.90999984741211
2026-05-19,00631L,29.93000030517578,29.93000030517578
2026-05-20,00631L,29.51000022888184,29.51000022888184
2026-05-21,00631L,31.57999992370605,31.57999992370605
2026-05-22,00631L,32.560001373291016,32.560001373291016
2026-05-25,00631L,34.560001373291016,34.560001373291016
2026-05-26,00631L,34.400001525878906,34.400001525878906
2026-05-27,00631L,35.72999954223633,35.72999954223633
2026-05-28,00631L,34.470001220703125,34.470001220703125
2026-05-29,00631L,36.93999862670898,36.93999862670898
2026-06-01,00631L,37.77999877929688,37.77999877929688
2026-06-02,00631L,37.90999984741211,37.90999984741211
2026-06-03,00631L,39.220001220703125,39.220001220703125
2026-06-04,00631L,38.29999923706055,38.29999923706055
2026-06-05,00631L,36.66999816894531,36.66999816894531
2026-06-08,00631L,33.79999923706055,33.79999923706055
2026-06-09,00631L,35.439998626708984,35.439998626708984
2026-06-10,00631L,33.43000030517578,33.43000030517578
2026-06-11,00631L,33.22999954223633,33.22999954223633
2026-06-12,00631L,34.83000183105469,34.83000183105469
2026-06-15,00631L,37.06999969482422,37.06999969482422
2026-06-16,00631L,37.310001373291016,37.310001373291016
2026-06-17,00631L,37.5099983215332,37.5099983215332
2026-06-18,00631L,38.33000183105469,38.33000183105469
2026-06-22,00631L,41.31999969482422,41.31999969482422
2026-06-23,00631L,40.20000076293945,40.20000076293945
2026-06-24,00631L,38.08000183105469,38.08000183105469
2026-06-25,00631L,38.15999984741211,38.15999984741211
2026-06-26,00631L,35.2599983215332,35.2599983215332
2026-06-29,00631L,36.27999877929688,36.27999877929688
2026-06-30,00631L,38.41999816894531,38.41999816894531
2026-07-01,00631L,39.47999954223633,39.47999954223633
2026-07-02,00631L,38.880001068115234,38.880001068115234
2026-07-03,00631L,38.79999923706055,38.79999923706055
2026-07-06,00631L,38.75,38.75
2026-07-07,00631L,37.18999862670898,37.18999862670898
2026-07-08,00631L,37.13999938964844,37.13999938964844
2026-07-09,00631L,36.77999877929688,36.77999877929688
2026-07-10,00631L,36.77999877929688,36.77999877929688
2026-07-13,00631L,36.86000061035156,36.86000061035156
2026-07-14,00631L,35.880001068115234,35.880001068115234
2026-07-15,00631L,37.040000915527344,37.040000915527344
2026-07-16,00631L,37.18999862670898,37.18999862670898
2026-07-17,00631L,32.16999816894531,32.16999816894531
2026-07-20,00631L,32.060001373291016,32.060001373291016
2026-07-21,00631L,34.34000015258789,34.34000015258789
2026-07-22,00631L,34.79999923706055,34.79999923706055
2026-07-23,00631L,35.06999969482422,35.06999969482422
2026-07-24,00631L,33.5,33.5
2026-07-27,00631L,33.540000915527344,33.540000915527344
2026-07-28,00631L,30.600000381469727,30.600000381469727
2026-07-29,00631L,28.530000686645508,28.530000686645508
2026-07-30,00631L,28.3799991607666,28.3799991607666
2026-07-31,00631L,33.70000076293945,33.70000076293945
2026-08-03,00631L,32.619998931884766,32.619998931884766
2026-08-04,00631L,32.150001525878906,32.150001525878906
2026-08-05,00631L,34.150001525878906,34.150001525878906
2026-08-06,00631L,33.849998474121094,33.849998474121094
2026-08-07,00631L,33.68000030517578,33.68000030517578
2026-08-10,00631L,34.70000076293945,34.70000076293945
2026-08-11,00631L,34.869998931884766,34.869998931884766
2026-08-12,00631L,35.45000076293945,35.45000076293945
2026-08-13,00631L,36.290000915527344,36.290000915527344
2026-08-14,00631L,35.689998626708984,35.689998626708984
2026-08-17,00631L,35.95000076293945,35.95000076293945
2026-08-18,00631L,34.810001373291016,34.810001373291016
2026-08-19,00631L,33.959999084472656,33.959999084472656
2026-08-20,00631L,34.27000045776367,34.27000045776367
2026-08-21,00631L,34.84000015258789,34.84000015258789
2026-08-24,00631L,34.11000061035156,34.11000061035156
2026-08-25,00631L,34.68000030517578,34.68000030517578
2026-08-26,00631L,35.709999084472656,35.709999084472656
2026-08-27,00631L,35.95000076293945,35.95000076293945
2026-08-28,00631L,36.29999923706055,36.29999923706055
2026-08-31,00631L,35.81999969482422,35.81999969482422
2026-09-01,00631L,37.2599983215332,37.2599983215332
2026-09-02,00631L,35.93000030517578,35.93000030517578
2026-09-03,00631L,35.40999984741211,35.40999984741211
2026-09-04,00631L,36.63999938964844,36.63999938964844
2026-09-07,00631L,37.84000015258789,37.84000015258789
2026-09-08,00631L,37.4900016784668,37.4900016784668
2026-09-09,00631L,37.540000915527344,37.540000915527344
2026-09-10,00631L,37.150001525878906,37.150001525878906
2026-09-11,00631L,35.97999954223633,35.97999954223633
2026-09-14,00631L,35.400001525878906,35.400001525878906
2026-09-15,00631L,35.09000015258789,35.09000015258789
2026-09-16,00631L,35.560001373291016,35.560001373291016
2026-09-17,00631L,36.40999984741211,36.40999984741211
2026-09-18,00631L,37.650001525878906,37.650001525878906
2026-09-21,00631L,38.45000076293945,38.45000076293945
2026-09-23,00631L,38.9900016784668,38.9900016784668
1999-01-05,TAIEX,6152.43017578125,6152.4013671875
1999-01-06,TAIEX,6199.91015625,6199.88134765625
1999-01-07,TAIEX,6404.31005859375,6404.2802734375
1999-01-08,TAIEX,6421.75,6421.72021484375
1999-01-11,TAIEX,6406.990234375,6406.96044921875
1999-01-12,TAIEX,6363.89013671875,6363.8603515625
1999-01-13,TAIEX,6319.33984375,6319.310546875
1999-01-14,TAIEX,6241.31982421875,6241.291015625
1999-01-15,TAIEX,6454.60009765625,6454.5703125
1999-01-18,TAIEX,6377.25,6377.22021484375
1999-01-19,TAIEX,6343.35986328125,6343.330078125
1999-01-20,TAIEX,6310.7099609375,6310.6806640625
1999-01-21,TAIEX,6332.2001953125,6332.17041015625
1999-01-22,TAIEX,6228.9501953125,6228.92138671875
1999-01-25,TAIEX,6032.14990234375,6032.1220703125
1999-01-26,TAIEX,6115.64013671875,6115.6123046875
1999-01-27,TAIEX,6138.8701171875,6138.84228515625
1999-01-28,TAIEX,6063.41015625,6063.38232421875
1999-01-29,TAIEX,5984.0,5983.97265625
1999-02-01,TAIEX,5862.7900390625,5862.76318359375
1999-02-02,TAIEX,5749.64013671875,5749.6142578125
1999-02-03,TAIEX,5743.85986328125,5743.833984375
1999-02-04,TAIEX,5514.89013671875,5514.865234375
1999-02-05,TAIEX,5474.7900390625,5474.76513671875
1999-02-08,TAIEX,5822.97998046875,5822.953125
1999-02-09,TAIEX,5723.72998046875,5723.70458984375
1999-02-10,TAIEX,5798.0,5797.97412109375
1999-02-22,TAIEX,6313.6298828125,6313.6005859375
1999-02-23,TAIEX,6180.93994140625,6180.9111328125
1999-02-24,TAIEX,6238.8701171875,6238.84130859375
1999-02-25,TAIEX,6275.52978515625,6275.50048828125
1999-02-26,TAIEX,6318.52001953125,6318.49072265625
1999-03-01,TAIEX,6312.25,6312.220703125
1999-03-02,TAIEX,6263.5400390625,6263.5107421875
1999-03-03,TAIEX,6403.14013671875,6403.1103515625
1999-03-04,TAIEX,6393.740234375,6393.71044921875
1999-03-05,TAIEX,6383.08984375,6383.06005859375
1999-03-08,TAIEX,6431.9599609375,6431.93017578125
1999-03-09,TAIEX,6493.43017578125,6493.39990234375
1999-03-10,TAIEX,6486.60986328125,6486.57958984375
1999-03-11,TAIEX,6436.7998046875,6436.77001953125
1999-03-12,TAIEX,6462.72998046875,6462.7001953125
1999-03-15,TAIEX,6598.31982421875,6598.28955078125
1999-03-16,TAIEX,6672.22998046875,6672.19921875
1999-03-17,TAIEX,6757.06982421875,6757.03857421875
1999-03-18,TAIEX,6895.009765625,6894.97802734375
1999-03-19,TAIEX,6997.2900390625,6997.25830078125
1999-03-22,TAIEX,7043.22998046875,7043.1982421875
1999-03-23,TAIEX,6945.47998046875,6945.4482421875
1999-03-24,TAIEX,6889.419921875,6889.38818359375
1999-03-25,TAIEX,6941.3798828125,6941.34814453125
1999-03-26,TAIEX,7033.25,7033.21826171875
1999-03-29,TAIEX,6901.68017578125,6901.6484375
1999-03-30,TAIEX,6898.66015625,6898.62841796875
1999-03-31,TAIEX,6881.72021484375,6881.6884765625
1999-04-01,TAIEX,7018.68017578125,7018.6484375
1999-04-02,TAIEX,7232.509765625,7232.4765625
1999-04-06,TAIEX,7163.990234375,7163.95751953125
1999-04-07,TAIEX,7135.89013671875,7135.857421875
1999-04-08,TAIEX,7273.41015625,7273.37646484375
1999-04-09,TAIEX,7265.7001953125,7265.66650390625
1999-04-12,TAIEX,7242.39990234375,7242.36669921875
1999-04-13,TAIEX,7337.85009765625,7337.81640625
1999-04-14,TAIEX,7398.64990234375,7398.61572265625
1999-04-15,TAIEX,7498.169921875,7498.1357421875
1999-04-16,TAIEX,7466.81982421875,7466.78564453125
1999-04-19,TAIEX,7623.18017578125,7623.14501953125
1999-04-20,TAIEX,7627.740234375,7627.705078125
1999-04-21,TAIEX,7474.16015625,7474.1259765625
1999-04-22,TAIEX,7494.60009765625,7494.56591796875
1999-04-23,TAIEX,7612.7998046875,7612.7646484375
1999-04-26,TAIEX,7629.08984375,7629.0546875
1999-04-27,TAIEX,7550.1298828125,7550.0947265625
1999-04-28,TAIEX,7496.60986328125,7496.57568359375
1999-04-29,TAIEX,7289.6201171875,7289.58642578125
1999-04-30,TAIEX,7371.169921875,7371.13623046875
1999-05-03,TAIEX,7383.259765625,7383.2255859375
1999-05-04,TAIEX,7588.0400390625,7588.0048828125
1999-05-05,TAIEX,7572.16015625,7572.125
1999-05-06,TAIEX,7560.0498046875,7560.0146484375
1999-05-07,TAIEX,7469.330078125,7469.2958984375
1999-05-10,TAIEX,7484.3701171875,7484.3359375
1999-05-11,TAIEX,7474.4501953125,7474.416015625
1999-05-12,TAIEX,7448.41015625,7448.3759765625
1999-05-13,TAIEX,7416.2001953125,7416.166015625
1999-05-14,TAIEX,7592.52978515625,7592.49462890625
1999-05-17,TAIEX,7599.759765625,7599.724609375
1999-05-18,TAIEX,7585.509765625,7585.474609375
1999-05-19,TAIEX,7614.60009765625,7614.56494140625
1999-05-20,TAIEX,7608.8798828125,7608.8447265625
1999-05-21,TAIEX,7606.68994140625,7606.65478515625
1999-05-24,TAIEX,7588.22998046875,7588.19482421875
1999-05-25,TAIEX,7417.02978515625,7416.99560546875
1999-05-26,TAIEX,7426.6298828125,7426.595703125
1999-05-27,TAIEX,7469.009765625,7468.9755859375
1999-05-28,TAIEX,7387.3701171875,7387.3359375
1999-05-31,TAIEX,7316.56982421875,7316.5361328125
1999-06-01,TAIEX,7397.6201171875,7397.5859375
1999-06-02,TAIEX,7488.02978515625,7487.99560546875
1999-06-03,TAIEX,7572.91015625,7572.875
1999-06-04,TAIEX,7590.43994140625,7590.40478515625
1999-06-07,TAIEX,7802.68994140625,7802.654296875
1999-06-08,TAIEX,7892.1298828125,7892.0927734375
1999-06-09,TAIEX,7957.7099609375,7957.6728515625
1999-06-10,TAIEX,7996.759765625,7996.72216796875
1999-06-11,TAIEX,7979.39990234375,7979.3623046875
1999-06-14,TAIEX,7973.580078125,7973.54296875
1999-06-15,TAIEX,7960.0,7959.962890625
1999-06-16,TAIEX,8059.02001953125,8058.982421875
1999-06-17,TAIEX,8274.3603515625,8274.3203125
1999-06-21,TAIEX,8413.48046875,8413.4404296875
1999-06-22,TAIEX,8608.91015625,8608.8701171875
1999-06-23,TAIEX,8492.3203125,8492.2802734375
1999-06-24,TAIEX,8589.3095703125,8589.26953125
1999-06-25,TAIEX,8265.9599609375,8265.919921875
1999-06-28,TAIEX,8281.4501953125,8281.41015625
1999-06-29,TAIEX,8514.26953125,8514.2294921875
1999-06-30,TAIEX,8467.3701171875,8467.330078125
1999-07-02,TAIEX,8572.08984375,8572.0498046875
1999-07-05,TAIEX,8593.349609375,8593.3095703125
1999-07-06,TAIEX,8454.490234375,8454.4501953125
1999-07-07,TAIEX,8470.0703125,8470.0302734375
1999-07-08,TAIEX,8592.4296875,8592.3896484375
1999-07-09,TAIEX,8550.26953125,8550.2294921875
1999-07-12,TAIEX,8463.900390625,8463.8603515625
1999-07-13,TAIEX,8204.5,8204.4599609375
1999-07-14,TAIEX,7888.66015625,7888.623046875
1999-07-15,TAIEX,7918.0400390625,7918.0029296875
1999-07-16,TAIEX,7411.580078125,7411.5458984375
1999-07-19,TAIEX,7386.89013671875,7386.85595703125
1999-07-20,TAIEX,7806.85009765625,7806.814453125
1999-07-21,TAIEX,7786.64990234375,7786.6142578125
1999-07-22,TAIEX,7678.669921875,7678.634765625
1999-07-23,TAIEX,7724.52001953125,7724.48486328125
1999-07-26,TAIEX,7595.7099609375,7595.6748046875
1999-07-27,TAIEX,7367.97021484375,7367.9365234375
1999-07-28,TAIEX,7484.5,7484.4658203125
1999-07-29,TAIEX,7359.3701171875,7359.33642578125
1999-07-30,TAIEX,7413.10986328125,7413.07568359375
1999-08-02,TAIEX,7195.93994140625,7195.90673828125
1999-08-03,TAIEX,7175.18994140625,7175.15673828125
1999-08-04,TAIEX,7110.7998046875,7110.767578125
1999-08-05,TAIEX,6959.72998046875,6959.6982421875
1999-08-06,TAIEX,6823.52001953125,6823.48876953125
1999-08-09,TAIEX,7028.009765625,7027.97802734375
1999-08-10,TAIEX,7269.60009765625,7269.56640625
1999-08-11,TAIEX,7228.68017578125,7228.64697265625
1999-08-12,TAIEX,7330.240234375,7330.20654296875
1999-08-13,TAIEX,7626.0498046875,7626.0146484375
1999-08-16,TAIEX,8018.47021484375,8018.4326171875
1999-08-17,TAIEX,8083.43017578125,8083.392578125
1999-08-18,TAIEX,7993.7099609375,7993.67236328125
1999-08-19,TAIEX,7964.669921875,7964.6328125
1999-08-20,TAIEX,8117.419921875,8117.38232421875
1999-08-23,TAIEX,8119.97998046875,8119.9423828125
1999-08-24,TAIEX,7984.39013671875,7984.3525390625
1999-08-25,TAIEX,8127.08984375,8127.05224609375
1999-08-26,TAIEX,8097.56982421875,8097.5322265625
1999-08-27,TAIEX,8053.97021484375,8053.9326171875
1999-08-30,TAIEX,8071.35986328125,8071.322265625
1999-08-31,TAIEX,8157.72998046875,8157.6923828125
1999-09-01,TAIEX,8273.330078125,8273.2900390625
1999-09-02,TAIEX,8226.150390625,8226.1103515625
1999-09-03,TAIEX,8073.97021484375,8073.9326171875
1999-09-06,TAIEX,8130.27978515625,8130.2421875
1999-09-07,TAIEX,7945.759765625,7945.72265625
1999-09-08,TAIEX,7973.2998046875,7973.2626953125
1999-09-09,TAIEX,8025.02001953125,8024.982421875
1999-09-10,TAIEX,8161.4599609375,8161.42236328125
1999-09-13,TAIEX,8178.68994140625,8178.65234375
1999-09-14,TAIEX,8092.02001953125,8091.982421875
1999-09-15,TAIEX,7971.0400390625,7971.0029296875
1999-09-16,TAIEX,7968.89990234375,7968.86279296875
1999-09-17,TAIEX,7916.919921875,7916.8828125
1999-09-20,TAIEX,7972.14013671875,7972.10302734375
1999-09-27,TAIEX,7759.93017578125,7759.89453125
1999-09-28,TAIEX,7577.85009765625,7577.81494140625
1999-09-29,TAIEX,7615.4501953125,7615.4150390625
1999-09-30,TAIEX,7598.7900390625,7598.7548828125
1999-10-01,TAIEX,7694.990234375,7694.955078125
1999-10-04,TAIEX,7685.47998046875,7685.44482421875
1999-10-05,TAIEX,7557.009765625,7556.974609375
1999-10-06,TAIEX,7501.6298828125,7501.595703125
1999-10-07,TAIEX,7612.0,7611.96484375
1999-10-08,TAIEX,7552.97998046875,7552.94482421875
1999-10-11,TAIEX,7607.10986328125,7607.07470703125
1999-10-12,TAIEX,7835.3701171875,7835.333984375
1999-10-13,TAIEX,7836.93994140625,7836.90380859375
1999-10-14,TAIEX,7879.91015625,7879.873046875
1999-10-15,TAIEX,7819.08984375,7819.05419921875
1999-10-18,TAIEX,7745.259765625,7745.22412109375
1999-10-19,TAIEX,7692.9599609375,7692.9248046875
1999-10-20,TAIEX,7666.64013671875,7666.60498046875
1999-10-21,TAIEX,7654.89990234375,7654.86474609375
1999-10-22,TAIEX,7559.6298828125,7559.5947265625
1999-10-25,TAIEX,7680.8701171875,7680.8349609375
1999-10-26,TAIEX,7700.2900390625,7700.2548828125
1999-10-27,TAIEX,7701.22021484375,7701.18505859375
1999-10-28,TAIEX,7681.85009765625,7681.81494140625
1999-10-29,TAIEX,7706.669921875,7706.634765625
1999-11-01,TAIEX,7814.89013671875,7814.8544921875
1999-11-02,TAIEX,7721.58984375,7721.5546875
1999-11-03,TAIEX,7580.08984375,7580.0546875
1999-11-04,TAIEX,7469.22998046875,7469.19580078125
1999-11-05,TAIEX,7488.259765625,7488.2255859375
1999-11-08,TAIEX,7401.490234375,7401.4560546875
1999-11-09,TAIEX,7362.68994140625,7362.65625
1999-11-10,TAIEX,7401.81005859375,7401.77587890625
1999-11-11,TAIEX,7532.22021484375,7532.185546875
1999-11-15,TAIEX,7545.02978515625,7544.9951171875
1999-11-16,TAIEX,7606.2001953125,7606.1650390625
1999-11-17,TAIEX,7645.77978515625,7645.74462890625
1999-11-18,TAIEX,7718.06005859375,7718.02490234375
1999-11-19,TAIEX,7770.81005859375,7770.7744140625
1999-11-22,TAIEX,8052.31005859375,8052.2724609375
1999-11-23,TAIEX,8046.18994140625,8046.15234375
1999-11-24,TAIEX,7921.85009765625,7921.81298828125
1999-11-25,TAIEX,7904.52978515625,7904.49267578125
1999-11-26,TAIEX,7595.43994140625,7595.40478515625
1999-11-29,TAIEX,7823.89990234375,7823.86376953125
1999-11-30,TAIEX,7720.8701171875,7720.8349609375
1999-12-01,TAIEX,7766.2001953125,7766.16455078125
1999-12-02,TAIEX,7806.259765625,7806.22412109375
1999-12-03,TAIEX,7933.169921875,7933.1328125
1999-12-06,TAIEX,7894.4599609375,7894.4228515625
1999-12-07,TAIEX,7827.0498046875,7827.013671875
1999-12-08,TAIEX,7811.02001953125,7810.984375
1999-12-09,TAIEX,7738.83984375,7738.80419921875
1999-12-10,TAIEX,7733.740234375,7733.705078125
1999-12-13,TAIEX,7883.60986328125,7883.57275390625
1999-12-14,TAIEX,7850.14013671875,7850.10400390625
1999-12-15,TAIEX,7859.89013671875,7859.853515625
1999-12-16,TAIEX,7739.759765625,7739.72412109375
1999-12-17,TAIEX,7723.22021484375,7723.18505859375
1999-12-20,TAIEX,7782.93994140625,7782.904296875
1999-12-21,TAIEX,7934.259765625,7934.22265625
1999-12-22,TAIEX,8002.759765625,8002.72216796875
1999-12-23,TAIEX,8083.490234375,8083.45263671875
1999-12-24,TAIEX,8219.4501953125,8219.41015625
1999-12-27,TAIEX,8415.0703125,8415.0302734375
1999-12-28,TAIEX,8448.83984375,8448.7998046875
2000-01-04,TAIEX,8756.5498046875,8756.509765625
2000-01-05,TAIEX,8849.8701171875,8849.830078125
2000-01-06,TAIEX,8922.0302734375,8921.9892578125
2000-01-07,TAIEX,8849.8701171875,8849.830078125
2000-01-10,TAIEX,9102.599609375,9102.5576171875
2000-01-11,TAIEX,8927.0302734375,8926.9892578125
2000-01-12,TAIEX,9144.650390625,9144.6083984375
2000-01-13,TAIEX,9107.1904296875,9107.1484375
2000-01-14,TAIEX,9023.240234375,9023.19921875
2000-01-17,TAIEX,9315.4296875,9315.3876953125
2000-01-18,TAIEX,9250.1904296875,9250.1484375
2000-01-19,TAIEX,9151.4404296875,9151.3984375
2000-01-20,TAIEX,9136.9501953125,9136.908203125
2000-01-21,TAIEX,9255.9404296875,9255.8984375
2000-01-24,TAIEX,9387.0703125,9387.0283203125
2000-01-25,TAIEX,9372.3701171875,9372.328125
2000-01-26,TAIEX,9581.9599609375,9581.916015625
2000-01-27,TAIEX,9628.98046875,9628.9365234375
2000-01-28,TAIEX,9696.91015625,9696.865234375
2000-01-31,TAIEX,9744.8896484375,9744.8447265625
2000-02-01,TAIEX,9856.3896484375,9856.3447265625
2000-02-09,TAIEX,10008.8798828125,10008.833984375
2000-02-10,TAIEX,10057.669921875,10057.623046875
2000-02-11,TAIEX,10128.669921875,10128.623046875
2000-02-14,TAIEX,9971.4501953125,9971.404296875
2000-02-15,TAIEX,9957.740234375,9957.6943359375
2000-02-16,TAIEX,10064.490234375,10064.443359375
2000-02-17,TAIEX,10202.2001953125,10202.1533203125
2000-02-18,TAIEX,10096.3798828125,10096.3330078125
2000-02-21,TAIEX,9912.669921875,9912.625
2000-02-22,TAIEX,9731.9296875,9731.884765625
2000-02-23,TAIEX,9642.259765625,9642.2158203125
2000-02-24,TAIEX,9599.169921875,9599.1259765625
2000-02-25,TAIEX,9432.490234375,9432.4482421875
2000-02-29,TAIEX,9435.9404296875,9435.8984375
2000-03-01,TAIEX,9689.099609375,9689.0546875
2000-03-02,TAIEX,9543.8203125,9543.77734375
2000-03-03,TAIEX,9588.0302734375,9587.986328125
2000-03-06,TAIEX,9367.91015625,9367.8681640625
2000-03-07,TAIEX,9380.0703125,9380.0283203125
2000-03-08,TAIEX,9389.490234375,9389.4482421875
2000-03-09,TAIEX,9587.26953125,9587.2255859375
2000-03-10,TAIEX,9429.599609375,9429.5576171875
2000-03-13,TAIEX,8811.9501953125,8811.91015625
2000-03-14,TAIEX,8835.580078125,8835.5400390625
2000-03-15,TAIEX,8640.0302734375,8639.990234375
2000-03-16,TAIEX,8682.759765625,8682.7197265625
2000-03-17,TAIEX,8763.26953125,8763.2294921875
2000-03-20,TAIEX,8536.0498046875,8536.009765625
2000-03-21,TAIEX,9004.48046875,9004.439453125
2000-03-22,TAIEX,9069.3896484375,9069.34765625
2000-03-23,TAIEX,9533.8701171875,9533.8271484375
2000-03-24,TAIEX,9482.6396484375,9482.5966796875
2000-03-27,TAIEX,9807.5703125,9807.525390625
2000-03-28,TAIEX,9856.599609375,9856.5546875
2000-03-29,TAIEX,9805.6904296875,9805.6455078125
2000-03-30,TAIEX,9931.9404296875,9931.89453125
2000-03-31,TAIEX,9854.9501953125,9854.9052734375
2000-04-05,TAIEX,10186.169921875,10186.123046875
2000-04-06,TAIEX,9969.2802734375,9969.234375
2000-04-07,TAIEX,9921.0302734375,9920.984375
2000-04-10,TAIEX,10127.48046875,10127.43359375
2000-04-11,TAIEX,10068.0498046875,10068.0029296875
2000-04-12,TAIEX,9911.3896484375,9911.3447265625
2000-04-13,TAIEX,9662.599609375,9662.5556640625
2000-04-14,TAIEX,9374.6103515625,9374.568359375
2000-04-17,TAIEX,8993.6796875,8993.638671875
2000-04-18,TAIEX,9307.0302734375,9306.98828125
2000-04-19,TAIEX,9104.400390625,9104.3583984375
2000-04-20,TAIEX,9109.0498046875,9109.0078125
2000-04-21,TAIEX,9120.48046875,9120.4384765625
2000-04-24,TAIEX,8808.08984375,8808.0498046875
2000-04-25,TAIEX,8921.1201171875,8921.0791015625
2000-04-26,TAIEX,8535.9599609375,8535.919921875
2000-04-27,TAIEX,8541.9501953125,8541.91015625
2000-04-28,TAIEX,8824.3603515625,8824.3203125
2000-05-02,TAIEX,8638.75,8638.7099609375
2000-05-03,TAIEX,8420.0,8419.9599609375
2000-05-04,TAIEX,8425.3798828125,8425.33984375
2000-05-05,TAIEX,8698.5302734375,8698.490234375
2000-05-08,TAIEX,8616.1796875,8616.1396484375
2000-05-09,TAIEX,8635.83984375,8635.7998046875
2000-05-10,TAIEX,8559.8701171875,8559.830078125
2000-05-11,TAIEX,8349.91015625,8349.8701171875
2000-05-12,TAIEX,8560.4404296875,8560.400390625
2000-05-15,TAIEX,8465.01953125,8464.9794921875
2000-05-16,TAIEX,8727.8203125,8727.7802734375
2000-05-17,TAIEX,9085.740234375,9085.6982421875
2000-05-18,TAIEX,9087.2099609375,9087.16796875
2000-05-19,TAIEX,9119.76953125,9119.7275390625
2000-05-22,TAIEX,8807.5703125,8807.5302734375
2000-05-23,TAIEX,8671.009765625,8670.9697265625
2000-05-24,TAIEX,8500.41015625,8500.3701171875
2000-05-25,TAIEX,8438.099609375,8438.0595703125
2000-05-26,TAIEX,8559.4599609375,8559.419921875
2000-05-29,TAIEX,8588.25,8588.2099609375
2000-05-30,TAIEX,8764.419921875,8764.3798828125
2000-05-31,TAIEX,8939.51953125,8939.478515625
2000-06-01,TAIEX,8842.6298828125,8842.58984375
2000-06-02,TAIEX,8883.4501953125,8883.4091796875
2000-06-05,TAIEX,8958.2099609375,8958.1689453125
2000-06-07,TAIEX,9115.4697265625,9115.427734375
2000-06-08,TAIEX,9067.8798828125,9067.837890625
2000-06-09,TAIEX,9036.66015625,9036.619140625
2000-06-12,TAIEX,8955.4404296875,8955.3994140625
2000-06-13,TAIEX,8891.08984375,8891.048828125
2000-06-14,TAIEX,8935.23046875,8935.189453125
2000-06-15,TAIEX,8844.9697265625,8844.9296875
2000-06-16,TAIEX,8832.150390625,8832.1103515625
2000-06-19,TAIEX,8751.099609375,8751.0595703125
2000-06-20,TAIEX,8690.66015625,8690.6201171875
2000-06-21,TAIEX,8637.599609375,8637.5595703125
2000-06-22,TAIEX,8771.76953125,8771.7294921875
2000-06-23,TAIEX,8684.9296875,8684.8896484375
2000-06-26,TAIEX,8529.5595703125,8529.51953125
2000-06-27,TAIEX,8424.169921875,8424.1298828125
2000-06-28,TAIEX,8365.6298828125,8365.58984375
2000-06-29,TAIEX,8120.89013671875,8120.8525390625
2000-06-30,TAIEX,8265.08984375,8265.0498046875
2000-07-03,TAIEX,8297.76953125,8297.7294921875
2000-07-04,TAIEX,8052.5400390625,8052.50244140625
2000-07-05,TAIEX,8421.740234375,8421.7001953125
2000-07-06,TAIEX,8289.3896484375,8289.349609375
2000-07-07,TAIEX,8173.080078125,8173.04248046875
2000-07-10,TAIEX,8154.669921875,8154.63232421875
2000-07-11,TAIEX,8158.6298828125,8158.59228515625
2000-07-12,TAIEX,8059.75,8059.71240234375
2000-07-13,TAIEX,8267.66015625,8267.6201171875
2000-07-14,TAIEX,8497.1298828125,8497.08984375
2000-07-17,TAIEX,8585.51953125,8585.4794921875
2000-07-18,TAIEX,8368.7802734375,8368.740234375
2000-07-19,TAIEX,8411.8798828125,8411.83984375
2000-07-20,TAIEX,8219.5302734375,8219.490234375
2000-07-21,TAIEX,8167.3701171875,8167.33251953125
2000-07-24,TAIEX,8064.2001953125,8064.16259765625
2000-07-25,TAIEX,7900.39013671875,7900.35302734375
2000-07-26,TAIEX,7961.5400390625,7961.5029296875
2000-07-27,TAIEX,7956.27978515625,7956.24267578125
2000-07-28,TAIEX,8122.10986328125,8122.072265625
2000-07-31,TAIEX,8114.919921875,8114.88232421875
2000-08-01,TAIEX,7984.64990234375,7984.6123046875
2000-08-02,TAIEX,7916.85009765625,7916.81298828125
2000-08-03,TAIEX,7844.93017578125,7844.89404296875
2000-08-04,TAIEX,7925.2001953125,7925.1630859375
2000-08-07,TAIEX,7715.990234375,7715.955078125
2000-08-08,TAIEX,7797.77978515625,7797.744140625
2000-08-09,TAIEX,8048.14013671875,8048.1025390625
2000-08-10,TAIEX,8024.68994140625,8024.65234375
2000-08-11,TAIEX,7974.64990234375,7974.61279296875
2000-08-14,TAIEX,7848.8701171875,7848.833984375
2000-08-15,TAIEX,7845.68994140625,7845.65380859375
2000-08-16,TAIEX,8003.52978515625,8003.4921875
2000-08-17,TAIEX,8143.25,8143.21240234375
2000-08-18,TAIEX,8176.81982421875,8176.7822265625
2000-08-21,TAIEX,8257.8798828125,8257.83984375
2000-08-22,TAIEX,8118.0498046875,8118.01220703125
2000-08-24,TAIEX,8098.83984375,8098.80224609375
2000-08-25,TAIEX,8026.31982421875,8026.2822265625
2000-08-28,TAIEX,7845.8701171875,7845.833984375
2000-08-29,TAIEX,7817.490234375,7817.45458984375
2000-08-30,TAIEX,7543.9599609375,7543.92529296875
2000-08-31,TAIEX,7616.97998046875,7616.94482421875
2000-09-01,TAIEX,7420.06005859375,7420.02587890625
2000-09-04,TAIEX,7803.02001953125,7802.984375
2000-09-05,TAIEX,7785.6201171875,7785.58447265625
2000-09-06,TAIEX,7610.77978515625,7610.74462890625
2000-09-07,TAIEX,7430.93017578125,7430.89599609375
2000-09-08,TAIEX,7367.990234375,7367.95654296875
2000-09-11,TAIEX,7335.2001953125,7335.16650390625
2000-09-13,TAIEX,7391.66015625,7391.6259765625
2000-09-14,TAIEX,7152.2900390625,7152.25732421875
2000-09-15,TAIEX,7155.4501953125,7155.41748046875
2000-09-18,TAIEX,6910.14013671875,6910.1083984375
2000-09-19,TAIEX,6734.89990234375,6734.86865234375
2000-09-20,TAIEX,6880.08984375,6880.05810546875
2000-09-21,TAIEX,6920.89990234375,6920.8681640625
2000-09-22,TAIEX,6612.08984375,6612.0595703125
2000-09-25,TAIEX,6677.4599609375,6677.42919921875
2000-09-26,TAIEX,6749.02978515625,6748.99853515625
2000-09-27,TAIEX,6717.0400390625,6717.0087890625
2000-09-28,TAIEX,6564.8701171875,6564.83984375
2000-09-29,TAIEX,6432.35986328125,6432.330078125
2000-10-02,TAIEX,6024.06982421875,6024.0419921875
2000-10-03,TAIEX,6143.43994140625,6143.412109375
2000-10-04,TAIEX,5997.919921875,5997.89208984375
2000-10-05,TAIEX,6029.64990234375,6029.6220703125
2000-10-06,TAIEX,6353.669921875,6353.64013671875
2000-10-09,TAIEX,6209.419921875,6209.39111328125
2000-10-11,TAIEX,6040.5498046875,6040.52197265625
2000-10-12,TAIEX,5805.009765625,5804.9833984375
2000-10-13,TAIEX,5876.10986328125,5876.0830078125
2000-10-16,TAIEX,5630.9501953125,5630.9248046875
2000-10-17,TAIEX,5702.35986328125,5702.33447265625
2000-10-18,TAIEX,5432.22998046875,5432.205078125
2000-10-19,TAIEX,5081.27978515625,5081.25634765625
2000-10-20,TAIEX,5404.77978515625,5404.7548828125
2000-10-23,TAIEX,5608.9501953125,5608.9248046875
2000-10-24,TAIEX,5918.6298828125,5918.6025390625
2000-10-25,TAIEX,6023.77978515625,6023.751953125
2000-10-26,TAIEX,5941.85009765625,5941.82275390625
2000-10-27,TAIEX,5805.169921875,5805.1435546875
2000-10-30,TAIEX,5659.080078125,5659.0546875
2000-10-31,TAIEX,5544.18017578125,5544.1552734375
2000-11-01,TAIEX,5425.02001953125,5424.9951171875
2000-11-02,TAIEX,5626.080078125,5626.0546875
2000-11-03,TAIEX,5796.080078125,5796.05419921875
2000-11-06,TAIEX,5657.47998046875,5657.45458984375
2000-11-07,TAIEX,5877.77001953125,5877.7431640625
2000-11-08,TAIEX,6067.93994140625,6067.912109375
2000-11-09,TAIEX,6089.5498046875,6089.52197265625
2000-11-10,TAIEX,6088.740234375,6088.71240234375
2000-11-13,TAIEX,5793.52001953125,5793.494140625
2000-11-14,TAIEX,5772.509765625,5772.48388671875
2000-11-15,TAIEX,5737.02001953125,5736.994140625
2000-11-16,TAIEX,5454.1298828125,5454.10498046875
2000-11-17,TAIEX,5351.35986328125,5351.3359375
2000-11-20,TAIEX,4845.2099609375,4845.1875
2000-11-21,TAIEX,5103.0,5102.9765625
2000-11-22,TAIEX,5130.60986328125,5130.5859375
2000-11-23,TAIEX,5146.919921875,5146.89599609375
2000-11-24,TAIEX,5419.990234375,5419.96533203125
2000-11-27,TAIEX,5433.77978515625,5433.7548828125
2000-11-28,TAIEX,5362.259765625,5362.2353515625
2000-11-29,TAIEX,5319.4599609375,5319.43603515625
2000-11-30,TAIEX,5256.93017578125,5256.90625
2000-12-01,TAIEX,5342.06005859375,5342.0361328125
2000-12-04,TAIEX,5174.02001953125,5173.99609375
2000-12-05,TAIEX,5199.2001953125,5199.17626953125
2000-12-06,TAIEX,5170.6201171875,5170.59619140625
2000-12-07,TAIEX,5212.72998046875,5212.7060546875
2000-12-08,TAIEX,5252.830078125,5252.80615234375
2000-12-11,TAIEX,5284.41015625,5284.38623046875
2000-12-12,TAIEX,5380.08984375,5380.0654296875
2000-12-13,TAIEX,5384.35986328125,5384.33544921875
2000-12-14,TAIEX,5320.16015625,5320.13623046875
2000-12-15,TAIEX,5224.740234375,5224.71630859375
2000-12-18,TAIEX,5055.2001953125,5055.1767578125
2000-12-19,TAIEX,5040.25,5040.2265625
2000-12-20,TAIEX,4947.89013671875,4947.86767578125
2000-12-21,TAIEX,4817.22021484375,4817.1982421875
2000-12-22,TAIEX,4811.22021484375,4811.1982421875
2000-12-26,TAIEX,4721.35986328125,4721.3388671875
2000-12-27,TAIEX,4614.6298828125,4614.60888671875
2000-12-28,TAIEX,4797.14013671875,4797.1181640625
2000-12-29,TAIEX,4743.93994140625,4743.91845703125
2001-01-02,TAIEX,4935.27978515625,4935.25732421875
2001-01-03,TAIEX,4894.7900390625,4894.767578125
2001-01-04,TAIEX,5136.1298828125,5136.10595703125
2001-01-05,TAIEX,5295.52978515625,5295.505859375
2001-01-08,TAIEX,5188.509765625,5188.48583984375
2001-01-09,TAIEX,5376.1201171875,5376.095703125
2001-01-10,TAIEX,5436.77978515625,5436.7548828125
2001-01-11,TAIEX,5369.240234375,5369.2158203125
2001-01-12,TAIEX,5339.39990234375,5339.3759765625
2001-01-15,TAIEX,5379.66015625,5379.6357421875
2001-01-16,TAIEX,5662.93994140625,5662.91455078125
2001-01-17,TAIEX,5769.9501953125,5769.92431640625
2001-01-18,TAIEX,5847.91015625,5847.88330078125
2001-01-29,TAIEX,5680.06005859375,5680.03466796875
2001-01-30,TAIEX,5792.5,5792.47412109375
2001-01-31,TAIEX,5936.2001953125,5936.1728515625
2001-02-01,TAIEX,5897.93017578125,5897.9033203125
2001-02-02,TAIEX,6049.259765625,6049.23193359375
2001-02-05,TAIEX,5932.419921875,5932.392578125
2001-02-06,TAIEX,5849.06005859375,5849.033203125
2001-02-07,TAIEX,5693.580078125,5693.5546875
2001-02-08,TAIEX,5758.60009765625,5758.57421875
2001-02-09,TAIEX,5809.83984375,5809.8134765625
2001-02-12,TAIEX,5847.06982421875,5847.04296875
2001-02-13,TAIEX,6027.490234375,6027.46240234375
2001-02-14,TAIEX,5887.68017578125,5887.6533203125
2001-02-15,TAIEX,6104.240234375,6104.21240234375
2001-02-16,TAIEX,6045.669921875,6045.64208984375
2001-02-19,TAIEX,5937.2998046875,5937.2724609375
2001-02-20,TAIEX,5971.2900390625,5971.2626953125
2001-02-21,TAIEX,5949.9599609375,5949.9326171875
2001-02-22,TAIEX,5759.0400390625,5759.01416015625
2001-02-23,TAIEX,5726.93017578125,5726.90478515625
2001-02-26,TAIEX,5716.02001953125,5715.99462890625
2001-02-27,TAIEX,5674.68994140625,5674.66455078125
2001-03-01,TAIEX,5499.85986328125,5499.8349609375
2001-03-02,TAIEX,5499.5400390625,5499.51513671875
2001-03-05,TAIEX,5609.740234375,5609.71484375
2001-03-06,TAIEX,5635.06005859375,5635.03466796875
2001-03-07,TAIEX,5777.1298828125,5777.10400390625
2001-03-08,TAIEX,5711.02001953125,5710.99462890625
2001-03-09,TAIEX,5680.43017578125,5680.40478515625
2001-03-12,TAIEX,5582.669921875,5582.64501953125
2001-03-13,TAIEX,5610.39990234375,5610.37451171875
2001-03-14,TAIEX,5658.2099609375,5658.1845703125
2001-03-15,TAIEX,5742.740234375,5742.71435546875
2001-03-16,TAIEX,5783.93017578125,5783.904296875
2001-03-19,TAIEX,5641.89013671875,5641.86474609375
2001-03-20,TAIEX,5642.7001953125,5642.6748046875
2001-03-21,TAIEX,5623.419921875,5623.39453125
2001-03-22,TAIEX,5730.9501953125,5730.9248046875
2001-03-23,TAIEX,5800.5498046875,5800.52392578125
2001-03-26,TAIEX,5896.31982421875,5896.29296875
2001-03-27,TAIEX,5884.330078125,5884.30322265625
2001-03-28,TAIEX,5819.39013671875,5819.36376953125
2001-03-29,TAIEX,5833.8798828125,5833.85302734375
2001-03-30,TAIEX,5797.919921875,5797.89404296875
2001-04-02,TAIEX,5607.72998046875,5607.70458984375
2001-04-03,TAIEX,5446.81982421875,5446.794921875
2001-04-04,TAIEX,5405.85009765625,5405.8251953125
2001-04-06,TAIEX,5515.1298828125,5515.10498046875
2001-04-09,TAIEX,5401.830078125,5401.80517578125
2001-04-10,TAIEX,5353.5,5353.47607421875
2001-04-11,TAIEX,5467.75,5467.72509765625
2001-04-12,TAIEX,5533.22021484375,5533.1953125
2001-04-13,TAIEX,5495.47021484375,5495.4453125
2001-04-16,TAIEX,5432.27978515625,5432.2548828125
2001-04-17,TAIEX,5431.9501953125,5431.92529296875
2001-04-18,TAIEX,5508.60986328125,5508.5849609375
2001-04-19,TAIEX,5608.5,5608.474609375
2001-04-20,TAIEX,5596.6298828125,5596.6044921875
2001-04-23,TAIEX,5597.7001953125,5597.6748046875
2001-04-24,TAIEX,5589.33984375,5589.314453125
2001-04-25,TAIEX,5516.2001953125,5516.17529296875
2001-04-26,TAIEX,5518.72998046875,5518.705078125
2001-04-27,TAIEX,5416.669921875,5416.64501953125
2001-04-30,TAIEX,5381.669921875,5381.6455078125
2001-05-02,TAIEX,5304.240234375,5304.21630859375
2001-05-03,TAIEX,5405.5400390625,5405.51513671875
2001-05-04,TAIEX,5244.0498046875,5244.02587890625
2001-05-07,TAIEX,5229.93017578125,5229.90625
2001-05-08,TAIEX,5176.7099609375,5176.68603515625
2001-05-09,TAIEX,5232.64013671875,5232.6162109375
2001-05-10,TAIEX,5122.169921875,5122.14599609375
2001-05-11,TAIEX,5232.72021484375,5232.6962890625
2001-05-14,TAIEX,5176.4501953125,5176.42626953125
2001-05-15,TAIEX,5158.7900390625,5158.76611328125
2001-05-16,TAIEX,5082.02001953125,5081.99658203125
2001-05-17,TAIEX,5143.43994140625,5143.416015625
2001-05-18,TAIEX,5111.669921875,5111.646484375
2001-05-21,TAIEX,4958.60986328125,4958.5869140625
2001-05-22,TAIEX,4991.47998046875,4991.45703125
2001-05-23,TAIEX,5209.97021484375,5209.9462890625
2001-05-24,TAIEX,5226.7900390625,5226.76611328125
2001-05-25,TAIEX,5170.080078125,5170.05615234375
2001-05-28,TAIEX,5079.72021484375,5079.69677734375
2001-05-29,TAIEX,5095.259765625,5095.236328125
2001-05-30,TAIEX,5057.06982421875,5057.04638671875
2001-05-31,TAIEX,5048.85986328125,5048.83642578125
2001-06-01,TAIEX,5013.9599609375,5013.9365234375
2001-06-04,TAIEX,4985.10986328125,4985.0869140625
2001-06-05,TAIEX,5065.06005859375,5065.03662109375
2001-06-06,TAIEX,5220.43994140625,5220.416015625
2001-06-07,TAIEX,5153.35009765625,5153.326171875
2001-06-08,TAIEX,5226.27978515625,5226.255859375
2001-06-11,TAIEX,5271.2998046875,5271.27587890625
2001-06-12,TAIEX,5266.240234375,5266.21630859375
2001-06-13,TAIEX,5209.7099609375,5209.68603515625
2001-06-14,TAIEX,5119.18994140625,5119.16650390625
2001-06-15,TAIEX,5158.6298828125,5158.60595703125
2001-06-18,TAIEX,5070.52001953125,5070.49658203125
2001-06-19,TAIEX,5039.97998046875,5039.95654296875
2001-06-20,TAIEX,5029.64013671875,5029.61669921875
2001-06-21,TAIEX,4984.8798828125,4984.85693359375
2001-06-22,TAIEX,4904.33984375,4904.3173828125
2001-06-26,TAIEX,4785.1201171875,4785.09814453125
2001-06-27,TAIEX,4825.27978515625,4825.2578125
2001-06-28,TAIEX,4768.5498046875,4768.5283203125
2001-06-29,TAIEX,4883.43017578125,4883.40771484375
2001-07-02,TAIEX,4886.85986328125,4886.83740234375
2001-07-03,TAIEX,4843.81982421875,4843.79736328125
2001-07-04,TAIEX,4739.16015625,4739.138671875
2001-07-05,TAIEX,4709.2001953125,4709.17919921875
2001-07-06,TAIEX,4707.009765625,4706.98876953125
2001-07-09,TAIEX,4657.2998046875,4657.27880859375
2001-07-10,TAIEX,4616.7099609375,4616.68896484375
2001-07-11,TAIEX,4548.2900390625,4548.26904296875
2001-07-12,TAIEX,4633.5400390625,4633.51904296875
2001-07-13,TAIEX,4485.68017578125,4485.65966796875
2001-07-16,TAIEX,4368.68994140625,4368.669921875
2001-07-17,TAIEX,4371.990234375,4371.97021484375
2001-07-18,TAIEX,4219.89013671875,4219.8701171875
2001-07-19,TAIEX,4190.77978515625,4190.759765625
2001-07-20,TAIEX,4220.330078125,4220.31005859375
2001-07-23,TAIEX,4151.93017578125,4151.91015625
2001-07-24,TAIEX,4040.77001953125,4040.751220703125
2001-07-25,TAIEX,4136.39013671875,4136.3701171875
2001-07-26,TAIEX,4300.41015625,4300.39013671875
2001-07-27,TAIEX,4320.58984375,4320.56982421875
2001-07-31,TAIEX,4352.97998046875,4352.9599609375
2001-08-01,TAIEX,4354.52001953125,4354.5
2001-08-02,TAIEX,4490.18994140625,4490.16943359375
2001-08-03,TAIEX,4530.68017578125,4530.6591796875
2001-08-06,TAIEX,4470.72998046875,4470.70947265625
2001-08-07,TAIEX,4404.0,4403.97998046875
2001-08-08,TAIEX,4514.10009765625,4514.07958984375
2001-08-09,TAIEX,4448.52001953125,4448.49951171875
2001-08-10,TAIEX,4476.91015625,4476.8896484375
2001-08-13,TAIEX,4520.759765625,4520.7392578125
2001-08-14,TAIEX,4589.60009765625,4589.5791015625
2001-08-15,TAIEX,4623.10986328125,4623.0888671875
2001-08-16,TAIEX,4687.330078125,4687.30908203125
2001-08-17,TAIEX,4638.35986328125,4638.3388671875
2001-08-20,TAIEX,4550.35986328125,4550.3388671875
2001-08-21,TAIEX,4562.72998046875,4562.708984375
2001-08-22,TAIEX,4487.52001953125,4487.49951171875
2001-08-23,TAIEX,4459.759765625,4459.7392578125
2001-08-24,TAIEX,4310.31982421875,4310.2998046875
2001-08-27,TAIEX,4384.5498046875,4384.52978515625
2001-08-28,TAIEX,4368.3798828125,4368.35986328125
2001-08-29,TAIEX,4508.68994140625,4508.66943359375
2001-08-30,TAIEX,4503.85986328125,4503.83935546875
2001-08-31,TAIEX,4509.43994140625,4509.41943359375
2001-09-03,TAIEX,4454.77001953125,4454.74951171875
2001-09-04,TAIEX,4493.52978515625,4493.50927734375
2001-09-05,TAIEX,4424.91015625,4424.89013671875
2001-09-06,TAIEX,4338.259765625,4338.23974609375
2001-09-07,TAIEX,4302.16015625,4302.14013671875
2001-09-10,TAIEX,4289.10009765625,4289.080078125
2001-09-11,TAIEX,4176.93017578125,4176.91015625
2001-09-13,TAIEX,3952.489990234375,3952.471435546875
2001-09-14,TAIEX,3774.6201171875,3774.6025390625
2001-09-18,TAIEX,3774.6201171875,3774.6025390625
2001-09-19,TAIEX,3781.169921875,3781.15234375
2001-09-20,TAIEX,3698.840087890625,3698.822998046875
2001-09-21,TAIEX,3591.85009765625,3591.83349609375
2001-09-24,TAIEX,3533.510009765625,3533.494140625
2001-09-25,TAIEX,3493.780029296875,3493.76416015625
2001-09-26,TAIEX,3625.530029296875,3625.51318359375
2001-09-27,TAIEX,3567.6298828125,3567.613525390625
2001-09-28,TAIEX,3636.93994140625,3636.923095703125
2001-10-02,TAIEX,3492.1201171875,3492.104248046875
2001-10-03,TAIEX,3446.260009765625,3446.244140625
2001-10-04,TAIEX,3493.659912109375,3493.64404296875
2001-10-05,TAIEX,3585.4599609375,3585.443359375
2001-10-08,TAIEX,3520.35009765625,3520.334228515625
2001-10-09,TAIEX,3618.929931640625,3618.913330078125
2001-10-11,TAIEX,3789.929931640625,3789.912353515625
2001-10-12,TAIEX,3801.5,3801.482421875
2001-10-15,TAIEX,3712.820068359375,3712.802978515625
2001-10-16,TAIEX,3794.860107421875,3794.842529296875
2001-10-17,TAIEX,3817.1298828125,3817.1123046875
2001-10-18,TAIEX,3811.199951171875,3811.182373046875
2001-10-19,TAIEX,3845.6201171875,3845.6025390625
2001-10-22,TAIEX,3900.6201171875,3900.602294921875
2001-10-23,TAIEX,3874.419921875,3874.402099609375
2001-10-24,TAIEX,3986.669921875,3986.6513671875
2001-10-25,TAIEX,4012.199951171875,4012.18115234375
2001-10-26,TAIEX,4043.570068359375,4043.55126953125
2001-10-29,TAIEX,4065.10009765625,4065.081298828125
2001-10-30,TAIEX,3915.610107421875,3915.592041015625
2001-10-31,TAIEX,3903.489990234375,3903.47216796875
2001-11-01,TAIEX,3929.68994140625,3929.671630859375
2001-11-02,TAIEX,3998.47998046875,3998.461181640625
2001-11-05,TAIEX,4080.510009765625,4080.4912109375
2001-11-06,TAIEX,4082.919921875,4082.901123046875
2001-11-07,TAIEX,4158.14990234375,4158.1298828125
2001-11-08,TAIEX,4135.02978515625,4135.009765625
2001-11-09,TAIEX,4123.77978515625,4123.759765625
2001-11-12,TAIEX,4172.6298828125,4172.60986328125
2001-11-13,TAIEX,4136.5400390625,4136.52001953125
2001-11-14,TAIEX,4277.7001953125,4277.68017578125
2001-11-15,TAIEX,4403.58984375,4403.56982421875
2001-11-16,TAIEX,4446.6201171875,4446.599609375
2001-11-19,TAIEX,4548.6298828125,4548.60888671875
2001-11-20,TAIEX,4455.7998046875,4455.779296875
2001-11-21,TAIEX,4533.3701171875,4533.34912109375
2001-11-22,TAIEX,4450.02001953125,4449.99951171875
2001-11-23,TAIEX,4519.080078125,4519.0595703125
2001-11-26,TAIEX,4608.31982421875,4608.298828125
2001-11-27,TAIEX,4580.330078125,4580.30908203125
2001-11-28,TAIEX,4447.580078125,4447.5595703125
2001-11-29,TAIEX,4465.830078125,4465.8095703125
2001-11-30,TAIEX,4441.1201171875,4441.099609375
2001-12-03,TAIEX,4646.60986328125,4646.5888671875
2001-12-04,TAIEX,4766.43017578125,4766.40869140625
2001-12-05,TAIEX,4924.56005859375,4924.53759765625
2001-12-06,TAIEX,5208.85986328125,5208.8359375
2001-12-07,TAIEX,5333.93017578125,5333.90625
2001-12-10,TAIEX,5321.27978515625,5321.255859375
2001-12-11,TAIEX,5273.97021484375,5273.9462890625
2001-12-12,TAIEX,5539.31005859375,5539.28515625
2001-12-13,TAIEX,5407.5400390625,5407.51513671875
2001-12-14,TAIEX,5486.72998046875,5486.705078125
2001-12-17,TAIEX,5456.14990234375,5456.125
2001-12-18,TAIEX,5329.18994140625,5329.166015625
2001-12-19,TAIEX,5221.9599609375,5221.93603515625
2001-12-20,TAIEX,5309.10009765625,5309.076171875
2001-12-21,TAIEX,5109.240234375,5109.216796875
2001-12-24,TAIEX,5164.72998046875,5164.7060546875
2001-12-25,TAIEX,5372.81005859375,5372.78564453125
2001-12-26,TAIEX,5392.43017578125,5392.4052734375
2001-12-27,TAIEX,5332.97998046875,5332.9560546875
2001-12-28,TAIEX,5398.27978515625,5398.2548828125
2001-12-31,TAIEX,5551.240234375,5551.21533203125
2002-01-02,TAIEX,5600.0498046875,5600.0244140625
2002-01-03,TAIEX,5526.31982421875,5526.294921875
2002-01-04,TAIEX,5638.52978515625,5638.50439453125
2002-01-07,TAIEX,5834.89013671875,5834.86328125
2002-01-08,TAIEX,5810.080078125,5810.0537109375
2002-01-09,TAIEX,5865.5400390625,5865.51318359375
2002-01-10,TAIEX,5871.27978515625,5871.2529296875
2002-01-11,TAIEX,5687.58984375,5687.564453125
2002-01-14,TAIEX,5611.85986328125,5611.83447265625
2002-01-15,TAIEX,5592.740234375,5592.71484375
2002-01-16,TAIEX,5488.330078125,5488.30517578125
2002-01-17,TAIEX,5501.1298828125,5501.10498046875
2002-01-18,TAIEX,5522.7998046875,5522.77490234375
2002-01-21,TAIEX,5798.0498046875,5798.02392578125
2002-01-22,TAIEX,5804.10009765625,5804.07373046875
2002-01-23,TAIEX,5769.77978515625,5769.75390625
2002-01-24,TAIEX,5801.919921875,5801.89404296875
2002-01-25,TAIEX,5950.64013671875,5950.61279296875
2002-01-28,TAIEX,6007.330078125,6007.30224609375
2002-01-29,TAIEX,5846.18994140625,5846.1630859375
2002-01-30,TAIEX,5812.669921875,5812.6435546875
2002-01-31,TAIEX,5872.14013671875,5872.11328125
2002-02-01,TAIEX,5857.93017578125,5857.9033203125
2002-02-04,TAIEX,5849.85009765625,5849.8232421875
2002-02-05,TAIEX,5844.25,5844.22314453125
2002-02-06,TAIEX,5926.080078125,5926.052734375
2002-02-18,TAIEX,5968.60986328125,5968.58251953125
2002-02-19,TAIEX,5861.66015625,5861.63330078125
2002-02-20,TAIEX,5692.18017578125,5692.15478515625
2002-02-21,TAIEX,5656.10009765625,5656.07470703125
2002-02-22,TAIEX,5609.830078125,5609.8046875
2002-02-25,TAIEX,5510.7099609375,5510.68505859375
2002-02-26,TAIEX,5499.7900390625,5499.76513671875
2002-02-27,TAIEX,5696.10986328125,5696.08447265625
2002-03-01,TAIEX,5680.77978515625,5680.75439453125
2002-03-04,TAIEX,5874.47998046875,5874.453125
2002-03-05,TAIEX,5957.75,5957.72265625
2002-03-06,TAIEX,6097.56982421875,6097.5419921875
2002-03-07,TAIEX,6048.14990234375,6048.1220703125
2002-03-08,TAIEX,6011.64990234375,6011.6220703125
2002-03-11,TAIEX,6196.259765625,6196.23095703125
2002-03-12,TAIEX,6122.5400390625,6122.51220703125
2002-03-13,TAIEX,6088.33984375,6088.31201171875
2002-03-14,TAIEX,6070.5,6070.47216796875
2002-03-15,TAIEX,5951.4501953125,5951.4228515625
2002-03-18,TAIEX,5972.10986328125,5972.08251953125
2002-03-19,TAIEX,5906.72998046875,5906.703125
2002-03-20,TAIEX,6059.06005859375,6059.0322265625
2002-03-21,TAIEX,6046.52001953125,6046.4921875
2002-03-22,TAIEX,6140.419921875,6140.39208984375
2002-03-25,TAIEX,6219.169921875,6219.14111328125
2002-03-26,TAIEX,6242.64013671875,6242.611328125
2002-03-27,TAIEX,6147.75,6147.72119140625
2002-03-28,TAIEX,6209.919921875,6209.89111328125
2002-03-29,TAIEX,6167.47021484375,6167.44140625
2002-04-01,TAIEX,6186.43994140625,6186.4111328125
2002-04-02,TAIEX,6243.4599609375,6243.43115234375
2002-04-03,TAIEX,6294.66015625,6294.630859375
2002-04-04,TAIEX,6207.08984375,6207.06103515625
2002-04-08,TAIEX,6190.830078125,6190.80126953125
2002-04-09,TAIEX,6069.85009765625,6069.822265625
2002-04-10,TAIEX,6059.2099609375,6059.18212890625
2002-04-11,TAIEX,6073.759765625,6073.73193359375
2002-04-12,TAIEX,6182.58984375,6182.56103515625
2002-04-15,TAIEX,6196.0,6195.97119140625
2002-04-16,TAIEX,6257.72998046875,6257.70068359375
2002-04-17,TAIEX,6390.68017578125,6390.650390625
2002-04-18,TAIEX,6387.2099609375,6387.18017578125
2002-04-19,TAIEX,6448.1201171875,6448.09033203125
2002-04-22,TAIEX,6462.2998046875,6462.27001953125
2002-04-23,TAIEX,6390.6201171875,6390.59033203125
2002-04-24,TAIEX,6455.39013671875,6455.3603515625
2002-04-25,TAIEX,6355.58984375,6355.56005859375
2002-04-26,TAIEX,6306.93017578125,6306.90087890625
2002-04-29,TAIEX,6205.08984375,6205.06103515625
2002-04-30,TAIEX,6065.72998046875,6065.7021484375
2002-05-02,TAIEX,5867.830078125,5867.80322265625
2002-05-03,TAIEX,5910.31982421875,5910.29296875
2002-05-06,TAIEX,5642.47998046875,5642.45458984375
2002-05-07,TAIEX,5663.97998046875,5663.95458984375
2002-05-08,TAIEX,5711.52978515625,5711.50439453125
2002-05-09,TAIEX,5739.27978515625,5739.25390625
2002-05-10,TAIEX,5807.2998046875,5807.2734375
2002-05-13,TAIEX,5742.66015625,5742.63427734375
2002-05-14,TAIEX,5755.919921875,5755.89404296875
2002-05-15,TAIEX,5910.68994140625,5910.6630859375
2002-05-16,TAIEX,5801.47021484375,5801.4443359375
2002-05-17,TAIEX,5789.83984375,5789.81396484375
2002-05-20,TAIEX,5574.7099609375,5574.68505859375
2002-05-21,TAIEX,5443.18017578125,5443.1552734375
2002-05-22,TAIEX,5541.64013671875,5541.615234375
2002-05-23,TAIEX,5549.9599609375,5549.93505859375
2002-05-24,TAIEX,5706.39990234375,5706.37451171875
2002-05-27,TAIEX,5729.89990234375,5729.87451171875
2002-05-28,TAIEX,5669.52978515625,5669.50439453125
2002-05-29,TAIEX,5623.22998046875,5623.20458984375
2002-05-30,TAIEX,5736.18994140625,5736.1640625
2002-05-31,TAIEX,5675.64990234375,5675.62451171875
2002-06-03,TAIEX,5571.080078125,5571.05517578125
2002-06-04,TAIEX,5527.7998046875,5527.77490234375
2002-06-05,TAIEX,5599.419921875,5599.39453125
2002-06-06,TAIEX,5591.02001953125,5590.99462890625
2002-06-07,TAIEX,5433.02001953125,5432.9951171875
2002-06-10,TAIEX,5499.330078125,5499.30517578125
2002-06-11,TAIEX,5405.419921875,5405.39501953125
2002-06-12,TAIEX,5399.9599609375,5399.93505859375
2002-06-13,TAIEX,5562.22998046875,5562.205078125
2002-06-14,TAIEX,5562.1201171875,5562.09521484375
2002-06-17,TAIEX,5537.81005859375,5537.78515625
2002-06-18,TAIEX,5536.419921875,5536.39501953125
2002-06-19,TAIEX,5399.5,5399.47509765625
2002-06-20,TAIEX,5445.77001953125,5445.7451171875
2002-06-21,TAIEX,5460.52978515625,5460.5048828125
2002-06-24,TAIEX,5384.89013671875,5384.86572265625
2002-06-25,TAIEX,5316.0400390625,5316.01611328125
2002-06-26,TAIEX,5123.0400390625,5123.01611328125
2002-06-27,TAIEX,5071.759765625,5071.736328125
2002-06-28,TAIEX,5153.7099609375,5153.68603515625
2002-07-01,TAIEX,4969.31982421875,4969.296875
2002-07-02,TAIEX,4995.080078125,4995.05712890625
2002-07-03,TAIEX,5047.81982421875,5047.79638671875
2002-07-04,TAIEX,5130.7998046875,5130.77587890625
2002-07-05,TAIEX,5255.22998046875,5255.2060546875
2002-07-08,TAIEX,5377.85986328125,5377.83544921875
2002-07-09,TAIEX,5388.52001953125,5388.49560546875
2002-07-10,TAIEX,5262.009765625,5261.98583984375
2002-07-11,TAIEX,5202.58984375,5202.56591796875
2002-07-12,TAIEX,5416.5,5416.47509765625
2002-07-15,TAIEX,5393.009765625,5392.98486328125
2002-07-16,TAIEX,5318.009765625,5317.98583984375
2002-07-17,TAIEX,5250.81982421875,5250.7958984375
2002-07-18,TAIEX,5242.10986328125,5242.0859375
2002-07-19,TAIEX,5161.919921875,5161.89599609375
2002-07-22,TAIEX,5043.5,5043.4765625
2002-07-23,TAIEX,5159.22998046875,5159.2060546875
2002-07-24,TAIEX,5039.47998046875,5039.45654296875
2002-07-25,TAIEX,5045.06982421875,5045.04638671875
2002-07-26,TAIEX,4855.33984375,4855.3173828125
2002-07-29,TAIEX,4858.43994140625,4858.41748046875
2002-07-30,TAIEX,5005.0400390625,5005.01708984375
2002-07-31,TAIEX,4940.3798828125,4940.357421875
2002-08-01,TAIEX,4916.58984375,4916.5673828125
2002-08-02,TAIEX,4920.89013671875,4920.86767578125
2002-08-05,TAIEX,4636.669921875,4636.64892578125
2002-08-06,TAIEX,4572.35009765625,4572.3291015625
2002-08-07,TAIEX,4720.72998046875,4720.708984375
2002-08-08,TAIEX,4700.22998046875,4700.208984375
2002-08-09,TAIEX,4851.43994140625,4851.41748046875
2002-08-12,TAIEX,4852.06982421875,4852.04736328125
2002-08-13,TAIEX,4817.93017578125,4817.908203125
2002-08-14,TAIEX,4887.43017578125,4887.40771484375
2002-08-15,TAIEX,4931.47021484375,4931.44775390625
2002-08-16,TAIEX,4919.02001953125,4918.99755859375
2002-08-19,TAIEX,4888.0,4887.9775390625
2002-08-20,TAIEX,4919.259765625,4919.2373046875
2002-08-21,TAIEX,4887.7900390625,4887.767578125
2002-08-22,TAIEX,4956.490234375,4956.4677734375
2002-08-23,TAIEX,4968.85009765625,4968.8271484375
2002-08-26,TAIEX,4935.919921875,4935.8974609375
2002-08-27,TAIEX,4878.85009765625,4878.82763671875
2002-08-28,TAIEX,4789.6298828125,4789.60791015625
2002-08-29,TAIEX,4800.6298828125,4800.60791015625
2002-08-30,TAIEX,4764.93994140625,4764.91845703125
2002-09-02,TAIEX,4644.580078125,4644.55908203125
2002-09-03,TAIEX,4588.06005859375,4588.0390625
2002-09-04,TAIEX,4534.14990234375,4534.12890625
2002-09-05,TAIEX,4459.3701171875,4459.349609375
2002-09-09,TAIEX,4533.27001953125,4533.2490234375
2002-09-10,TAIEX,4668.009765625,4667.98876953125
2002-09-11,TAIEX,4660.52978515625,4660.5087890625
2002-09-12,TAIEX,4647.3701171875,4647.34912109375
2002-09-13,TAIEX,4580.169921875,4580.14892578125
2002-09-16,TAIEX,4457.16015625,4457.1396484375
2002-09-17,TAIEX,4633.85986328125,4633.8388671875
2002-09-18,TAIEX,4482.64990234375,4482.62939453125
2002-09-19,TAIEX,4491.31005859375,4491.28955078125
2002-09-20,TAIEX,4429.25,4429.22998046875
2002-09-23,TAIEX,4328.39990234375,4328.3798828125
2002-09-24,TAIEX,4286.93994140625,4286.919921875
2002-09-25,TAIEX,4185.9501953125,4185.93017578125
2002-09-26,TAIEX,4222.22021484375,4222.2001953125
2002-09-27,TAIEX,4208.7998046875,4208.77978515625
2002-09-30,TAIEX,4191.81005859375,4191.7900390625
2002-10-01,TAIEX,4162.77001953125,4162.75
2002-10-02,TAIEX,4171.759765625,4171.73974609375
2002-10-03,TAIEX,4075.97998046875,4075.961181640625
2002-10-04,TAIEX,4067.7900390625,4067.771240234375
2002-10-07,TAIEX,3924.0400390625,3924.02197265625
2002-10-08,TAIEX,3964.280029296875,3964.261474609375
2002-10-09,TAIEX,3947.610107421875,3947.591552734375
2002-10-11,TAIEX,3850.0400390625,3850.0224609375
2002-10-14,TAIEX,3910.97998046875,3910.9619140625
2002-10-15,TAIEX,4131.47021484375,4131.4501953125
2002-10-16,TAIEX,4223.31982421875,4223.2998046875
2002-10-17,TAIEX,4280.81005859375,4280.7900390625
2002-10-18,TAIEX,4458.169921875,4458.1494140625
2002-10-21,TAIEX,4463.52001953125,4463.49951171875
2002-10-22,TAIEX,4386.4599609375,4386.43994140625
2002-10-23,TAIEX,4589.8798828125,4589.85888671875
2002-10-24,TAIEX,4574.7998046875,4574.77880859375
2002-10-25,TAIEX,4564.06005859375,4564.0390625
2002-10-28,TAIEX,4601.3701171875,4601.34912109375
2002-10-29,TAIEX,4554.1298828125,4554.10888671875
2002-10-30,TAIEX,4498.72998046875,4498.70947265625
2002-10-31,TAIEX,4579.14013671875,4579.119140625
2002-11-01,TAIEX,4500.5498046875,4500.529296875
2002-11-04,TAIEX,4583.68017578125,4583.6591796875
2002-11-05,TAIEX,4566.10009765625,4566.0791015625
2002-11-06,TAIEX,4725.33984375,4725.31884765625
2002-11-07,TAIEX,4757.97998046875,4757.95849609375
2002-11-08,TAIEX,4811.009765625,4810.98779296875
2002-11-11,TAIEX,4664.64990234375,4664.62890625
2002-11-12,TAIEX,4676.47021484375,4676.44921875
2002-11-13,TAIEX,4671.77001953125,4671.7490234375
2002-11-14,TAIEX,4665.56005859375,4665.5390625
2002-11-15,TAIEX,4813.52978515625,4813.5078125
2002-11-18,TAIEX,4790.60986328125,4790.587890625
2002-11-19,TAIEX,4726.5,4726.478515625
2002-11-20,TAIEX,4653.5,4653.47900390625
2002-11-21,TAIEX,4579.4501953125,4579.42919921875
2002-11-22,TAIEX,4707.60986328125,4707.5888671875
2002-11-25,TAIEX,4723.16015625,4723.13916015625
2002-11-26,TAIEX,4677.89013671875,4677.869140625
2002-11-27,TAIEX,4633.02978515625,4633.0087890625
2002-11-28,TAIEX,4612.60009765625,4612.5791015625
2002-11-29,TAIEX,4646.68994140625,4646.6689453125
2002-12-02,TAIEX,4683.18017578125,4683.1591796875
2002-12-03,TAIEX,4793.93017578125,4793.908203125
2002-12-04,TAIEX,4727.490234375,4727.46875
2002-12-05,TAIEX,4755.39990234375,4755.37841796875
2002-12-06,TAIEX,4738.97998046875,4738.95849609375
2002-12-09,TAIEX,4823.669921875,4823.64794921875
2002-12-10,TAIEX,4755.009765625,4754.98828125
2002-12-11,TAIEX,4699.41015625,4699.38916015625
2002-12-12,TAIEX,4669.7001953125,4669.67919921875
2002-12-13,TAIEX,4588.14013671875,4588.119140625
2002-12-16,TAIEX,4582.0498046875,4582.02880859375
2002-12-17,TAIEX,4545.6201171875,4545.59912109375
2002-12-18,TAIEX,4535.93017578125,4535.9091796875
2002-12-19,TAIEX,4549.22998046875,4549.208984375
2002-12-20,TAIEX,4595.669921875,4595.64892578125
2002-12-23,TAIEX,4572.77001953125,4572.7490234375
2002-12-24,TAIEX,4544.5,4544.47900390625
2002-12-25,TAIEX,4484.43017578125,4484.40966796875
2002-12-26,TAIEX,4567.3701171875,4567.34912109375
2002-12-27,TAIEX,4547.31982421875,4547.298828125
2002-12-30,TAIEX,4457.75,4457.7294921875
2002-12-31,TAIEX,4452.4501953125,4452.4296875
2003-01-02,TAIEX,4524.8701171875,4524.849609375
2003-01-03,TAIEX,4626.31982421875,4626.298828125
2003-01-06,TAIEX,4689.85986328125,4689.8388671875
2003-01-07,TAIEX,4701.080078125,4701.05908203125
2003-01-08,TAIEX,4836.93017578125,4836.908203125
2003-01-09,TAIEX,4813.72998046875,4813.7080078125
2003-01-10,TAIEX,4850.7998046875,4850.77734375
2003-01-13,TAIEX,4991.259765625,4991.23681640625
2003-01-14,TAIEX,4992.419921875,4992.39697265625
2003-01-15,TAIEX,5017.7001953125,5017.6767578125
2003-01-16,TAIEX,4943.2900390625,4943.267578125
2003-01-17,TAIEX,4907.77978515625,4907.75732421875
2003-01-20,TAIEX,4951.02978515625,4951.00732421875
2003-01-21,TAIEX,4945.8701171875,4945.84765625
2003-01-22,TAIEX,4993.27001953125,4993.2470703125
2003-01-23,TAIEX,5078.7998046875,5078.7763671875
2003-01-24,TAIEX,5057.31982421875,5057.29638671875
2003-01-27,TAIEX,4972.58984375,4972.56689453125
2003-01-28,TAIEX,5015.16015625,5015.13671875
2003-02-06,TAIEX,4833.580078125,4833.55810546875
2003-02-07,TAIEX,4735.3701171875,4735.3486328125
2003-02-10,TAIEX,4643.8701171875,4643.84912109375
2003-02-11,TAIEX,4618.97998046875,4618.958984375
2003-02-12,TAIEX,4624.8701171875,4624.84912109375
2003-02-13,TAIEX,4507.9599609375,4507.939453125
2003-02-14,TAIEX,4493.990234375,4493.9697265625
2003-02-17,TAIEX,4705.080078125,4705.05908203125
2003-02-18,TAIEX,4605.31005859375,4605.2890625
2003-02-19,TAIEX,4550.830078125,4550.80908203125
2003-02-20,TAIEX,4550.7001953125,4550.67919921875
2003-02-21,TAIEX,4548.35009765625,4548.3291015625
2003-02-24,TAIEX,4609.2001953125,4609.17919921875
2003-02-25,TAIEX,4454.35009765625,4454.32958984375
2003-02-26,TAIEX,4456.68994140625,4456.66943359375
2003-02-27,TAIEX,4432.4599609375,4432.43994140625
2003-03-03,TAIEX,4526.68994140625,4526.66943359375
2003-03-04,TAIEX,4499.68994140625,4499.66943359375
2003-03-05,TAIEX,4418.10986328125,4418.08984375
2003-03-06,TAIEX,4397.43994140625,4397.419921875
2003-03-07,TAIEX,4350.58984375,4350.56982421875
2003-03-10,TAIEX,4319.990234375,4319.97021484375
2003-03-11,TAIEX,4260.4501953125,4260.43017578125
2003-03-12,TAIEX,4328.14990234375,4328.1298828125
2003-03-13,TAIEX,4378.990234375,4378.97021484375
2003-03-14,TAIEX,4476.169921875,4476.1494140625
2003-03-17,TAIEX,4357.990234375,4357.97021484375
2003-03-18,TAIEX,4539.72021484375,4539.69921875
2003-03-19,TAIEX,4515.06982421875,4515.04931640625
2003-03-20,TAIEX,4599.25,4599.22900390625
2003-03-21,TAIEX,4586.919921875,4586.89892578125
2003-03-24,TAIEX,4570.68017578125,4570.6591796875
2003-03-25,TAIEX,4498.830078125,4498.8095703125
2003-03-26,TAIEX,4496.0498046875,4496.029296875
2003-03-27,TAIEX,4514.240234375,4514.2197265625
2003-03-28,TAIEX,4477.009765625,4476.9892578125
2003-03-31,TAIEX,4321.22021484375,4321.2001953125
2003-04-01,TAIEX,4337.60986328125,4337.58984375
2003-04-02,TAIEX,4311.56005859375,4311.5400390625
2003-04-03,TAIEX,4358.39013671875,4358.3701171875
2003-04-04,TAIEX,4499.18017578125,4499.15966796875
2003-04-07,TAIEX,4575.830078125,4575.80908203125
2003-04-08,TAIEX,4552.4501953125,4552.42919921875
2003-04-09,TAIEX,4537.39013671875,4537.369140625
2003-04-10,TAIEX,4541.35986328125,4541.3388671875
2003-04-11,TAIEX,4530.39990234375,4530.37890625
2003-04-14,TAIEX,4459.81005859375,4459.78955078125
2003-04-15,TAIEX,4487.58984375,4487.5693359375
2003-04-16,TAIEX,4609.31982421875,4609.298828125
2003-04-17,TAIEX,4566.66015625,4566.63916015625
2003-04-18,TAIEX,4658.2998046875,4658.27880859375
2003-04-21,TAIEX,4648.1201171875,4648.09912109375
2003-04-22,TAIEX,4556.10009765625,4556.0791015625
2003-04-23,TAIEX,4564.93017578125,4564.9091796875
2003-04-24,TAIEX,4374.93994140625,4374.919921875
2003-04-25,TAIEX,4233.5400390625,4233.52001953125
2003-04-28,TAIEX,4139.5,4139.47998046875
2003-04-29,TAIEX,4200.31982421875,4200.2998046875
2003-04-30,TAIEX,4148.06982421875,4148.0498046875
2003-05-02,TAIEX,4187.81982421875,4187.7998046875
2003-05-05,TAIEX,4202.1201171875,4202.10009765625
2003-05-06,TAIEX,4220.4501953125,4220.43017578125
2003-05-07,TAIEX,4275.91015625,4275.89013671875
2003-05-08,TAIEX,4191.25,4191.22998046875
2003-05-09,TAIEX,4244.18017578125,4244.16015625
2003-05-12,TAIEX,4261.02001953125,4261.0
2003-05-13,TAIEX,4334.58984375,4334.56982421875
2003-05-14,TAIEX,4341.10009765625,4341.080078125
2003-05-15,TAIEX,4331.240234375,4331.22021484375
2003-05-16,TAIEX,4283.77001953125,4283.75
2003-05-19,TAIEX,4255.7998046875,4255.77978515625
2003-05-20,TAIEX,4251.58984375,4251.56982421875
2003-05-21,TAIEX,4216.64013671875,4216.6201171875
2003-05-22,TAIEX,4271.2998046875,4271.27978515625
2003-05-23,TAIEX,4349.52001953125,4349.5
2003-05-26,TAIEX,4465.56982421875,4465.54931640625
2003-05-27,TAIEX,4451.10986328125,4451.08935546875
2003-05-28,TAIEX,4474.41015625,4474.3896484375
2003-05-29,TAIEX,4543.0400390625,4543.01904296875
2003-05-30,TAIEX,4555.89990234375,4555.87890625
2003-06-02,TAIEX,4692.93994140625,4692.9189453125
2003-06-03,TAIEX,4678.080078125,4678.05908203125
2003-06-05,TAIEX,4738.33984375,4738.318359375
2003-06-06,TAIEX,4740.4501953125,4740.4287109375
2003-06-09,TAIEX,4826.93994140625,4826.91796875
2003-06-10,TAIEX,4832.2001953125,4832.17822265625
2003-06-11,TAIEX,4804.64990234375,4804.6279296875
2003-06-12,TAIEX,4878.43017578125,4878.40771484375
2003-06-13,TAIEX,4881.89990234375,4881.87744140625
2003-06-16,TAIEX,4892.35986328125,4892.33740234375
2003-06-17,TAIEX,4973.18994140625,4973.1669921875
2003-06-18,TAIEX,4999.06982421875,4999.046875
2003-06-19,TAIEX,5048.91015625,5048.88671875
2003-06-20,TAIEX,5002.580078125,5002.55712890625
2003-06-23,TAIEX,4921.72021484375,4921.69775390625
2003-06-24,TAIEX,4909.31005859375,4909.28759765625
2003-06-25,TAIEX,4933.7900390625,4933.767578125
2003-06-26,TAIEX,4894.009765625,4893.9873046875
2003-06-27,TAIEX,4877.89990234375,4877.87744140625
2003-06-30,TAIEX,4872.14990234375,4872.12744140625
2003-07-01,TAIEX,5017.77978515625,5017.75634765625
2003-07-02,TAIEX,5095.240234375,5095.216796875
2003-07-03,TAIEX,5095.31005859375,5095.28662109375
2003-07-04,TAIEX,5151.85009765625,5151.826171875
2003-07-07,TAIEX,5322.259765625,5322.23583984375
2003-07-08,TAIEX,5367.97021484375,5367.94580078125
2003-07-09,TAIEX,5358.91015625,5358.8857421875
2003-07-10,TAIEX,5282.3798828125,5282.35595703125
2003-07-11,TAIEX,5239.9599609375,5239.93603515625
2003-07-14,TAIEX,5349.93994140625,5349.916015625
2003-07-15,TAIEX,5335.85986328125,5335.8359375
2003-07-16,TAIEX,5413.8701171875,5413.84521484375
2003-07-17,TAIEX,5299.509765625,5299.48583984375
2003-07-18,TAIEX,5287.3798828125,5287.35595703125
2003-07-21,TAIEX,5219.2998046875,5219.27587890625
2003-07-22,TAIEX,5261.009765625,5260.98583984375
2003-07-23,TAIEX,5287.89013671875,5287.8662109375
2003-07-24,TAIEX,5402.75,5402.72509765625
2003-07-25,TAIEX,5394.75,5394.72509765625
2003-07-28,TAIEX,5451.7998046875,5451.77490234375
2003-07-29,TAIEX,5342.4599609375,5342.43603515625
2003-07-30,TAIEX,5307.18017578125,5307.15625
2003-07-31,TAIEX,5318.33984375,5318.31591796875
2003-08-01,TAIEX,5390.509765625,5390.48486328125
2003-08-04,TAIEX,5377.18994140625,5377.16552734375
2003-08-05,TAIEX,5259.4501953125,5259.42626953125
2003-08-06,TAIEX,5225.830078125,5225.80615234375
2003-08-07,TAIEX,5259.06982421875,5259.0458984375
2003-08-08,TAIEX,5232.5498046875,5232.52587890625
2003-08-11,TAIEX,5214.60009765625,5214.576171875
2003-08-12,TAIEX,5255.240234375,5255.21630859375
2003-08-13,TAIEX,5442.27001953125,5442.2451171875
2003-08-14,TAIEX,5436.75,5436.72509765625
2003-08-15,TAIEX,5488.740234375,5488.71533203125
2003-08-18,TAIEX,5516.7998046875,5516.77490234375
2003-08-19,TAIEX,5512.16015625,5512.13525390625
2003-08-20,TAIEX,5543.60986328125,5543.5849609375
2003-08-21,TAIEX,5611.85986328125,5611.83447265625
2003-08-22,TAIEX,5646.6201171875,5646.5947265625
2003-08-25,TAIEX,5686.85009765625,5686.82470703125
2003-08-26,TAIEX,5558.25,5558.22509765625
2003-08-27,TAIEX,5553.43017578125,5553.4052734375
2003-08-28,TAIEX,5523.1201171875,5523.09521484375
2003-08-29,TAIEX,5650.830078125,5650.8046875
2003-09-01,TAIEX,5691.7900390625,5691.7646484375
2003-09-02,TAIEX,5715.9501953125,5715.9248046875
2003-09-03,TAIEX,5673.18017578125,5673.15478515625
2003-09-04,TAIEX,5625.6298828125,5625.6044921875
2003-09-05,TAIEX,5639.02978515625,5639.00439453125
2003-09-08,TAIEX,5727.009765625,5726.984375
2003-09-09,TAIEX,5680.68994140625,5680.66455078125
2003-09-10,TAIEX,5623.43017578125,5623.40478515625
2003-09-12,TAIEX,5645.27978515625,5645.25439453125
2003-09-15,TAIEX,5623.22021484375,5623.19482421875
2003-09-16,TAIEX,5699.259765625,5699.234375
2003-09-17,TAIEX,5747.14013671875,5747.1142578125
2003-09-18,TAIEX,5750.81005859375,5750.7841796875
2003-09-19,TAIEX,5757.91015625,5757.88427734375
2003-09-22,TAIEX,5675.75,5675.724609375
2003-09-23,TAIEX,5684.009765625,5683.984375
2003-09-24,TAIEX,5722.35986328125,5722.33447265625
2003-09-25,TAIEX,5688.22998046875,5688.20458984375
2003-09-26,TAIEX,5650.10986328125,5650.08447265625
2003-09-29,TAIEX,5643.5,5643.474609375
2003-09-30,TAIEX,5611.41015625,5611.384765625
2003-10-01,TAIEX,5581.66015625,5581.63525390625
2003-10-02,TAIEX,5699.85986328125,5699.83447265625
2003-10-03,TAIEX,5747.7900390625,5747.76416015625
2003-10-06,TAIEX,5851.2001953125,5851.17333984375
2003-10-07,TAIEX,5856.68017578125,5856.6533203125
2003-10-08,TAIEX,5821.7998046875,5821.77294921875
2003-10-09,TAIEX,5869.8798828125,5869.85302734375
2003-10-13,TAIEX,5972.47021484375,5972.44287109375
2003-10-14,TAIEX,5938.419921875,5938.392578125
2003-10-15,TAIEX,5924.3798828125,5924.3525390625
2003-10-16,TAIEX,6035.740234375,6035.71240234375
2003-10-17,TAIEX,6042.7099609375,6042.68212890625
2003-10-20,TAIEX,6077.89013671875,6077.8623046875
2003-10-21,TAIEX,6061.4599609375,6061.43212890625
2003-10-22,TAIEX,6041.85986328125,6041.83203125
2003-10-23,TAIEX,5952.22998046875,5952.20263671875
2003-10-24,TAIEX,5918.14013671875,5918.11279296875
2003-10-27,TAIEX,5958.5498046875,5958.5224609375
2003-10-28,TAIEX,6075.4501953125,6075.42236328125
2003-10-29,TAIEX,6095.8701171875,6095.84228515625
2003-10-30,TAIEX,6108.1298828125,6108.10205078125
2003-10-31,TAIEX,6045.1201171875,6045.09228515625
2003-11-03,TAIEX,6087.4501953125,6087.42236328125
2003-11-04,TAIEX,6108.990234375,6108.96240234375
2003-11-05,TAIEX,6142.31982421875,6142.2919921875
2003-11-06,TAIEX,6013.39990234375,6013.3720703125
2003-11-07,TAIEX,6056.830078125,6056.80224609375
2003-11-10,TAIEX,6059.02978515625,6059.001953125
2003-11-11,TAIEX,6022.080078125,6022.05224609375
2003-11-12,TAIEX,5982.75,5982.72265625
2003-11-13,TAIEX,6035.43994140625,6035.412109375
2003-11-14,TAIEX,6044.77001953125,6044.7421875
2003-11-17,TAIEX,5952.31982421875,5952.29248046875
2003-11-18,TAIEX,5939.47021484375,5939.44287109375
2003-11-19,TAIEX,5865.509765625,5865.48291015625
2003-11-20,TAIEX,5834.240234375,5834.21337890625
2003-11-21,TAIEX,5830.06005859375,5830.033203125
2003-11-24,TAIEX,5821.580078125,5821.55322265625
2003-11-25,TAIEX,5861.18017578125,5861.1533203125
2003-11-26,TAIEX,5860.60986328125,5860.5830078125
2003-11-27,TAIEX,5740.56982421875,5740.5439453125
2003-11-28,TAIEX,5771.77001953125,5771.744140625
2003-12-01,TAIEX,5870.169921875,5870.14306640625
2003-12-02,TAIEX,5911.4501953125,5911.42333984375
2003-12-03,TAIEX,5884.97021484375,5884.943359375
2003-12-04,TAIEX,5920.4599609375,5920.4326171875
2003-12-05,TAIEX,5900.0498046875,5900.02294921875
2003-12-08,TAIEX,5847.14990234375,5847.123046875
2003-12-09,TAIEX,5859.56005859375,5859.533203125
2003-12-10,TAIEX,5803.419921875,5803.3935546875
2003-12-11,TAIEX,5867.0498046875,5867.02294921875
2003-12-12,TAIEX,5858.31982421875,5858.29296875
2003-12-15,TAIEX,5924.240234375,5924.212890625
2003-12-16,TAIEX,5887.22998046875,5887.203125
2003-12-17,TAIEX,5752.009765625,5751.98388671875
2003-12-18,TAIEX,5768.759765625,5768.73388671875
2003-12-19,TAIEX,5759.22998046875,5759.2041015625
2003-12-22,TAIEX,5835.10986328125,5835.0830078125
2003-12-23,TAIEX,5845.509765625,5845.48291015625
2003-12-24,TAIEX,5857.8701171875,5857.84326171875
2003-12-25,TAIEX,5853.7001953125,5853.67333984375
2003-12-26,TAIEX,5857.2099609375,5857.18310546875
2003-12-29,TAIEX,5804.89013671875,5804.86376953125
2003-12-30,TAIEX,5866.75,5866.72314453125
2003-12-31,TAIEX,5890.68994140625,5890.6630859375
2004-01-02,TAIEX,6041.56005859375,6041.5322265625
2004-01-05,TAIEX,6125.419921875,6125.39208984375
2004-01-06,TAIEX,6144.009765625,6143.98193359375
2004-01-07,TAIEX,6141.25,6141.22216796875
2004-01-08,TAIEX,6169.169921875,6169.14111328125
2004-01-09,TAIEX,6226.97998046875,6226.951171875
2004-01-12,TAIEX,6219.7099609375,6219.68115234375
2004-01-13,TAIEX,6210.22021484375,6210.19140625
2004-01-14,TAIEX,6274.97021484375,6274.94091796875
2004-01-15,TAIEX,6264.3701171875,6264.3408203125
2004-01-16,TAIEX,6269.7099609375,6269.6806640625
2004-01-27,TAIEX,6384.6298828125,6384.60009765625
2004-01-28,TAIEX,6386.25,6386.22021484375
2004-01-29,TAIEX,6312.64990234375,6312.62060546875
2004-01-30,TAIEX,6375.3798828125,6375.35009765625
2004-02-02,TAIEX,6319.9599609375,6319.9306640625
2004-02-03,TAIEX,6252.22998046875,6252.20068359375
2004-02-04,TAIEX,6241.39013671875,6241.361328125
2004-02-05,TAIEX,6268.14013671875,6268.11083984375
2004-02-06,TAIEX,6353.35009765625,6353.3203125
2004-02-09,TAIEX,6463.08984375,6463.06005859375
2004-02-10,TAIEX,6488.33984375,6488.3095703125
2004-02-11,TAIEX,6454.39013671875,6454.3603515625
2004-02-12,TAIEX,6436.9501953125,6436.92041015625
2004-02-13,TAIEX,6549.18017578125,6549.14990234375
2004-02-16,TAIEX,6565.3701171875,6565.33984375
2004-02-17,TAIEX,6600.47021484375,6600.43994140625
2004-02-18,TAIEX,6605.85009765625,6605.81982421875
2004-02-19,TAIEX,6681.52001953125,6681.4892578125
2004-02-20,TAIEX,6665.5400390625,6665.50927734375
2004-02-23,TAIEX,6665.89013671875,6665.859375
2004-02-24,TAIEX,6589.22998046875,6589.19970703125
2004-02-25,TAIEX,6644.27978515625,6644.2490234375
2004-02-26,TAIEX,6693.25,6693.21875
2004-02-27,TAIEX,6750.5400390625,6750.5087890625
2004-03-01,TAIEX,6888.43017578125,6888.3984375
2004-03-02,TAIEX,6975.259765625,6975.22802734375
2004-03-03,TAIEX,6932.169921875,6932.13818359375
2004-03-04,TAIEX,7034.10009765625,7034.068359375
2004-03-05,TAIEX,6943.68017578125,6943.6484375
2004-03-08,TAIEX,6901.47998046875,6901.4482421875
2004-03-09,TAIEX,6973.89990234375,6973.8681640625
2004-03-10,TAIEX,6874.91015625,6874.87841796875
2004-03-11,TAIEX,6879.10986328125,6879.078125
2004-03-12,TAIEX,6800.240234375,6800.208984375
2004-03-15,TAIEX,6635.97998046875,6635.94921875
2004-03-16,TAIEX,6589.72021484375,6589.68994140625
2004-03-17,TAIEX,6577.97998046875,6577.94970703125
2004-03-18,TAIEX,6787.02978515625,6786.99853515625
2004-03-19,TAIEX,6815.08984375,6815.05859375
2004-03-22,TAIEX,6359.919921875,6359.89013671875
2004-03-23,TAIEX,6172.89013671875,6172.861328125
2004-03-24,TAIEX,6213.56005859375,6213.53125
2004-03-25,TAIEX,6156.72998046875,6156.701171875
2004-03-26,TAIEX,6132.6201171875,6132.59228515625
2004-03-29,TAIEX,6474.10986328125,6474.080078125
2004-03-30,TAIEX,6494.7099609375,6494.6796875
2004-03-31,TAIEX,6522.18994140625,6522.15966796875
2004-04-01,TAIEX,6523.490234375,6523.4599609375
2004-04-02,TAIEX,6545.5400390625,6545.509765625
2004-04-05,TAIEX,6682.72998046875,6682.69921875
2004-04-06,TAIEX,6635.5400390625,6635.50927734375
2004-04-07,TAIEX,6646.740234375,6646.70947265625
2004-04-08,TAIEX,6672.85986328125,6672.8291015625
2004-04-09,TAIEX,6620.35986328125,6620.3291015625
2004-04-12,TAIEX,6777.77978515625,6777.74853515625
2004-04-13,TAIEX,6794.330078125,6794.298828125
2004-04-14,TAIEX,6880.18017578125,6880.1484375
2004-04-15,TAIEX,6736.7900390625,6736.7587890625
2004-04-16,TAIEX,6818.2001953125,6818.1689453125
2004-04-19,TAIEX,6779.18017578125,6779.14892578125
2004-04-20,TAIEX,6799.97021484375,6799.93896484375
2004-04-21,TAIEX,6810.25,6810.21875
2004-04-22,TAIEX,6732.08984375,6732.05859375
2004-04-23,TAIEX,6748.10009765625,6748.06884765625
2004-04-26,TAIEX,6710.7001953125,6710.6689453125
2004-04-27,TAIEX,6646.7998046875,6646.76904296875
2004-04-28,TAIEX,6574.75,6574.7197265625
2004-04-29,TAIEX,6402.2099609375,6402.18017578125
2004-04-30,TAIEX,6117.81005859375,6117.7822265625
2004-05-03,TAIEX,6029.77001953125,6029.7421875
2004-05-04,TAIEX,6188.14990234375,6188.12109375
2004-05-05,TAIEX,5854.22998046875,5854.203125
2004-05-06,TAIEX,5909.7900390625,5909.76318359375
2004-05-07,TAIEX,6040.259765625,6040.23193359375
2004-05-10,TAIEX,5825.0498046875,5825.02294921875
2004-05-11,TAIEX,5886.35986328125,5886.3330078125
2004-05-12,TAIEX,5958.7900390625,5958.7626953125
2004-05-13,TAIEX,5918.08984375,5918.0625
2004-05-14,TAIEX,5777.31982421875,5777.2939453125
2004-05-17,TAIEX,5482.9599609375,5482.93505859375
2004-05-18,TAIEX,5557.68017578125,5557.6552734375
2004-05-19,TAIEX,5860.580078125,5860.55322265625
2004-05-20,TAIEX,5815.330078125,5815.3037109375
2004-05-21,TAIEX,5964.93994140625,5964.91259765625
2004-05-24,TAIEX,5942.080078125,5942.052734375
2004-05-25,TAIEX,5958.3798828125,5958.3525390625
2004-05-26,TAIEX,6027.27001953125,6027.2421875
2004-05-27,TAIEX,6033.0498046875,6033.02197265625
2004-05-28,TAIEX,6137.259765625,6137.23193359375
2004-05-31,TAIEX,5977.83984375,5977.8125
2004-06-01,TAIEX,5986.2001953125,5986.1728515625
2004-06-02,TAIEX,5875.669921875,5875.64306640625
2004-06-03,TAIEX,5671.4501953125,5671.4248046875
2004-06-04,TAIEX,5724.89013671875,5724.86474609375
2004-06-07,TAIEX,5935.81982421875,5935.79248046875
2004-06-08,TAIEX,5986.759765625,5986.73193359375
2004-06-09,TAIEX,5965.7001953125,5965.6728515625
2004-06-10,TAIEX,5867.509765625,5867.48291015625
2004-06-11,TAIEX,5735.06982421875,5735.0439453125
2004-06-14,TAIEX,5574.080078125,5574.05517578125
2004-06-15,TAIEX,5646.490234375,5646.46484375
2004-06-16,TAIEX,5560.16015625,5560.13525390625
2004-06-17,TAIEX,5664.35009765625,5664.32470703125
2004-06-18,TAIEX,5569.2900390625,5569.26513671875
2004-06-21,TAIEX,5556.5400390625,5556.51513671875
2004-06-23,TAIEX,5729.2998046875,5729.2744140625
2004-06-24,TAIEX,5779.08984375,5779.06396484375
2004-06-25,TAIEX,5802.5498046875,5802.52392578125
2004-06-28,TAIEX,5709.83984375,5709.814453125
2004-06-29,TAIEX,5741.52001953125,5741.494140625
2004-06-30,TAIEX,5839.43994140625,5839.4130859375
2004-07-01,TAIEX,5836.91015625,5836.88330078125
2004-07-02,TAIEX,5746.7001953125,5746.67431640625
2004-07-05,TAIEX,5659.77978515625,5659.75439453125
2004-07-06,TAIEX,5733.56982421875,5733.54443359375
2004-07-07,TAIEX,5727.77978515625,5727.75439453125
2004-07-08,TAIEX,5713.39013671875,5713.36474609375
2004-07-09,TAIEX,5777.72021484375,5777.6943359375
2004-07-12,TAIEX,5758.740234375,5758.71435546875
2004-07-13,TAIEX,5685.56982421875,5685.54443359375
2004-07-14,TAIEX,5623.64990234375,5623.62451171875
2004-07-15,TAIEX,5542.7998046875,5542.77490234375
2004-07-16,TAIEX,5502.14013671875,5502.115234375
2004-07-19,TAIEX,5489.10009765625,5489.0751953125
2004-07-20,TAIEX,5325.68017578125,5325.65625
2004-07-21,TAIEX,5409.1298828125,5409.10498046875
2004-07-22,TAIEX,5387.9599609375,5387.935546875
2004-07-23,TAIEX,5373.85009765625,5373.82568359375
2004-07-26,TAIEX,5331.7099609375,5331.68603515625
2004-07-27,TAIEX,5398.60986328125,5398.5849609375
2004-07-28,TAIEX,5383.56982421875,5383.54541015625
2004-07-29,TAIEX,5349.66015625,5349.63623046875
2004-07-30,TAIEX,5420.56982421875,5420.544921875
2004-08-02,TAIEX,5350.39990234375,5350.3759765625
2004-08-03,TAIEX,5367.22021484375,5367.19580078125
2004-08-04,TAIEX,5316.8701171875,5316.84619140625
2004-08-05,TAIEX,5427.60986328125,5427.5849609375
2004-08-06,TAIEX,5399.16015625,5399.13525390625
2004-08-09,TAIEX,5399.4501953125,5399.42529296875
2004-08-10,TAIEX,5393.72998046875,5393.705078125
2004-08-11,TAIEX,5367.33984375,5367.3154296875
2004-08-12,TAIEX,5368.02001953125,5367.99560546875
2004-08-13,TAIEX,5389.93017578125,5389.9052734375
2004-08-16,TAIEX,5352.009765625,5351.98583984375
2004-08-17,TAIEX,5342.490234375,5342.46630859375
2004-08-18,TAIEX,5427.75,5427.72509765625
2004-08-19,TAIEX,5602.990234375,5602.96484375
2004-08-20,TAIEX,5622.85986328125,5622.83447265625
2004-08-23,TAIEX,5660.97021484375,5660.94482421875
2004-08-26,TAIEX,5813.39013671875,5813.36376953125
2004-08-27,TAIEX,5797.7099609375,5797.68408203125
2004-08-30,TAIEX,5788.93994140625,5788.9140625
2004-08-31,TAIEX,5765.5400390625,5765.51416015625
2004-09-01,TAIEX,5858.14013671875,5858.11328125
2004-09-02,TAIEX,5852.85009765625,5852.8232421875
2004-09-03,TAIEX,5761.14013671875,5761.1142578125
2004-09-06,TAIEX,5775.990234375,5775.96435546875
2004-09-07,TAIEX,5846.830078125,5846.80322265625
2004-09-08,TAIEX,5846.02001953125,5845.9931640625
2004-09-09,TAIEX,5842.93017578125,5842.9033203125
2004-09-10,TAIEX,5846.18994140625,5846.1630859375
2004-09-13,TAIEX,5928.22021484375,5928.19287109375
2004-09-14,TAIEX,5919.77001953125,5919.74267578125
2004-09-15,TAIEX,5871.06982421875,5871.04296875
2004-09-16,TAIEX,5891.0498046875,5891.02294921875
2004-09-17,TAIEX,5818.39013671875,5818.36376953125
2004-09-20,TAIEX,5864.5400390625,5864.51318359375
2004-09-21,TAIEX,5949.259765625,5949.232421875
2004-09-22,TAIEX,5970.18017578125,5970.15283203125
2004-09-23,TAIEX,5937.25,5937.22265625
2004-09-24,TAIEX,5892.2099609375,5892.18310546875
2004-09-27,TAIEX,5849.22021484375,5849.193359375
2004-09-29,TAIEX,5809.75,5809.7236328125
2004-09-30,TAIEX,5845.68994140625,5845.6630859375
2004-10-01,TAIEX,5945.35009765625,5945.32275390625
2004-10-04,TAIEX,6077.9599609375,6077.93212890625
2004-10-05,TAIEX,6081.009765625,6080.98193359375
2004-10-06,TAIEX,6060.60986328125,6060.58203125
2004-10-07,TAIEX,6103.0,6102.97216796875
2004-10-08,TAIEX,6102.16015625,6102.13232421875
2004-10-11,TAIEX,6089.27978515625,6089.251953125
2004-10-12,TAIEX,5979.56005859375,5979.53271484375
2004-10-13,TAIEX,5963.06982421875,5963.04248046875
2004-10-14,TAIEX,5831.06982421875,5831.04296875
2004-10-15,TAIEX,5820.81982421875,5820.79296875
2004-10-18,TAIEX,5772.1201171875,5772.09423828125
2004-10-19,TAIEX,5807.7900390625,5807.763671875
2004-10-20,TAIEX,5788.33984375,5788.31396484375
2004-10-21,TAIEX,5797.240234375,5797.21435546875
2004-10-22,TAIEX,5774.669921875,5774.64404296875
2004-10-26,TAIEX,5662.8798828125,5662.8544921875
2004-10-27,TAIEX,5650.97021484375,5650.94482421875
2004-10-28,TAIEX,5695.56005859375,5695.53466796875
2004-10-29,TAIEX,5705.93017578125,5705.90478515625
2004-11-01,TAIEX,5656.169921875,5656.14453125
2004-11-02,TAIEX,5759.60986328125,5759.583984375
2004-11-03,TAIEX,5862.85009765625,5862.8232421875
2004-11-04,TAIEX,5860.72998046875,5860.703125
2004-11-05,TAIEX,5931.31005859375,5931.28271484375
2004-11-08,TAIEX,5937.4599609375,5937.4326171875
2004-11-09,TAIEX,5945.2001953125,5945.1728515625
2004-11-10,TAIEX,5948.490234375,5948.462890625
2004-11-11,TAIEX,5874.52001953125,5874.4931640625
2004-11-12,TAIEX,5917.16015625,5917.1328125
2004-11-15,TAIEX,5906.68994140625,5906.6630859375
2004-11-16,TAIEX,5910.85009765625,5910.8232421875
2004-11-17,TAIEX,6028.68017578125,6028.65234375
2004-11-18,TAIEX,6049.490234375,6049.46240234375
2004-11-19,TAIEX,6026.5498046875,6026.52197265625
2004-11-22,TAIEX,5838.419921875,5838.39306640625
2004-11-23,TAIEX,5851.10009765625,5851.0732421875
2004-11-24,TAIEX,5911.31005859375,5911.283203125
2004-11-25,TAIEX,5855.240234375,5855.21337890625
2004-11-26,TAIEX,5778.64990234375,5778.6240234375
2004-11-29,TAIEX,5785.259765625,5785.23388671875
2004-11-30,TAIEX,5844.759765625,5844.73291015625
2004-12-01,TAIEX,5798.6201171875,5798.59423828125
2004-12-02,TAIEX,5867.9501953125,5867.92333984375
2004-12-03,TAIEX,5893.27001953125,5893.2431640625
2004-12-06,TAIEX,5919.169921875,5919.142578125
2004-12-07,TAIEX,5925.27978515625,5925.25244140625
2004-12-08,TAIEX,5892.509765625,5892.48291015625
2004-12-09,TAIEX,5913.97021484375,5913.943359375
2004-12-10,TAIEX,5911.6298828125,5911.60302734375
2004-12-13,TAIEX,5878.89013671875,5878.86328125
2004-12-14,TAIEX,5909.64990234375,5909.623046875
2004-12-15,TAIEX,6002.580078125,6002.55224609375
2004-12-16,TAIEX,6019.22998046875,6019.2021484375
2004-12-17,TAIEX,6009.31982421875,6009.2919921875
2004-12-20,TAIEX,5985.93994140625,5985.91259765625
2004-12-21,TAIEX,5987.85009765625,5987.822265625
2004-12-22,TAIEX,6001.52001953125,6001.4921875
2004-12-23,TAIEX,5997.669921875,5997.64208984375
2004-12-24,TAIEX,6019.419921875,6019.39208984375
2004-12-27,TAIEX,5985.93994140625,5985.91259765625
2004-12-28,TAIEX,6000.56982421875,6000.5419921875
2004-12-29,TAIEX,6088.490234375,6088.46240234375
2004-12-30,TAIEX,6100.85986328125,6100.83203125
2004-12-31,TAIEX,6139.68994140625,6139.662109375
2005-01-03,TAIEX,6143.1201171875,6143.09228515625
2005-01-04,TAIEX,6060.4599609375,6060.43212890625
2005-01-05,TAIEX,5988.3701171875,5988.34228515625
2005-01-06,TAIEX,5982.1201171875,5982.0927734375
2005-01-07,TAIEX,5935.990234375,5935.962890625
2005-01-10,TAIEX,5942.85009765625,5942.82275390625
2005-01-11,TAIEX,5975.66015625,5975.6328125
2005-01-12,TAIEX,5879.080078125,5879.05322265625
2005-01-13,TAIEX,5853.93994140625,5853.9130859375
2005-01-14,TAIEX,5889.52001953125,5889.4931640625
2005-01-17,TAIEX,5945.27001953125,5945.24267578125
2005-01-18,TAIEX,5933.56982421875,5933.54248046875
2005-01-19,TAIEX,5895.35009765625,5895.3232421875
2005-01-20,TAIEX,5888.10009765625,5888.0732421875
2005-01-21,TAIEX,5848.91015625,5848.88330078125
2005-01-24,TAIEX,5771.47998046875,5771.4541015625
2005-01-25,TAIEX,5782.75,5782.72412109375
2005-01-26,TAIEX,5835.3701171875,5835.34326171875
2005-01-27,TAIEX,5842.759765625,5842.73291015625
2005-01-28,TAIEX,5879.93017578125,5879.9033203125
2005-01-31,TAIEX,5994.22998046875,5994.2021484375
2005-02-01,TAIEX,5981.5400390625,5981.5126953125
2005-02-02,TAIEX,6018.68994140625,6018.662109375
2005-02-03,TAIEX,6034.60009765625,6034.572265625
2005-02-14,TAIEX,6112.39990234375,6112.3720703125
2005-02-15,TAIEX,6122.39013671875,6122.3623046875
2005-02-16,TAIEX,6143.490234375,6143.46240234375
2005-02-17,TAIEX,6072.16015625,6072.13232421875
2005-02-18,TAIEX,6115.43017578125,6115.40234375
2005-02-21,TAIEX,6142.77978515625,6142.751953125
2005-02-22,TAIEX,6107.169921875,6107.14208984375
2005-02-23,TAIEX,6121.52001953125,6121.4921875
2005-02-24,TAIEX,6128.33984375,6128.31201171875
2005-02-25,TAIEX,6207.830078125,6207.80126953125
2005-03-01,TAIEX,6259.68994140625,6259.66064453125
2005-03-02,TAIEX,6225.25,6225.22119140625
2005-03-03,TAIEX,6202.3798828125,6202.35107421875
2005-03-04,TAIEX,6193.6201171875,6193.59130859375
2005-03-07,TAIEX,6220.52001953125,6220.4912109375
2005-03-08,TAIEX,6173.33984375,6173.31103515625
2005-03-09,TAIEX,6213.27978515625,6213.2509765625
2005-03-10,TAIEX,6192.52978515625,6192.5009765625
2005-03-11,TAIEX,6204.22998046875,6204.201171875
2005-03-14,TAIEX,6155.509765625,6155.48095703125
2005-03-15,TAIEX,6063.47998046875,6063.4521484375
2005-03-16,TAIEX,6072.35986328125,6072.33203125
2005-03-17,TAIEX,6032.47021484375,6032.4423828125
2005-03-18,TAIEX,6043.9501953125,6043.92236328125
2005-03-21,TAIEX,6058.9599609375,6058.93212890625
2005-03-22,TAIEX,6018.7900390625,6018.76220703125
2005-03-23,TAIEX,6019.490234375,6019.46240234375
2005-03-24,TAIEX,6001.0,6000.97216796875
2005-03-25,TAIEX,6065.91015625,6065.88232421875
2005-03-28,TAIEX,6048.740234375,6048.71240234375
2005-03-29,TAIEX,5961.240234375,5961.212890625
2005-03-30,TAIEX,5957.97998046875,5957.95263671875
2005-03-31,TAIEX,6005.8798828125,6005.85205078125
2005-04-01,TAIEX,6028.75,6028.72216796875
2005-04-04,TAIEX,6019.93017578125,6019.90234375
2005-04-06,TAIEX,6013.490234375,6013.46240234375
2005-04-07,TAIEX,5971.759765625,5971.732421875
2005-04-08,TAIEX,6024.06982421875,6024.0419921875
2005-04-11,TAIEX,5979.419921875,5979.392578125
2005-04-12,TAIEX,5993.89013671875,5993.8623046875
2005-04-13,TAIEX,5998.080078125,5998.05224609375
2005-04-14,TAIEX,5976.68017578125,5976.65283203125
2005-04-15,TAIEX,5888.3701171875,5888.34326171875
2005-04-18,TAIEX,5715.16015625,5715.134765625
2005-04-19,TAIEX,5748.35009765625,5748.32421875
2005-04-20,TAIEX,5693.009765625,5692.984375
2005-04-21,TAIEX,5721.990234375,5721.96484375
2005-04-22,TAIEX,5747.08984375,5747.06396484375
2005-04-25,TAIEX,5758.31005859375,5758.2841796875
2005-04-26,TAIEX,5805.25,5805.2236328125
2005-04-27,TAIEX,5778.27001953125,5778.244140625
2005-04-28,TAIEX,5842.27001953125,5842.2431640625
2005-04-29,TAIEX,5818.06982421875,5818.04345703125
2005-05-03,TAIEX,5818.22021484375,5818.19384765625
2005-05-04,TAIEX,5803.68017578125,5803.65380859375
2005-05-05,TAIEX,5927.5,5927.47265625
2005-05-06,TAIEX,5967.9599609375,5967.9326171875
2005-05-09,TAIEX,5966.85009765625,5966.82275390625
2005-05-10,TAIEX,5949.7998046875,5949.7724609375
2005-05-11,TAIEX,5917.1298828125,5917.1025390625
2005-05-12,TAIEX,5934.60009765625,5934.57275390625
2005-05-13,TAIEX,5981.47998046875,5981.45263671875
2005-05-16,TAIEX,5925.8798828125,5925.8525390625
2005-05-17,TAIEX,5894.009765625,5893.98291015625
2005-05-18,TAIEX,5890.830078125,5890.80322265625
2005-05-19,TAIEX,5970.7099609375,5970.6826171875
2005-05-20,TAIEX,5954.68994140625,5954.66259765625
2005-05-23,TAIEX,5885.4501953125,5885.42333984375
2005-05-24,TAIEX,5909.10009765625,5909.0732421875
2005-05-25,TAIEX,5888.52978515625,5888.5029296875
2005-05-26,TAIEX,5939.419921875,5939.392578125
2005-05-27,TAIEX,5991.5498046875,5991.52197265625
2005-05-30,TAIEX,6009.52001953125,6009.4921875
2005-05-31,TAIEX,6011.56005859375,6011.5322265625
2005-06-01,TAIEX,5971.6201171875,5971.5927734375
2005-06-02,TAIEX,6039.47998046875,6039.4521484375
2005-06-03,TAIEX,6107.9501953125,6107.92236328125
2005-06-06,TAIEX,6137.56982421875,6137.5419921875
2005-06-07,TAIEX,6105.7900390625,6105.76220703125
2005-06-08,TAIEX,6161.66015625,6161.63134765625
2005-06-09,TAIEX,6145.919921875,6145.89111328125
2005-06-10,TAIEX,6192.35009765625,6192.3212890625
2005-06-13,TAIEX,6231.0498046875,6231.02099609375
2005-06-14,TAIEX,6205.759765625,6205.73095703125
2005-06-15,TAIEX,6252.10009765625,6252.07080078125
2005-06-16,TAIEX,6282.41015625,6282.380859375
2005-06-17,TAIEX,6293.56005859375,6293.53076171875
2005-06-20,TAIEX,6296.89013671875,6296.86083984375
2005-06-21,TAIEX,6278.4599609375,6278.4306640625
2005-06-22,TAIEX,6357.830078125,6357.80029296875
2005-06-23,TAIEX,6373.85986328125,6373.830078125
2005-06-24,TAIEX,6340.68994140625,6340.66015625
2005-06-27,TAIEX,6302.990234375,6302.9609375
2005-06-28,TAIEX,6316.83984375,6316.810546875
2005-06-29,TAIEX,6231.64990234375,6231.62109375
2005-06-30,TAIEX,6241.93994140625,6241.9111328125
2005-07-01,TAIEX,6272.14013671875,6272.11083984375
2005-07-04,TAIEX,6271.2001953125,6271.1708984375
2005-07-05,TAIEX,6232.0400390625,6232.01123046875
2005-07-06,TAIEX,6222.0498046875,6222.02099609375
2005-07-07,TAIEX,6212.60009765625,6212.5712890625
2005-07-08,TAIEX,6201.39990234375,6201.37109375
2005-07-11,TAIEX,6298.85986328125,6298.83056640625
2005-07-12,TAIEX,6358.81005859375,6358.7802734375
2005-07-13,TAIEX,6377.08984375,6377.06005859375
2005-07-14,TAIEX,6418.35009765625,6418.3203125
2005-07-15,TAIEX,6410.58984375,6410.56005859375
2005-07-19,TAIEX,6416.33984375,6416.31005859375
2005-07-20,TAIEX,6423.81005859375,6423.7802734375
2005-07-21,TAIEX,6394.02978515625,6394.0
2005-07-22,TAIEX,6380.72998046875,6380.7001953125
2005-07-25,TAIEX,6420.4501953125,6420.42041015625
2005-07-26,TAIEX,6366.16015625,6366.13037109375
2005-07-27,TAIEX,6327.25,6327.220703125
2005-07-28,TAIEX,6375.64013671875,6375.6103515625
2005-07-29,TAIEX,6311.97998046875,6311.95068359375
2005-08-01,TAIEX,6307.93017578125,6307.90087890625
2005-08-02,TAIEX,6343.5400390625,6343.51025390625
2005-08-03,TAIEX,6455.56982421875,6455.5400390625
2005-08-04,TAIEX,6446.009765625,6445.97998046875
2005-08-08,TAIEX,6380.02978515625,6380.0
2005-08-09,TAIEX,6380.0,6379.97021484375
2005-08-10,TAIEX,6356.83984375,6356.81005859375
2005-08-11,TAIEX,6353.7099609375,6353.68017578125
2005-08-12,TAIEX,6350.89990234375,6350.8701171875
2005-08-15,TAIEX,6245.1298828125,6245.10107421875
2005-08-16,TAIEX,6242.39990234375,6242.37109375
2005-08-17,TAIEX,6241.919921875,6241.89111328125
2005-08-18,TAIEX,6205.08984375,6205.06103515625
2005-08-19,TAIEX,6158.93994140625,6158.9111328125
2005-08-22,TAIEX,6206.64990234375,6206.62109375
2005-08-23,TAIEX,6195.18017578125,6195.1513671875
2005-08-24,TAIEX,6127.240234375,6127.21240234375
2005-08-25,TAIEX,6109.66015625,6109.63232421875
2005-08-26,TAIEX,6136.5498046875,6136.52197265625
2005-08-29,TAIEX,6049.43994140625,6049.412109375
2005-08-30,TAIEX,6032.1201171875,6032.09228515625
2005-08-31,TAIEX,6033.47021484375,6033.4423828125
2005-09-02,TAIEX,6116.0498046875,6116.02197265625
2005-09-05,TAIEX,6098.77978515625,6098.751953125
2005-09-06,TAIEX,6140.14013671875,6140.1123046875
2005-09-07,TAIEX,6141.14013671875,6141.1123046875
2005-09-08,TAIEX,6149.8798828125,6149.85107421875
2005-09-09,TAIEX,6119.06005859375,6119.0322265625
2005-09-12,TAIEX,6164.97998046875,6164.951171875
2005-09-13,TAIEX,6169.080078125,6169.05126953125
2005-09-14,TAIEX,6148.7001953125,6148.67138671875
2005-09-15,TAIEX,6082.56005859375,6082.5322265625
2005-09-16,TAIEX,6031.240234375,6031.21240234375
2005-09-19,TAIEX,6035.58984375,6035.56201171875
2005-09-20,TAIEX,6105.35009765625,6105.322265625
2005-09-21,TAIEX,6067.33984375,6067.31201171875
2005-09-22,TAIEX,5972.06005859375,5972.03271484375
2005-09-23,TAIEX,5925.5400390625,5925.5126953125
2005-09-26,TAIEX,5930.2001953125,5930.1728515625
2005-09-27,TAIEX,5945.0498046875,5945.0224609375
2005-09-28,TAIEX,5931.3798828125,5931.3525390625
2005-09-29,TAIEX,6009.990234375,6009.96240234375
2005-09-30,TAIEX,6118.60986328125,6118.58203125
2005-10-03,TAIEX,6123.919921875,6123.89208984375
2005-10-04,TAIEX,6142.1201171875,6142.09228515625
2005-10-05,TAIEX,6135.009765625,6134.98193359375
2005-10-06,TAIEX,6095.81005859375,6095.7822265625
2005-10-07,TAIEX,6081.83984375,6081.81201171875
2005-10-11,TAIEX,6066.58984375,6066.56201171875
2005-10-12,TAIEX,5987.39990234375,5987.3720703125
2005-10-13,TAIEX,5960.10986328125,5960.08251953125
2005-10-14,TAIEX,5969.06982421875,5969.04248046875
2005-10-17,TAIEX,5826.27001953125,5826.2431640625
2005-10-18,TAIEX,5830.7900390625,5830.76318359375
2005-10-19,TAIEX,5694.16015625,5694.134765625
2005-10-20,TAIEX,5748.0,5747.97412109375
2005-10-21,TAIEX,5738.759765625,5738.73388671875
2005-10-24,TAIEX,5717.27978515625,5717.25439453125
2005-10-25,TAIEX,5721.31005859375,5721.28466796875
2005-10-26,TAIEX,5700.72021484375,5700.69482421875
2005-10-27,TAIEX,5661.18017578125,5661.15478515625
2005-10-28,TAIEX,5632.97021484375,5632.94482421875
2005-10-31,TAIEX,5764.2998046875,5764.27392578125
2005-11-01,TAIEX,5798.41015625,5798.38427734375
2005-11-02,TAIEX,5870.3701171875,5870.34326171875
2005-11-03,TAIEX,5858.009765625,5857.98291015625
2005-11-04,TAIEX,5911.740234375,5911.71337890625
2005-11-07,TAIEX,5860.39013671875,5860.36328125
2005-11-08,TAIEX,5849.6298828125,5849.60302734375
2005-11-09,TAIEX,5971.06005859375,5971.03271484375
2005-11-10,TAIEX,5988.3701171875,5988.34228515625
2005-11-11,TAIEX,6075.259765625,6075.23193359375
2005-11-14,TAIEX,6083.6201171875,6083.59228515625
2005-11-15,TAIEX,6030.740234375,6030.71240234375
2005-11-16,TAIEX,6046.2001953125,6046.17236328125
2005-11-17,TAIEX,6020.93994140625,6020.912109375
2005-11-18,TAIEX,6106.740234375,6106.71240234375
2005-11-21,TAIEX,6103.419921875,6103.39208984375
2005-11-22,TAIEX,6059.18994140625,6059.162109375
2005-11-23,TAIEX,6123.52001953125,6123.4921875
2005-11-24,TAIEX,6111.89013671875,6111.8623046875
2005-11-25,TAIEX,6128.2001953125,6128.17236328125
2005-11-28,TAIEX,6203.83984375,6203.81103515625
2005-11-29,TAIEX,6139.509765625,6139.48193359375
2005-11-30,TAIEX,6203.47021484375,6203.44140625
2005-12-01,TAIEX,6179.81982421875,6179.791015625
2005-12-02,TAIEX,6228.9501953125,6228.92138671875
2005-12-05,TAIEX,6348.31005859375,6348.2802734375
2005-12-06,TAIEX,6350.52001953125,6350.490234375
2005-12-07,TAIEX,6329.52001953125,6329.49072265625
2005-12-08,TAIEX,6249.18994140625,6249.1611328125
2005-12-09,TAIEX,6264.35986328125,6264.33056640625
2005-12-12,TAIEX,6266.2900390625,6266.2607421875
2005-12-13,TAIEX,6261.18017578125,6261.15087890625
2005-12-14,TAIEX,6235.35009765625,6235.3212890625
2005-12-15,TAIEX,6258.47021484375,6258.44091796875
2005-12-16,TAIEX,6350.68994140625,6350.66015625
2005-12-19,TAIEX,6431.419921875,6431.39013671875
2005-12-20,TAIEX,6427.83984375,6427.81005859375
2005-12-21,TAIEX,6471.89013671875,6471.8603515625
2005-12-22,TAIEX,6417.2001953125,6417.17041015625
2005-12-23,TAIEX,6512.6298828125,6512.599609375
2005-12-26,TAIEX,6534.77001953125,6534.73974609375
2005-12-27,TAIEX,6531.58984375,6531.5595703125
2005-12-28,TAIEX,6524.39990234375,6524.36962890625
2005-12-29,TAIEX,6575.52978515625,6575.49951171875
2005-12-30,TAIEX,6548.33984375,6548.3095703125
2006-01-02,TAIEX,6462.06005859375,6462.0302734375
2006-01-03,TAIEX,6591.77001953125,6591.73974609375
2006-01-04,TAIEX,6616.43994140625,6616.40966796875
2006-01-05,TAIEX,6709.8701171875,6709.8388671875
2006-01-06,TAIEX,6694.81982421875,6694.78857421875
2006-01-09,TAIEX,6742.39013671875,6742.35888671875
2006-01-10,TAIEX,6707.39990234375,6707.36865234375
2006-01-11,TAIEX,6735.89013671875,6735.85888671875
2006-01-12,TAIEX,6725.60986328125,6725.57861328125
2006-01-13,TAIEX,6682.35009765625,6682.3193359375
2006-01-16,TAIEX,6724.18017578125,6724.14892578125
2006-01-17,TAIEX,6711.0400390625,6711.0087890625
2006-01-18,TAIEX,6498.919921875,6498.8896484375
2006-01-19,TAIEX,6512.2900390625,6512.259765625
2006-01-20,TAIEX,6486.6298828125,6486.599609375
2006-01-23,TAIEX,6381.97021484375,6381.9404296875
2006-01-24,TAIEX,6451.93994140625,6451.91015625
2006-01-25,TAIEX,6532.18017578125,6532.14990234375
2006-02-03,TAIEX,6594.60009765625,6594.56982421875
2006-02-06,TAIEX,6719.9599609375,6719.9287109375
2006-02-07,TAIEX,6720.080078125,6720.048828125
2006-02-08,TAIEX,6624.10986328125,6624.0791015625
2006-02-09,TAIEX,6630.1298828125,6630.09912109375
2006-02-10,TAIEX,6594.919921875,6594.8896484375
2006-02-13,TAIEX,6562.2900390625,6562.259765625
2006-02-14,TAIEX,6612.97021484375,6612.93994140625
2006-02-15,TAIEX,6598.490234375,6598.4599609375
2006-02-16,TAIEX,6683.93017578125,6683.89892578125
2006-02-17,TAIEX,6673.75,6673.71923828125
2006-02-20,TAIEX,6686.5498046875,6686.5185546875
2006-02-21,TAIEX,6631.509765625,6631.47900390625
2006-02-22,TAIEX,6530.7001953125,6530.669921875
2006-02-23,TAIEX,6474.68994140625,6474.66015625
2006-02-24,TAIEX,6538.22021484375,6538.18994140625
2006-02-27,TAIEX,6561.6298828125,6561.599609375
2006-03-01,TAIEX,6613.39013671875,6613.35986328125
2006-03-02,TAIEX,6642.9599609375,6642.92919921875
2006-03-03,TAIEX,6553.66015625,6553.6298828125
2006-03-06,TAIEX,6575.77978515625,6575.74951171875
2006-03-07,TAIEX,6494.14990234375,6494.11962890625
2006-03-08,TAIEX,6459.56982421875,6459.5400390625
2006-03-09,TAIEX,6486.47021484375,6486.43994140625
2006-03-10,TAIEX,6490.68017578125,6490.64990234375
2006-03-13,TAIEX,6544.6298828125,6544.599609375
2006-03-14,TAIEX,6460.009765625,6459.97998046875
2006-03-15,TAIEX,6518.7001953125,6518.669921875
2006-03-16,TAIEX,6504.97998046875,6504.94970703125
2006-03-17,TAIEX,6528.56982421875,6528.53955078125
2006-03-20,TAIEX,6516.52001953125,6516.48974609375
2006-03-21,TAIEX,6458.02978515625,6458.0
2006-03-22,TAIEX,6391.259765625,6391.22998046875
2006-03-23,TAIEX,6364.60009765625,6364.5703125
2006-03-24,TAIEX,6376.6201171875,6376.59033203125
2006-03-27,TAIEX,6421.85009765625,6421.8203125
2006-03-28,TAIEX,6453.85009765625,6453.8203125
2006-03-29,TAIEX,6498.02978515625,6497.99951171875
2006-03-30,TAIEX,6546.06005859375,6546.02978515625
2006-03-31,TAIEX,6613.97021484375,6613.93994140625
2006-04-03,TAIEX,6660.759765625,6660.72900390625
2006-04-04,TAIEX,6665.60009765625,6665.5693359375
2006-04-06,TAIEX,6760.81982421875,6760.78857421875
2006-04-07,TAIEX,6781.93994140625,6781.90869140625
2006-04-10,TAIEX,6780.64013671875,6780.60888671875
2006-04-11,TAIEX,6757.169921875,6757.138671875
2006-04-12,TAIEX,6808.5,6808.46875
2006-04-13,TAIEX,6855.740234375,6855.70849609375
2006-04-14,TAIEX,6952.5400390625,6952.50830078125
2006-04-17,TAIEX,7000.08984375,7000.05810546875
2006-04-18,TAIEX,6989.4599609375,6989.42822265625
2006-04-19,TAIEX,7038.77978515625,7038.748046875
2006-04-20,TAIEX,7102.740234375,7102.7080078125
2006-04-21,TAIEX,7093.0498046875,7093.017578125
2006-04-24,TAIEX,7096.0400390625,7096.0078125
2006-04-25,TAIEX,7059.93994140625,7059.908203125
2006-04-26,TAIEX,7168.97998046875,7168.94677734375
2006-04-27,TAIEX,7136.2099609375,7136.17724609375
2006-04-28,TAIEX,7171.77001953125,7171.73681640625
2006-05-02,TAIEX,7199.60009765625,7199.56689453125
2006-05-03,TAIEX,7242.3701171875,7242.3369140625
2006-05-04,TAIEX,7345.0400390625,7345.00634765625
2006-05-05,TAIEX,7370.43994140625,7370.40625
2006-05-08,TAIEX,7474.0498046875,7474.015625
2006-05-09,TAIEX,7388.93994140625,7388.90576171875
2006-05-10,TAIEX,7324.7099609375,7324.67626953125
2006-05-11,TAIEX,7361.4501953125,7361.41650390625
2006-05-12,TAIEX,7278.9599609375,7278.92626953125
2006-05-15,TAIEX,7176.35009765625,7176.31689453125
2006-05-16,TAIEX,7069.89990234375,7069.8681640625
2006-05-17,TAIEX,7116.830078125,7116.79736328125
2006-05-18,TAIEX,7034.02978515625,7033.998046875
2006-05-19,TAIEX,7074.14990234375,7074.1181640625
2006-05-22,TAIEX,6938.259765625,6938.22802734375
2006-05-23,TAIEX,6843.97998046875,6843.9482421875
2006-05-24,TAIEX,6877.009765625,6876.97802734375
2006-05-25,TAIEX,6861.64990234375,6861.6181640625
2006-05-26,TAIEX,6879.509765625,6879.47802734375
2006-05-29,TAIEX,6878.8798828125,6878.84814453125
2006-05-30,TAIEX,6846.9501953125,6846.91845703125
2006-06-01,TAIEX,6872.83984375,6872.80810546875
2006-06-02,TAIEX,6959.64013671875,6959.6083984375
2006-06-05,TAIEX,6715.27001953125,6715.23876953125
2006-06-06,TAIEX,6730.27001953125,6730.23876953125
2006-06-07,TAIEX,6612.740234375,6612.7099609375
2006-06-08,TAIEX,6331.81005859375,6331.7802734375
2006-06-09,TAIEX,6444.6298828125,6444.60009765625
2006-06-12,TAIEX,6442.89990234375,6442.8701171875
2006-06-13,TAIEX,6337.2099609375,6337.18017578125
2006-06-14,TAIEX,6469.009765625,6468.97998046875
2006-06-15,TAIEX,6426.39013671875,6426.3603515625
2006-06-16,TAIEX,6575.77001953125,6575.73974609375
2006-06-19,TAIEX,6583.0400390625,6583.009765625
2006-06-20,TAIEX,6363.5498046875,6363.52001953125
2006-06-21,TAIEX,6299.58984375,6299.560546875
2006-06-22,TAIEX,6485.14990234375,6485.1201171875
2006-06-23,TAIEX,6452.31005859375,6452.2802734375
2006-06-26,TAIEX,6523.68017578125,6523.64990234375
2006-06-27,TAIEX,6572.39013671875,6572.35986328125
2006-06-28,TAIEX,6540.93017578125,6540.89990234375
2006-06-29,TAIEX,6607.39013671875,6607.35986328125
2006-06-30,TAIEX,6704.41015625,6704.37890625
2006-07-03,TAIEX,6718.5,6718.46875
2006-07-04,TAIEX,6734.509765625,6734.478515625
2006-07-05,TAIEX,6659.9599609375,6659.92919921875
2006-07-06,TAIEX,6659.06982421875,6659.0390625
2006-07-07,TAIEX,6660.60986328125,6660.5791015625
2006-07-10,TAIEX,6682.4599609375,6682.42919921875
2006-07-11,TAIEX,6639.1298828125,6639.09912109375
2006-07-12,TAIEX,6634.08984375,6634.05908203125
2006-07-13,TAIEX,6567.60009765625,6567.56982421875
2006-07-14,TAIEX,6428.02978515625,6428.0
2006-07-17,TAIEX,6257.7998046875,6257.7705078125
2006-07-18,TAIEX,6285.31005859375,6285.28076171875
2006-07-19,TAIEX,6277.240234375,6277.2109375
2006-07-20,TAIEX,6443.740234375,6443.71044921875
2006-07-21,TAIEX,6420.009765625,6419.97998046875
2006-07-24,TAIEX,6359.6298828125,6359.60009765625
2006-07-25,TAIEX,6390.990234375,6390.96044921875
2006-07-26,TAIEX,6376.39013671875,6376.3603515625
2006-07-27,TAIEX,6459.25,6459.22021484375
2006-07-28,TAIEX,6480.06982421875,6480.0400390625
2006-07-31,TAIEX,6454.580078125,6454.55029296875
2006-08-01,TAIEX,6441.4599609375,6441.43017578125
2006-08-02,TAIEX,6471.419921875,6471.39013671875
2006-08-03,TAIEX,6462.31982421875,6462.2900390625
2006-08-04,TAIEX,6442.60986328125,6442.580078125
2006-08-07,TAIEX,6416.60986328125,6416.580078125
2006-08-08,TAIEX,6502.14013671875,6502.10986328125
2006-08-09,TAIEX,6573.22021484375,6573.18994140625
2006-08-10,TAIEX,6578.60986328125,6578.57958984375
2006-08-11,TAIEX,6571.10009765625,6571.06982421875
2006-08-14,TAIEX,6611.89990234375,6611.86962890625
2006-08-15,TAIEX,6615.1298828125,6615.099609375
2006-08-16,TAIEX,6696.6298828125,6696.5986328125
2006-08-17,TAIEX,6733.4599609375,6733.4287109375
2006-08-18,TAIEX,6721.080078125,6721.048828125
2006-08-21,TAIEX,6505.919921875,6505.8896484375
2006-08-22,TAIEX,6590.2001953125,6590.169921875
2006-08-23,TAIEX,6556.330078125,6556.2998046875
2006-08-24,TAIEX,6550.64013671875,6550.60986328125
2006-08-25,TAIEX,6526.22021484375,6526.18994140625
2006-08-28,TAIEX,6444.759765625,6444.72998046875
2006-08-29,TAIEX,6479.91015625,6479.88037109375
2006-08-30,TAIEX,6587.1201171875,6587.08984375
2006-08-31,TAIEX,6611.77001953125,6611.73974609375
2006-09-01,TAIEX,6651.4599609375,6651.42919921875
2006-09-04,TAIEX,6750.77978515625,6750.74853515625
2006-09-05,TAIEX,6734.72998046875,6734.69873046875
2006-09-06,TAIEX,6688.39990234375,6688.36865234375
2006-09-07,TAIEX,6685.22998046875,6685.19873046875
2006-09-08,TAIEX,6693.10986328125,6693.07861328125
2006-09-11,TAIEX,6693.8798828125,6693.8486328125
2006-09-12,TAIEX,6625.72998046875,6625.69921875
2006-09-13,TAIEX,6664.8701171875,6664.83935546875
2006-09-14,TAIEX,6598.8701171875,6598.83984375
2006-09-15,TAIEX,6681.08984375,6681.05908203125
2006-09-18,TAIEX,6882.47998046875,6882.4482421875
2006-09-19,TAIEX,6881.8701171875,6881.83837890625
2006-09-20,TAIEX,6877.77001953125,6877.73828125
2006-09-21,TAIEX,6889.89013671875,6889.8583984375
2006-09-22,TAIEX,6885.60009765625,6885.568359375
2006-09-25,TAIEX,6911.2099609375,6911.17822265625
2006-09-26,TAIEX,6901.75,6901.71826171875
2006-09-27,TAIEX,6946.27001953125,6946.23828125
2006-09-28,TAIEX,6885.1201171875,6885.08837890625
2006-09-29,TAIEX,6883.0498046875,6883.01806640625
2006-10-02,TAIEX,6960.9501953125,6960.91845703125
2006-10-03,TAIEX,6956.8798828125,6956.84814453125
2006-10-04,TAIEX,6874.97998046875,6874.9482421875
2006-10-05,TAIEX,6997.240234375,6997.20849609375
2006-10-11,TAIEX,7006.669921875,7006.63818359375
2006-10-12,TAIEX,6984.580078125,6984.54833984375
2006-10-13,TAIEX,7068.7998046875,7068.76806640625
2006-10-16,TAIEX,7151.419921875,7151.38720703125
2006-10-17,TAIEX,7075.1298828125,7075.09765625
2006-10-18,TAIEX,7017.60009765625,7017.568359375
2006-10-19,TAIEX,6995.830078125,6995.79833984375
2006-10-20,TAIEX,7039.3701171875,7039.33837890625
2006-10-23,TAIEX,7040.259765625,7040.22802734375
2006-10-24,TAIEX,7097.419921875,7097.3876953125
2006-10-25,TAIEX,7059.89013671875,7059.8583984375
2006-10-26,TAIEX,7080.83984375,7080.8076171875
2006-10-27,TAIEX,7086.740234375,7086.7080078125
2006-10-30,TAIEX,6995.2001953125,6995.16845703125
2006-10-31,TAIEX,7021.31982421875,7021.2880859375
2006-11-01,TAIEX,7013.990234375,7013.95849609375
2006-11-02,TAIEX,7078.10009765625,7078.06787109375
2006-11-03,TAIEX,7161.60986328125,7161.5771484375
2006-11-06,TAIEX,7120.43994140625,7120.4072265625
2006-11-07,TAIEX,7184.64990234375,7184.61669921875
2006-11-08,TAIEX,7178.33984375,7178.306640625
2006-11-09,TAIEX,7151.1298828125,7151.09716796875
2006-11-10,TAIEX,7174.2001953125,7174.1669921875
2006-11-13,TAIEX,7136.06005859375,7136.02734375
2006-11-14,TAIEX,7204.0400390625,7204.0068359375
2006-11-15,TAIEX,7236.85009765625,7236.81689453125
2006-11-16,TAIEX,7257.47998046875,7257.4462890625
2006-11-17,TAIEX,7259.5400390625,7259.50634765625
2006-11-20,TAIEX,7261.47998046875,7261.4462890625
2006-11-21,TAIEX,7309.68994140625,7309.65625
2006-11-22,TAIEX,7348.77001953125,7348.736328125
2006-11-23,TAIEX,7384.68994140625,7384.65576171875
2006-11-24,TAIEX,7427.35986328125,7427.32568359375
2006-11-27,TAIEX,7498.14990234375,7498.11572265625
2006-11-28,TAIEX,7444.93994140625,7444.90576171875
2006-11-29,TAIEX,7474.18994140625,7474.15576171875
2006-11-30,TAIEX,7567.72021484375,7567.68505859375
2006-12-01,TAIEX,7613.56982421875,7613.53466796875
2006-12-04,TAIEX,7647.009765625,7646.974609375
2006-12-05,TAIEX,7609.89990234375,7609.86474609375
2006-12-06,TAIEX,7693.330078125,7693.294921875
2006-12-07,TAIEX,7686.52001953125,7686.48486328125
2006-12-08,TAIEX,7636.2998046875,7636.2646484375
2006-12-11,TAIEX,7612.1201171875,7612.0849609375
2006-12-12,TAIEX,7458.56005859375,7458.52587890625
2006-12-13,TAIEX,7450.2998046875,7450.265625
2006-12-14,TAIEX,7480.41015625,7480.3759765625
2006-12-15,TAIEX,7538.81982421875,7538.78515625
2006-12-18,TAIEX,7624.6201171875,7624.5849609375
2006-12-19,TAIEX,7598.8798828125,7598.8447265625
2006-12-20,TAIEX,7648.35009765625,7648.31494140625
2006-12-21,TAIEX,7620.93994140625,7620.90478515625
2006-12-22,TAIEX,7652.47021484375,7652.43505859375
2006-12-25,TAIEX,7646.81005859375,7646.77490234375
2006-12-26,TAIEX,7727.58984375,7727.5546875
2006-12-27,TAIEX,7733.18017578125,7733.14501953125
2006-12-28,TAIEX,7732.93017578125,7732.89501953125
2006-12-29,TAIEX,7823.72021484375,7823.68408203125
2007-01-02,TAIEX,7920.7998046875,7920.7626953125
2007-01-03,TAIEX,7917.2998046875,7917.2626953125
2007-01-04,TAIEX,7934.509765625,7934.47265625
2007-01-05,TAIEX,7835.56982421875,7835.53369140625
2007-01-08,TAIEX,7736.7099609375,7736.6748046875
2007-01-09,TAIEX,7790.009765625,7789.97412109375
2007-01-10,TAIEX,7698.52001953125,7698.48486328125
2007-01-11,TAIEX,7618.5498046875,7618.5146484375
2007-01-12,TAIEX,7761.7099609375,7761.67431640625
2007-01-15,TAIEX,7783.5,7783.46435546875
2007-01-16,TAIEX,7792.080078125,7792.04443359375
2007-01-17,TAIEX,7833.97998046875,7833.94384765625
2007-01-18,TAIEX,7895.18017578125,7895.14306640625
2007-01-19,TAIEX,7840.080078125,7840.0439453125
2007-01-22,TAIEX,7842.47021484375,7842.43408203125
2007-01-23,TAIEX,7852.35986328125,7852.3232421875
2007-01-24,TAIEX,7935.5400390625,7935.5029296875
2007-01-25,TAIEX,7923.77001953125,7923.73291015625
2007-01-26,TAIEX,7821.31982421875,7821.28369140625
2007-01-29,TAIEX,7751.7900390625,7751.75439453125
2007-01-30,TAIEX,7739.91015625,7739.87451171875
2007-01-31,TAIEX,7699.64013671875,7699.60498046875
2007-02-01,TAIEX,7701.5400390625,7701.5048828125
2007-02-02,TAIEX,7777.02978515625,7776.994140625
2007-02-05,TAIEX,7783.1201171875,7783.08447265625
2007-02-06,TAIEX,7875.75,7875.71337890625
2007-02-07,TAIEX,7850.06005859375,7850.02392578125
2007-02-08,TAIEX,7842.22021484375,7842.18408203125
2007-02-09,TAIEX,7859.52978515625,7859.4931640625
2007-02-12,TAIEX,7776.35986328125,7776.32421875
2007-02-13,TAIEX,7736.830078125,7736.794921875
2007-02-14,TAIEX,7809.4501953125,7809.41455078125
2007-02-26,TAIEX,7900.2001953125,7900.1630859375
2007-02-27,TAIEX,7901.9599609375,7901.9228515625
2007-03-01,TAIEX,7678.669921875,7678.634765625
2007-03-02,TAIEX,7670.77001953125,7670.73486328125
2007-03-05,TAIEX,7344.56005859375,7344.5263671875
2007-03-06,TAIEX,7451.06005859375,7451.02587890625
2007-03-07,TAIEX,7480.89013671875,7480.85595703125
2007-03-08,TAIEX,7573.8701171875,7573.8349609375
2007-03-09,TAIEX,7568.2001953125,7568.1650390625
2007-03-12,TAIEX,7629.14990234375,7629.11474609375
2007-03-13,TAIEX,7684.0,7683.96484375
2007-03-14,TAIEX,7570.27001953125,7570.23486328125
2007-03-15,TAIEX,7695.9599609375,7695.9248046875
2007-03-16,TAIEX,7719.7998046875,7719.7646484375
2007-03-19,TAIEX,7737.4599609375,7737.42431640625
2007-03-20,TAIEX,7736.2001953125,7736.1650390625
2007-03-21,TAIEX,7757.02978515625,7756.994140625
2007-03-22,TAIEX,7823.669921875,7823.6337890625
2007-03-23,TAIEX,7859.31982421875,7859.283203125
2007-03-26,TAIEX,7877.81982421875,7877.78271484375
2007-03-27,TAIEX,7845.169921875,7845.1337890625
2007-03-28,TAIEX,7788.14013671875,7788.1044921875
2007-03-29,TAIEX,7848.330078125,7848.2939453125
2007-03-30,TAIEX,7884.41015625,7884.373046875
2007-04-02,TAIEX,7884.990234375,7884.953125
2007-04-03,TAIEX,7932.91015625,7932.873046875
2007-04-04,TAIEX,8004.60986328125,8004.572265625
2007-04-09,TAIEX,8056.56005859375,8056.5224609375
2007-04-10,TAIEX,8048.39013671875,8048.3525390625
2007-04-11,TAIEX,8084.4501953125,8084.41259765625
2007-04-12,TAIEX,8075.2001953125,8075.16259765625
2007-04-13,TAIEX,8002.2998046875,8002.26220703125
2007-04-16,TAIEX,8043.5400390625,8043.50244140625
2007-04-17,TAIEX,7959.2900390625,7959.2529296875
2007-04-18,TAIEX,8003.31005859375,8003.2724609375
2007-04-19,TAIEX,7888.6298828125,7888.5927734375
2007-04-20,TAIEX,7942.669921875,7942.6328125
2007-04-23,TAIEX,8010.4599609375,8010.42236328125
2007-04-24,TAIEX,8045.009765625,8044.97216796875
2007-04-25,TAIEX,7984.64990234375,7984.6123046875
2007-04-26,TAIEX,8000.0400390625,8000.00244140625
2007-04-27,TAIEX,7949.419921875,7949.3828125
2007-04-30,TAIEX,7875.419921875,7875.38330078125
2007-05-02,TAIEX,7903.0400390625,7903.0029296875
2007-05-03,TAIEX,7926.66015625,7926.623046875
2007-05-04,TAIEX,8066.06005859375,8066.0224609375
2007-05-07,TAIEX,8115.27001953125,8115.232421875
2007-05-08,TAIEX,8095.83984375,8095.80224609375
2007-05-09,TAIEX,8052.7001953125,8052.66259765625
2007-05-10,TAIEX,8096.85986328125,8096.822265625
2007-05-11,TAIEX,8031.5400390625,8031.50244140625
2007-05-14,TAIEX,8030.56005859375,8030.5224609375
2007-05-15,TAIEX,7975.02978515625,7974.99267578125
2007-05-16,TAIEX,7988.56982421875,7988.5322265625
2007-05-17,TAIEX,8037.9599609375,8037.92236328125
2007-05-18,TAIEX,8034.14013671875,8034.1025390625
2007-05-21,TAIEX,8141.58984375,8141.55224609375
2007-05-22,TAIEX,8188.6298828125,8188.59228515625
2007-05-23,TAIEX,8221.7900390625,8221.75
2007-05-24,TAIEX,8216.41015625,8216.3701171875
2007-05-25,TAIEX,8159.97021484375,8159.9326171875
2007-05-28,TAIEX,8156.81982421875,8156.7822265625
2007-05-29,TAIEX,8181.490234375,8181.45263671875
2007-05-30,TAIEX,8147.33984375,8147.30224609375
2007-05-31,TAIEX,8144.9501953125,8144.91259765625
2007-06-01,TAIEX,8249.900390625,8249.8603515625
2007-06-04,TAIEX,8294.7900390625,8294.75
2007-06-05,TAIEX,8303.990234375,8303.9501953125
2007-06-06,TAIEX,8314.6796875,8314.6396484375
2007-06-07,TAIEX,8355.259765625,8355.2197265625
2007-06-08,TAIEX,8300.7099609375,8300.669921875
2007-06-11,TAIEX,8338.8798828125,8338.83984375
2007-06-12,TAIEX,8370.259765625,8370.2197265625
2007-06-13,TAIEX,8346.3896484375,8346.349609375
2007-06-14,TAIEX,8450.7197265625,8450.6796875
2007-06-15,TAIEX,8573.6396484375,8573.599609375
2007-06-20,TAIEX,8755.8798828125,8755.83984375
2007-06-21,TAIEX,8851.990234375,8851.9501953125
2007-06-22,TAIEX,8846.3896484375,8846.349609375
2007-06-25,TAIEX,8939.1904296875,8939.1494140625
2007-06-26,TAIEX,8865.75,8865.7099609375
2007-06-27,TAIEX,8844.2197265625,8844.1796875
2007-06-28,TAIEX,8892.830078125,8892.7890625
2007-06-29,TAIEX,8883.2099609375,8883.1689453125
2007-07-02,TAIEX,8939.490234375,8939.44921875
2007-07-03,TAIEX,8996.2001953125,8996.1591796875
2007-07-04,TAIEX,9068.98046875,9068.9384765625
2007-07-05,TAIEX,9148.7802734375,9148.73828125
2007-07-06,TAIEX,9188.3095703125,9188.267578125
2007-07-09,TAIEX,9369.83984375,9369.7978515625
2007-07-10,TAIEX,9384.73046875,9384.6884765625
2007-07-11,TAIEX,9290.9501953125,9290.908203125
2007-07-12,TAIEX,9354.41015625,9354.3681640625
2007-07-13,TAIEX,9471.2998046875,9471.2568359375
2007-07-16,TAIEX,9417.3203125,9417.2783203125
2007-07-17,TAIEX,9509.73046875,9509.6875
2007-07-18,TAIEX,9485.349609375,9485.306640625
2007-07-19,TAIEX,9473.3095703125,9473.2666015625
2007-07-20,TAIEX,9585.900390625,9585.8564453125
2007-07-23,TAIEX,9621.5703125,9621.5263671875
2007-07-24,TAIEX,9744.0595703125,9744.0146484375
2007-07-25,TAIEX,9740.1298828125,9740.0849609375
2007-07-26,TAIEX,9566.419921875,9566.3759765625
2007-07-27,TAIEX,9162.2802734375,9162.23828125
2007-07-30,TAIEX,9072.5703125,9072.5283203125
2007-07-31,TAIEX,9287.25,9287.2080078125
2007-08-01,TAIEX,8891.8798828125,8891.8388671875
2007-08-02,TAIEX,8950.5703125,8950.529296875
2007-08-03,TAIEX,9057.8203125,9057.7783203125
2007-08-06,TAIEX,8941.73046875,8941.689453125
2007-08-07,TAIEX,8862.3095703125,8862.26953125
2007-08-08,TAIEX,9099.4599609375,9099.41796875
2007-08-09,TAIEX,9182.599609375,9182.5576171875
2007-08-10,TAIEX,8931.3095703125,8931.2685546875
2007-08-13,TAIEX,8938.9599609375,8938.9189453125
2007-08-14,TAIEX,8910.990234375,8910.94921875
2007-08-15,TAIEX,8593.0400390625,8593.0
2007-08-16,TAIEX,8201.3701171875,8201.330078125
2007-08-17,TAIEX,8090.2900390625,8090.25244140625
2007-08-20,TAIEX,8515.599609375,8515.5595703125
2007-08-21,TAIEX,8479.080078125,8479.0400390625
2007-08-22,TAIEX,8493.4599609375,8493.419921875
2007-08-23,TAIEX,8732.83984375,8732.7998046875
2007-08-24,TAIEX,8690.08984375,8690.0498046875
2007-08-27,TAIEX,8718.3095703125,8718.26953125
2007-08-28,TAIEX,8727.5498046875,8727.509765625
2007-08-29,TAIEX,8643.3203125,8643.2802734375
2007-08-30,TAIEX,8771.2099609375,8771.169921875
2007-08-31,TAIEX,8982.16015625,8982.119140625
2007-09-03,TAIEX,8979.9599609375,8979.9189453125
2007-09-04,TAIEX,8922.98046875,8922.939453125
2007-09-05,TAIEX,8913.849609375,8913.80859375
2007-09-06,TAIEX,9017.080078125,9017.0390625
2007-09-07,TAIEX,9018.080078125,9018.0390625
2007-09-10,TAIEX,8937.580078125,8937.5390625
2007-09-11,TAIEX,9003.1201171875,9003.0791015625
2007-09-12,TAIEX,9018.1201171875,9018.0791015625
2007-09-13,TAIEX,8927.419921875,8927.37890625
2007-09-14,TAIEX,9031.6298828125,9031.5888671875
2007-09-17,TAIEX,8899.91015625,8899.869140625
2007-09-19,TAIEX,8926.3798828125,8926.3388671875
2007-09-20,TAIEX,8983.0302734375,8982.9892578125
2007-09-21,TAIEX,9105.2802734375,9105.23828125
2007-09-26,TAIEX,9257.4697265625,9257.427734375
2007-09-27,TAIEX,9413.650390625,9413.6083984375
2007-09-28,TAIEX,9411.9501953125,9411.908203125
2007-10-01,TAIEX,9488.5,9488.45703125
2007-10-02,TAIEX,9623.25,9623.2060546875
2007-10-03,TAIEX,9700.0703125,9700.025390625
2007-10-04,TAIEX,9627.3896484375,9627.345703125
2007-10-05,TAIEX,9617.259765625,9617.2158203125
2007-10-08,TAIEX,9717.169921875,9717.125
2007-10-09,TAIEX,9639.830078125,9639.7861328125
2007-10-11,TAIEX,9697.669921875,9697.625
2007-10-12,TAIEX,9496.4697265625,9496.4267578125
2007-10-15,TAIEX,9518.4501953125,9518.4072265625
2007-10-16,TAIEX,9592.4697265625,9592.42578125
2007-10-17,TAIEX,9562.16015625,9562.1162109375
2007-10-18,TAIEX,9637.0703125,9637.0263671875
2007-10-19,TAIEX,9611.7197265625,9611.67578125
2007-10-22,TAIEX,9360.6298828125,9360.587890625
2007-10-23,TAIEX,9502.3896484375,9502.3466796875
2007-10-24,TAIEX,9442.6201171875,9442.578125
2007-10-25,TAIEX,9568.259765625,9568.2158203125
2007-10-26,TAIEX,9631.509765625,9631.4658203125
2007-10-29,TAIEX,9809.8798828125,9809.8349609375
2007-10-30,TAIEX,9757.9296875,9757.884765625
2007-10-31,TAIEX,9711.3701171875,9711.3251953125
2007-11-01,TAIEX,9598.23046875,9598.1865234375
2007-11-02,TAIEX,9273.08984375,9273.0478515625
2007-11-05,TAIEX,9308.599609375,9308.5576171875
2007-11-06,TAIEX,9292.7998046875,9292.7578125
2007-11-07,TAIEX,9300.2197265625,9300.177734375
2007-11-08,TAIEX,8937.580078125,8937.5390625
2007-11-09,TAIEX,8970.919921875,8970.87890625
2007-11-12,TAIEX,8670.6103515625,8670.5703125
2007-11-13,TAIEX,8727.2099609375,8727.169921875
2007-11-14,TAIEX,8942.9296875,8942.888671875
2007-11-15,TAIEX,8905.41015625,8905.369140625
2007-11-16,TAIEX,8764.8203125,8764.7802734375
2007-11-19,TAIEX,8680.7099609375,8680.669921875
2007-11-20,TAIEX,8680.8603515625,8680.8203125
2007-11-21,TAIEX,8484.1103515625,8484.0703125
2007-11-22,TAIEX,8499.3701171875,8499.330078125
2007-11-23,TAIEX,8342.2001953125,8342.16015625
2007-11-26,TAIEX,8528.330078125,8528.2900390625
2007-11-27,TAIEX,8375.759765625,8375.7197265625
2007-11-28,TAIEX,8276.259765625,8276.2197265625
2007-11-29,TAIEX,8447.0302734375,8446.990234375
2007-11-30,TAIEX,8586.400390625,8586.3603515625
2007-12-03,TAIEX,8583.83984375,8583.7998046875
2007-12-04,TAIEX,8651.2802734375,8651.240234375
2007-12-05,TAIEX,8676.9501953125,8676.91015625
2007-12-06,TAIEX,8694.41015625,8694.3701171875
2007-12-07,TAIEX,8722.3798828125,8722.33984375
2007-12-10,TAIEX,8598.0302734375,8597.990234375
2007-12-11,TAIEX,8638.330078125,8638.2900390625
2007-12-12,TAIEX,8490.83984375,8490.7998046875
2007-12-13,TAIEX,8187.9501953125,8187.91259765625
2007-12-14,TAIEX,8118.080078125,8118.04248046875
2007-12-17,TAIEX,7830.85009765625,7830.81396484375
2007-12-18,TAIEX,7807.39013671875,7807.3544921875
2007-12-19,TAIEX,8014.31005859375,8014.2724609375
2007-12-20,TAIEX,7857.080078125,7857.04345703125
2007-12-21,TAIEX,7941.43994140625,7941.40283203125
2007-12-24,TAIEX,8135.47998046875,8135.4423828125
2007-12-25,TAIEX,8167.06982421875,8167.0322265625
2007-12-26,TAIEX,8156.39013671875,8156.3525390625
2007-12-27,TAIEX,8313.7197265625,8313.6796875
2007-12-28,TAIEX,8396.9501953125,8396.91015625
2007-12-31,TAIEX,8506.2802734375,8506.240234375
2008-01-02,TAIEX,8323.0498046875,8323.009765625
2008-01-03,TAIEX,8184.2001953125,8184.16259765625
2008-01-04,TAIEX,8221.099609375,8221.0595703125
2008-01-07,TAIEX,7883.3701171875,7883.3330078125
2008-01-08,TAIEX,7962.91015625,7962.873046875
2008-01-09,TAIEX,8085.06005859375,8085.0224609375
2008-01-10,TAIEX,8057.27001953125,8057.232421875
2008-01-11,TAIEX,8029.31005859375,8029.2724609375
2008-01-14,TAIEX,8173.41015625,8173.37255859375
2008-01-15,TAIEX,8428.83984375,8428.7998046875
2008-01-16,TAIEX,8179.5400390625,8179.50244140625
2008-01-17,TAIEX,8101.6298828125,8101.59228515625
2008-01-18,TAIEX,8184.64990234375,8184.6123046875
2008-01-21,TAIEX,8110.2001953125,8110.16259765625
2008-01-22,TAIEX,7581.9599609375,7581.9248046875
2008-01-23,TAIEX,7408.39990234375,7408.36572265625
2008-01-24,TAIEX,7517.0498046875,7517.01513671875
2008-01-25,TAIEX,7739.58984375,7739.55419921875
2008-01-28,TAIEX,7485.7900390625,7485.755859375
2008-01-29,TAIEX,7576.419921875,7576.384765625
2008-01-30,TAIEX,7543.5,7543.46533203125
2008-01-31,TAIEX,7521.1298828125,7521.09521484375
2008-02-01,TAIEX,7673.990234375,7673.955078125
2008-02-12,TAIEX,7553.2998046875,7553.2646484375
2008-02-13,TAIEX,7550.5498046875,7550.5146484375
2008-02-14,TAIEX,7865.27978515625,7865.2431640625
2008-02-15,TAIEX,7876.3701171875,7876.33349609375
2008-02-18,TAIEX,7890.89990234375,7890.86279296875
2008-02-19,TAIEX,8024.41015625,8024.37255859375
2008-02-20,TAIEX,7894.47021484375,7894.43310546875
2008-02-21,TAIEX,8085.93017578125,8085.892578125
2008-02-22,TAIEX,8108.7099609375,8108.67236328125
2008-02-25,TAIEX,8286.3095703125,8286.26953125
2008-02-26,TAIEX,8307.669921875,8307.6298828125
2008-02-27,TAIEX,8462.080078125,8462.0400390625
2008-02-29,TAIEX,8412.759765625,8412.7197265625
2008-03-03,TAIEX,8262.8701171875,8262.830078125
2008-03-04,TAIEX,8470.1103515625,8470.0703125
2008-03-05,TAIEX,8483.9501953125,8483.91015625
2008-03-06,TAIEX,8658.6396484375,8658.599609375
2008-03-07,TAIEX,8531.3798828125,8531.33984375
2008-03-10,TAIEX,8299.3701171875,8299.330078125
2008-03-11,TAIEX,8381.599609375,8381.5595703125
2008-03-12,TAIEX,8435.2998046875,8435.259765625
2008-03-13,TAIEX,8210.990234375,8210.9501953125
2008-03-14,TAIEX,8161.39013671875,8161.3525390625
2008-03-17,TAIEX,8005.4599609375,8005.42236328125
2008-03-18,TAIEX,8057.81982421875,8057.7822265625
2008-03-19,TAIEX,8179.35009765625,8179.3125
2008-03-20,TAIEX,8337.6201171875,8337.580078125
2008-03-21,TAIEX,8524.990234375,8524.9501953125
2008-03-24,TAIEX,8865.349609375,8865.3095703125
2008-03-25,TAIEX,8795.08984375,8795.0498046875
2008-03-26,TAIEX,8768.01953125,8767.9794921875
2008-03-27,TAIEX,8605.9501953125,8605.91015625
2008-03-28,TAIEX,8623.48046875,8623.4404296875
2008-03-31,TAIEX,8572.58984375,8572.5498046875
2008-04-01,TAIEX,8419.7197265625,8419.6796875
2008-04-02,TAIEX,8605.3203125,8605.2802734375
2008-04-03,TAIEX,8596.33984375,8596.2998046875
2008-04-07,TAIEX,8729.7900390625,8729.75
2008-04-08,TAIEX,8672.849609375,8672.8095703125
2008-04-09,TAIEX,8667.9296875,8667.8896484375
2008-04-10,TAIEX,8829.400390625,8829.3603515625
2008-04-11,TAIEX,8909.580078125,8909.5390625
2008-04-14,TAIEX,8892.6796875,8892.638671875
2008-04-15,TAIEX,8924.7802734375,8924.7392578125
2008-04-16,TAIEX,9066.0400390625,9065.998046875
2008-04-17,TAIEX,9090.4296875,9090.3876953125
2008-04-18,TAIEX,9074.33984375,9074.2978515625
2008-04-21,TAIEX,9083.3203125,9083.2783203125
2008-04-22,TAIEX,9037.25,9037.208984375
2008-04-23,TAIEX,9008.490234375,9008.44921875
2008-04-24,TAIEX,8990.330078125,8990.2890625
2008-04-25,TAIEX,8947.830078125,8947.7890625
2008-04-28,TAIEX,9079.599609375,9079.5576171875
2008-04-29,TAIEX,8891.740234375,8891.69921875
2008-04-30,TAIEX,8919.919921875,8919.87890625
2008-05-02,TAIEX,8963.6298828125,8963.5888671875
2008-05-05,TAIEX,8837.0703125,8837.0302734375
2008-05-06,TAIEX,8857.3701171875,8857.330078125
2008-05-07,TAIEX,8926.33984375,8926.298828125
2008-05-08,TAIEX,8866.6201171875,8866.580078125
2008-05-09,TAIEX,8792.3896484375,8792.349609375
2008-05-12,TAIEX,8830.0498046875,8830.009765625
2008-05-13,TAIEX,8989.5302734375,8989.4892578125
2008-05-14,TAIEX,9018.419921875,9018.37890625
2008-05-15,TAIEX,9157.1796875,9157.1376953125
2008-05-16,TAIEX,9197.41015625,9197.3681640625
2008-05-19,TAIEX,9295.2001953125,9295.158203125
2008-05-20,TAIEX,9068.8896484375,9068.84765625
2008-05-21,TAIEX,9015.5703125,9015.529296875
2008-05-22,TAIEX,9008.0302734375,9007.9892578125
2008-05-23,TAIEX,8834.73046875,8834.6904296875
2008-05-26,TAIEX,8707.830078125,8707.7900390625
2008-05-27,TAIEX,8778.3896484375,8778.349609375
2008-05-28,TAIEX,8665.73046875,8665.6904296875
2008-05-29,TAIEX,8684.919921875,8684.8798828125
2008-05-30,TAIEX,8619.080078125,8619.0400390625
2008-06-02,TAIEX,8724.4697265625,8724.4296875
2008-06-03,TAIEX,8579.4296875,8579.3896484375
2008-06-04,TAIEX,8627.7998046875,8627.759765625
2008-06-05,TAIEX,8738.4599609375,8738.419921875
2008-06-06,TAIEX,8745.349609375,8745.3095703125
2008-06-09,TAIEX,8587.9599609375,8587.919921875
2008-06-10,TAIEX,8370.0,8369.9599609375
2008-06-11,TAIEX,8345.58984375,8345.5498046875
2008-06-12,TAIEX,8062.31005859375,8062.2724609375
2008-06-13,TAIEX,8105.58984375,8105.55224609375
2008-06-16,TAIEX,8169.77001953125,8169.732421875
2008-06-17,TAIEX,8201.7900390625,8201.75
2008-06-18,TAIEX,8217.580078125,8217.5400390625
2008-06-19,TAIEX,8047.740234375,8047.70263671875
2008-06-20,TAIEX,7902.43994140625,7902.40283203125
2008-06-23,TAIEX,7876.490234375,7876.45361328125
2008-06-24,TAIEX,7738.1201171875,7738.08447265625
2008-06-25,TAIEX,7855.06005859375,7855.0234375
2008-06-26,TAIEX,7811.7998046875,7811.76416015625
2008-06-27,TAIEX,7548.759765625,7548.724609375
2008-06-30,TAIEX,7523.5400390625,7523.50537109375
2008-07-01,TAIEX,7407.97998046875,7407.94580078125
2008-07-02,TAIEX,7353.85986328125,7353.826171875
2008-07-03,TAIEX,7394.10009765625,7394.06591796875
2008-07-04,TAIEX,7228.41015625,7228.376953125
2008-07-07,TAIEX,7341.10986328125,7341.076171875
2008-07-08,TAIEX,7051.85009765625,7051.818359375
2008-07-09,TAIEX,7048.25,7048.21826171875
2008-07-10,TAIEX,7075.64990234375,7075.61767578125
2008-07-11,TAIEX,7244.759765625,7244.7265625
2008-07-14,TAIEX,7156.9599609375,7156.92724609375
2008-07-15,TAIEX,6834.240234375,6834.20849609375
2008-07-16,TAIEX,6710.64013671875,6710.60888671875
2008-07-17,TAIEX,6974.509765625,6974.47802734375
2008-07-18,TAIEX,6815.31982421875,6815.28857421875
2008-07-21,TAIEX,7085.669921875,7085.6376953125
2008-07-22,TAIEX,7065.64990234375,7065.6181640625
2008-07-23,TAIEX,7309.830078125,7309.79638671875
2008-07-24,TAIEX,7368.080078125,7368.04638671875
2008-07-25,TAIEX,7233.6201171875,7233.5869140625
2008-07-29,TAIEX,7014.47021484375,7014.4384765625
2008-07-30,TAIEX,7070.35009765625,7070.318359375
2008-07-31,TAIEX,7024.06005859375,7024.0283203125
2008-08-01,TAIEX,7002.5400390625,7002.50830078125
2008-08-04,TAIEX,6977.35986328125,6977.328125
2008-08-05,TAIEX,6813.39990234375,6813.36865234375
2008-08-06,TAIEX,7026.240234375,7026.20849609375
2008-08-07,TAIEX,7024.580078125,7024.54833984375
2008-08-08,TAIEX,7209.0400390625,7209.0068359375
2008-08-11,TAIEX,7325.6201171875,7325.58642578125
2008-08-12,TAIEX,7293.7998046875,7293.76611328125
2008-08-13,TAIEX,7292.33984375,7292.30615234375
2008-08-14,TAIEX,7326.06982421875,7326.0361328125
2008-08-15,TAIEX,7196.5,7196.466796875
2008-08-18,TAIEX,7000.740234375,7000.70849609375
2008-08-19,TAIEX,6978.60009765625,6978.568359375
2008-08-20,TAIEX,7040.89990234375,7040.8681640625
2008-08-21,TAIEX,6918.47998046875,6918.4482421875
2008-08-22,TAIEX,6911.64013671875,6911.6083984375
2008-08-25,TAIEX,7030.72021484375,7030.6884765625
2008-08-26,TAIEX,6964.60009765625,6964.568359375
2008-08-27,TAIEX,7080.97021484375,7080.93798828125
2008-08-28,TAIEX,7033.3701171875,7033.33837890625
2008-08-29,TAIEX,7046.10986328125,7046.078125
2008-09-01,TAIEX,6813.08984375,6813.05859375
2008-09-02,TAIEX,6699.81982421875,6699.78857421875
2008-09-03,TAIEX,6584.93017578125,6584.89990234375
2008-09-04,TAIEX,6412.6298828125,6412.60009765625
2008-09-05,TAIEX,6307.27978515625,6307.25048828125
2008-09-08,TAIEX,6658.68994140625,6658.6591796875
2008-09-09,TAIEX,6424.77001953125,6424.740234375
2008-09-10,TAIEX,6458.009765625,6457.97998046875
2008-09-11,TAIEX,6251.9501953125,6251.9208984375
2008-09-12,TAIEX,6310.68017578125,6310.65087890625
2008-09-15,TAIEX,6052.4501953125,6052.42236328125
2008-09-16,TAIEX,5756.58984375,5756.56396484375
2008-09-17,TAIEX,5800.8701171875,5800.84423828125
2008-09-18,TAIEX,5641.9501953125,5641.9248046875
2008-09-19,TAIEX,5970.3798828125,5970.3525390625
2008-09-22,TAIEX,6110.60009765625,6110.572265625
2008-09-23,TAIEX,6182.2099609375,6182.18115234375
2008-09-24,TAIEX,6132.60009765625,6132.572265625
2008-09-25,TAIEX,6060.830078125,6060.80224609375
2008-09-26,TAIEX,5929.6298828125,5929.6025390625
2008-09-30,TAIEX,5719.27978515625,5719.25439453125
2008-10-01,TAIEX,5764.009765625,5763.98388671875
2008-10-02,TAIEX,5703.72021484375,5703.69482421875
2008-10-03,TAIEX,5742.22998046875,5742.2041015625
2008-10-06,TAIEX,5505.7001953125,5505.67529296875
2008-10-07,TAIEX,5524.66015625,5524.63525390625
2008-10-08,TAIEX,5206.39990234375,5206.3759765625
2008-10-09,TAIEX,5130.7099609375,5130.68603515625
2008-10-13,TAIEX,5020.43994140625,5020.41650390625
2008-10-14,TAIEX,5291.56005859375,5291.5361328125
2008-10-15,TAIEX,5246.259765625,5246.23583984375
2008-10-16,TAIEX,5075.97021484375,5075.94677734375
2008-10-17,TAIEX,4960.39990234375,4960.376953125
2008-10-20,TAIEX,4931.83984375,4931.8173828125
2008-10-21,TAIEX,4942.72021484375,4942.69775390625
2008-10-22,TAIEX,4862.58984375,4862.5673828125
2008-10-23,TAIEX,4730.509765625,4730.48828125
2008-10-24,TAIEX,4579.6201171875,4579.59912109375
2008-10-27,TAIEX,4366.8701171875,4366.85009765625
2008-10-28,TAIEX,4399.97021484375,4399.9501953125
2008-10-29,TAIEX,4406.52001953125,4406.5
2008-10-30,TAIEX,4683.64013671875,4683.619140625
2008-10-31,TAIEX,4870.66015625,4870.6376953125
2008-11-03,TAIEX,4995.06005859375,4995.037109375
2008-11-04,TAIEX,4992.6298828125,4992.60693359375
2008-11-05,TAIEX,4978.259765625,4978.23681640625
2008-11-06,TAIEX,4694.1201171875,4694.09912109375
2008-11-07,TAIEX,4742.330078125,4742.30859375
2008-11-10,TAIEX,4740.27001953125,4740.24853515625
2008-11-11,TAIEX,4638.56982421875,4638.548828125
2008-11-12,TAIEX,4615.56982421875,4615.548828125
2008-11-13,TAIEX,4437.830078125,4437.8095703125
2008-11-14,TAIEX,4452.7001953125,4452.6796875
2008-11-17,TAIEX,4439.7998046875,4439.779296875
2008-11-18,TAIEX,4305.18017578125,4305.16015625
2008-11-19,TAIEX,4284.08984375,4284.06982421875
2008-11-20,TAIEX,4089.929931640625,4089.9111328125
2008-11-21,TAIEX,4171.10009765625,4171.080078125
2008-11-24,TAIEX,4160.5400390625,4160.52001953125
2008-11-25,TAIEX,4266.490234375,4266.47021484375
2008-11-26,TAIEX,4271.7998046875,4271.77978515625
2008-11-27,TAIEX,4453.75,4453.7294921875
2008-11-28,TAIEX,4460.490234375,4460.4697265625
2008-12-01,TAIEX,4518.43017578125,4518.40966796875
2008-12-02,TAIEX,4356.97998046875,4356.9599609375
2008-12-03,TAIEX,4307.259765625,4307.23974609375
2008-12-04,TAIEX,4254.9599609375,4254.93994140625
2008-12-05,TAIEX,4225.06982421875,4225.0498046875
2008-12-08,TAIEX,4418.330078125,4418.31005859375
2008-12-09,TAIEX,4472.66015625,4472.6396484375
2008-12-10,TAIEX,4658.8701171875,4658.84912109375
2008-12-11,TAIEX,4655.56982421875,4655.548828125
2008-12-12,TAIEX,4481.27001953125,4481.24951171875
2008-12-15,TAIEX,4613.72021484375,4613.69921875
2008-12-16,TAIEX,4616.89013671875,4616.869140625
2008-12-17,TAIEX,4648.02001953125,4647.9990234375
2008-12-18,TAIEX,4694.81005859375,4694.7890625
2008-12-19,TAIEX,4694.52001953125,4694.4990234375
2008-12-22,TAIEX,4535.5400390625,4535.51904296875
2008-12-23,TAIEX,4405.85986328125,4405.83984375
2008-12-24,TAIEX,4423.08984375,4423.06982421875
2008-12-25,TAIEX,4413.4501953125,4413.43017578125
2008-12-26,TAIEX,4425.080078125,4425.06005859375
2008-12-29,TAIEX,4416.16015625,4416.14013671875
2008-12-30,TAIEX,4589.0400390625,4589.01904296875
2008-12-31,TAIEX,4591.22021484375,4591.19921875
2009-01-05,TAIEX,4698.31005859375,4698.2890625
2009-01-06,TAIEX,4727.259765625,4727.23828125
2009-01-07,TAIEX,4789.83984375,4789.81787109375
2009-01-08,TAIEX,4535.7900390625,4535.76904296875
2009-01-09,TAIEX,4502.740234375,4502.7197265625
2009-01-12,TAIEX,4453.89990234375,4453.87939453125
2009-01-13,TAIEX,4532.35986328125,4532.3388671875
2009-01-14,TAIEX,4521.47021484375,4521.44970703125
2009-01-15,TAIEX,4320.77001953125,4320.75
2009-01-16,TAIEX,4353.7001953125,4353.68017578125
2009-01-19,TAIEX,4366.759765625,4366.73974609375
2009-01-20,TAIEX,4242.60986328125,4242.58984375
2009-01-21,TAIEX,4247.97021484375,4247.9501953125
2009-02-02,TAIEX,4259.97998046875,4259.9599609375
2009-02-03,TAIEX,4372.81005859375,4372.7900390625
2009-02-04,TAIEX,4389.97021484375,4389.9501953125
2009-02-05,TAIEX,4363.25,4363.22998046875
2009-02-06,TAIEX,4471.25,4471.2294921875
2009-02-09,TAIEX,4494.58984375,4494.5693359375
2009-02-10,TAIEX,4526.10009765625,4526.07958984375
2009-02-11,TAIEX,4575.9501953125,4575.92919921875
2009-02-12,TAIEX,4466.419921875,4466.3994140625
2009-02-13,TAIEX,4592.5,4592.47900390625
2009-02-16,TAIEX,4591.259765625,4591.23876953125
2009-02-17,TAIEX,4491.77978515625,4491.75927734375
2009-02-18,TAIEX,4498.3701171875,4498.349609375
2009-02-19,TAIEX,4528.8701171875,4528.84912109375
2009-02-20,TAIEX,4436.93994140625,4436.919921875
2009-02-23,TAIEX,4477.77978515625,4477.75927734375
2009-02-24,TAIEX,4430.18017578125,4430.16015625
2009-02-25,TAIEX,4493.740234375,4493.7197265625
2009-02-26,TAIEX,4518.56005859375,4518.53955078125
2009-02-27,TAIEX,4557.14990234375,4557.12890625
2009-03-02,TAIEX,4425.830078125,4425.81005859375
2009-03-03,TAIEX,4435.33984375,4435.31982421875
2009-03-04,TAIEX,4541.419921875,4541.39892578125
2009-03-05,TAIEX,4637.2001953125,4637.17919921875
2009-03-06,TAIEX,4653.6298828125,4653.60888671875
2009-03-09,TAIEX,4628.240234375,4628.21923828125
2009-03-10,TAIEX,4671.02001953125,4670.9990234375
2009-03-11,TAIEX,4759.9599609375,4759.9384765625
2009-03-12,TAIEX,4754.64990234375,4754.62841796875
2009-03-13,TAIEX,4897.39013671875,4897.36767578125
2009-03-16,TAIEX,4971.31982421875,4971.296875
2009-03-17,TAIEX,5041.39013671875,5041.36669921875
2009-03-18,TAIEX,5047.5400390625,5047.5166015625
2009-03-19,TAIEX,5035.93017578125,5035.90673828125
2009-03-20,TAIEX,4961.6201171875,4961.59716796875
2009-03-23,TAIEX,5124.18017578125,5124.15625
2009-03-24,TAIEX,5242.18017578125,5242.15625
2009-03-25,TAIEX,5346.3798828125,5346.35595703125
2009-03-26,TAIEX,5386.56005859375,5386.53564453125
2009-03-27,TAIEX,5390.7001953125,5390.67529296875
2009-03-30,TAIEX,5206.0498046875,5206.02587890625
2009-03-31,TAIEX,5210.83984375,5210.81591796875
2009-04-02,TAIEX,5473.77978515625,5473.7548828125
2009-04-03,TAIEX,5529.6298828125,5529.60498046875
2009-04-06,TAIEX,5556.22021484375,5556.1953125
2009-04-07,TAIEX,5576.85009765625,5576.8251953125
2009-04-08,TAIEX,5443.56005859375,5443.53515625
2009-04-09,TAIEX,5667.7998046875,5667.7744140625
2009-04-10,TAIEX,5781.9599609375,5781.93408203125
2009-04-13,TAIEX,5857.64013671875,5857.61328125
2009-04-14,TAIEX,5892.68017578125,5892.6533203125
2009-04-15,TAIEX,5875.18994140625,5875.1630859375
2009-04-16,TAIEX,5997.169921875,5997.14208984375
2009-04-17,TAIEX,5755.3798828125,5755.35400390625
2009-04-20,TAIEX,5781.66015625,5781.63427734375
2009-04-21,TAIEX,5881.41015625,5881.38330078125
2009-04-22,TAIEX,5886.10986328125,5886.0830078125
2009-04-23,TAIEX,5875.240234375,5875.21337890625
2009-04-24,TAIEX,5880.77001953125,5880.7431640625
2009-04-27,TAIEX,5705.0498046875,5705.0244140625
2009-04-28,TAIEX,5596.72998046875,5596.70458984375
2009-04-29,TAIEX,5614.06005859375,5614.03466796875
2009-04-30,TAIEX,5992.56982421875,5992.5419921875
2009-05-04,TAIEX,6330.39990234375,6330.3701171875
2009-05-05,TAIEX,6379.93994140625,6379.91015625
2009-05-06,TAIEX,6566.7001953125,6566.669921875
2009-05-07,TAIEX,6572.8701171875,6572.83984375
2009-05-08,TAIEX,6583.8701171875,6583.83984375
2009-05-11,TAIEX,6647.5,6647.46923828125
2009-05-12,TAIEX,6432.5498046875,6432.52001953125
2009-05-13,TAIEX,6485.14013671875,6485.1103515625
2009-05-14,TAIEX,6364.169921875,6364.14013671875
2009-05-15,TAIEX,6489.08984375,6489.0595703125
2009-05-18,TAIEX,6577.81005859375,6577.77978515625
2009-05-19,TAIEX,6655.58984375,6655.55908203125
2009-05-20,TAIEX,6703.6201171875,6703.5888671875
2009-05-21,TAIEX,6718.81005859375,6718.77880859375
2009-05-22,TAIEX,6737.2900390625,6737.2587890625
2009-05-25,TAIEX,6734.4599609375,6734.4287109375
2009-05-26,TAIEX,6683.10986328125,6683.07861328125
2009-05-27,TAIEX,6890.43994140625,6890.408203125
2009-06-01,TAIEX,6954.10009765625,6954.068359375
2009-06-02,TAIEX,6949.080078125,6949.04833984375
2009-06-03,TAIEX,6893.14013671875,6893.1083984375
2009-06-04,TAIEX,6786.06005859375,6786.02880859375
2009-06-05,TAIEX,6767.10009765625,6767.06884765625
2009-06-08,TAIEX,6628.02001953125,6627.9892578125
2009-06-09,TAIEX,6414.39013671875,6414.3603515625
2009-06-10,TAIEX,6462.27001953125,6462.240234375
2009-06-11,TAIEX,6567.3701171875,6567.33984375
2009-06-12,TAIEX,6448.22998046875,6448.2001953125
2009-06-15,TAIEX,6225.56005859375,6225.53125
2009-06-16,TAIEX,6220.81005859375,6220.78125
2009-06-17,TAIEX,6195.91015625,6195.88134765625
2009-06-18,TAIEX,6144.52978515625,6144.5009765625
2009-06-19,TAIEX,6231.14990234375,6231.12109375
2009-06-22,TAIEX,6341.2099609375,6341.18017578125
2009-06-23,TAIEX,6197.47021484375,6197.44140625
2009-06-24,TAIEX,6380.080078125,6380.05029296875
2009-06-25,TAIEX,6457.60986328125,6457.580078125
2009-06-26,TAIEX,6463.56005859375,6463.5302734375
2009-06-29,TAIEX,6391.14990234375,6391.1201171875
2009-06-30,TAIEX,6432.16015625,6432.13037109375
2009-07-01,TAIEX,6578.97021484375,6578.93994140625
2009-07-02,TAIEX,6667.52978515625,6667.4990234375
2009-07-03,TAIEX,6665.39990234375,6665.369140625
2009-07-06,TAIEX,6649.91015625,6649.87939453125
2009-07-07,TAIEX,6715.22021484375,6715.18896484375
2009-07-08,TAIEX,6668.14013671875,6668.109375
2009-07-09,TAIEX,6748.18017578125,6748.14892578125
2009-07-10,TAIEX,6769.85986328125,6769.82861328125
2009-07-13,TAIEX,6530.81982421875,6530.78955078125
2009-07-14,TAIEX,6639.41015625,6639.37939453125
2009-07-15,TAIEX,6738.60009765625,6738.56884765625
2009-07-16,TAIEX,6780.2998046875,6780.2685546875
2009-07-17,TAIEX,6850.990234375,6850.95849609375
2009-07-20,TAIEX,6938.85986328125,6938.828125
2009-07-21,TAIEX,6953.33984375,6953.30810546875
2009-07-22,TAIEX,6985.31982421875,6985.2880859375
2009-07-23,TAIEX,6980.8798828125,6980.84814453125
2009-07-24,TAIEX,6973.27978515625,6973.248046875
2009-07-27,TAIEX,7028.43017578125,7028.3984375
2009-07-28,TAIEX,7142.6298828125,7142.59716796875
2009-07-29,TAIEX,7083.6298828125,7083.59765625
2009-07-30,TAIEX,7027.10986328125,7027.078125
2009-07-31,TAIEX,7077.7099609375,7077.677734375
2009-08-03,TAIEX,7056.7099609375,7056.67822265625
2009-08-04,TAIEX,6955.8701171875,6955.83837890625
2009-08-05,TAIEX,6848.240234375,6848.20849609375
2009-08-06,TAIEX,6868.64990234375,6868.6181640625
2009-08-10,TAIEX,6882.8701171875,6882.83837890625
2009-08-11,TAIEX,6909.02001953125,6908.98828125
2009-08-12,TAIEX,6898.89990234375,6898.8681640625
2009-08-13,TAIEX,7034.9599609375,7034.92822265625
2009-08-14,TAIEX,7069.509765625,7069.47802734375
2009-08-17,TAIEX,6931.7998046875,6931.76806640625
2009-08-18,TAIEX,6789.77001953125,6789.73876953125
2009-08-19,TAIEX,6788.580078125,6788.548828125
2009-08-20,TAIEX,6733.22998046875,6733.19873046875
2009-08-21,TAIEX,6654.7998046875,6654.76904296875
2009-08-24,TAIEX,6838.25,6838.21826171875
2009-08-25,TAIEX,6809.41015625,6809.37890625
2009-08-26,TAIEX,6719.2099609375,6719.1787109375
2009-08-27,TAIEX,6690.75,6690.71875
2009-08-28,TAIEX,6809.85986328125,6809.82861328125
2009-08-31,TAIEX,6825.9501953125,6825.9189453125
2009-09-01,TAIEX,7019.75,7019.71826171875
2009-09-02,TAIEX,7039.77001953125,7039.73828125
2009-09-03,TAIEX,7104.64990234375,7104.61767578125
2009-09-04,TAIEX,7153.1298828125,7153.09716796875
2009-09-07,TAIEX,7224.58984375,7224.556640625
2009-09-08,TAIEX,7313.990234375,7313.95654296875
2009-09-09,TAIEX,7250.72021484375,7250.6865234375
2009-09-10,TAIEX,7332.080078125,7332.04638671875
2009-09-11,TAIEX,7337.14013671875,7337.1064453125
2009-09-14,TAIEX,7256.9501953125,7256.91650390625
2009-09-15,TAIEX,7346.259765625,7346.22607421875
2009-09-16,TAIEX,7440.240234375,7440.2060546875
2009-09-17,TAIEX,7477.2998046875,7477.265625
2009-09-18,TAIEX,7526.5498046875,7526.51513671875
2009-09-21,TAIEX,7502.4599609375,7502.42578125
2009-09-22,TAIEX,7469.02978515625,7468.99560546875
2009-09-23,TAIEX,7376.759765625,7376.7255859375
2009-09-24,TAIEX,7324.22021484375,7324.1865234375
2009-09-25,TAIEX,7345.22021484375,7345.1865234375
2009-09-28,TAIEX,7284.60986328125,7284.576171875
2009-09-29,TAIEX,7429.97998046875,7429.94580078125
2009-09-30,TAIEX,7509.169921875,7509.1357421875
2009-10-01,TAIEX,7545.2900390625,7545.2548828125
2009-10-02,TAIEX,7411.8798828125,7411.845703125
2009-10-05,TAIEX,7437.97998046875,7437.94580078125
2009-10-06,TAIEX,7536.0498046875,7536.01513671875
2009-10-07,TAIEX,7608.66015625,7608.625
2009-10-08,TAIEX,7503.31005859375,7503.27587890625
2009-10-09,TAIEX,7571.9599609375,7571.9248046875
2009-10-12,TAIEX,7599.8798828125,7599.8447265625
2009-10-13,TAIEX,7596.60009765625,7596.56494140625
2009-10-14,TAIEX,7695.75,7695.71484375
2009-10-15,TAIEX,7710.39990234375,7710.36474609375
2009-10-16,TAIEX,7715.10009765625,7715.06494140625
2009-10-19,TAIEX,7751.31982421875,7751.2841796875
2009-10-20,TAIEX,7753.52001953125,7753.484375
2009-10-21,TAIEX,7701.5,7701.46484375
2009-10-22,TAIEX,7607.93017578125,7607.89501953125
2009-10-23,TAIEX,7649.27978515625,7649.24462890625
2009-10-26,TAIEX,7668.39990234375,7668.36474609375
2009-10-27,TAIEX,7657.33984375,7657.3046875
2009-10-28,TAIEX,7533.9501953125,7533.91552734375
2009-10-29,TAIEX,7355.68994140625,7355.65625
2009-10-30,TAIEX,7340.080078125,7340.04638671875
2009-11-02,TAIEX,7335.18017578125,7335.146484375
2009-11-03,TAIEX,7322.93017578125,7322.896484375
2009-11-04,TAIEX,7467.0400390625,7467.005859375
2009-11-05,TAIEX,7417.4599609375,7417.42578125
2009-11-06,TAIEX,7463.0498046875,7463.015625
2009-11-09,TAIEX,7536.7001953125,7536.66552734375
2009-11-10,TAIEX,7593.490234375,7593.455078125
2009-11-11,TAIEX,7668.06005859375,7668.02490234375
2009-11-12,TAIEX,7670.93017578125,7670.89501953125
2009-11-13,TAIEX,7665.6298828125,7665.5947265625
2009-11-16,TAIEX,7792.68017578125,7792.64453125
2009-11-17,TAIEX,7733.2099609375,7733.1748046875
2009-11-18,TAIEX,7766.68994140625,7766.654296875
2009-11-19,TAIEX,7759.97998046875,7759.9443359375
2009-11-20,TAIEX,7682.97021484375,7682.93505859375
2009-11-23,TAIEX,7687.14990234375,7687.11474609375
2009-11-24,TAIEX,7714.56005859375,7714.52490234375
2009-11-25,TAIEX,7756.31005859375,7756.2744140625
2009-11-26,TAIEX,7739.16015625,7739.12451171875
2009-11-27,TAIEX,7490.91015625,7490.8759765625
2009-11-30,TAIEX,7582.2099609375,7582.1748046875
2009-12-01,TAIEX,7649.22998046875,7649.19482421875
2009-12-02,TAIEX,7677.6201171875,7677.5849609375
2009-12-03,TAIEX,7684.669921875,7684.634765625
2009-12-04,TAIEX,7650.91015625,7650.875
2009-12-07,TAIEX,7775.64013671875,7775.6044921875
2009-12-08,TAIEX,7768.7099609375,7768.67431640625
2009-12-09,TAIEX,7797.419921875,7797.38427734375
2009-12-10,TAIEX,7677.91015625,7677.875
2009-12-11,TAIEX,7795.06982421875,7795.0341796875
2009-12-14,TAIEX,7819.1298828125,7819.09423828125
2009-12-15,TAIEX,7807.6201171875,7807.58447265625
2009-12-16,TAIEX,7751.60009765625,7751.564453125
2009-12-17,TAIEX,7742.169921875,7742.13427734375
2009-12-18,TAIEX,7753.6298828125,7753.59423828125
2009-12-21,TAIEX,7787.27001953125,7787.234375
2009-12-22,TAIEX,7856.0,7855.96337890625
2009-12-23,TAIEX,7901.5,7901.462890625
2009-12-24,TAIEX,7963.5400390625,7963.5029296875
2009-12-25,TAIEX,7972.58984375,7972.552734375
2009-12-28,TAIEX,8057.490234375,8057.45263671875
2009-12-29,TAIEX,8053.830078125,8053.79248046875
2009-12-30,TAIEX,8112.27978515625,8112.2421875
2009-12-31,TAIEX,8188.10986328125,8188.072265625
2010-01-04,TAIEX,8207.849609375,8207.8095703125
2010-01-05,TAIEX,8211.400390625,8211.3603515625
2010-01-06,TAIEX,8327.6201171875,8327.580078125
2010-01-07,TAIEX,8237.419921875,8237.3798828125
2010-01-08,TAIEX,8280.900390625,8280.8603515625
2010-01-11,TAIEX,8323.8203125,8323.7802734375
2010-01-12,TAIEX,8309.3701171875,8309.330078125
2010-01-13,TAIEX,8196.5595703125,8196.51953125
2010-01-14,TAIEX,8289.98046875,8289.9404296875
2010-01-15,TAIEX,8356.8896484375,8356.849609375
2010-01-18,TAIEX,8337.8203125,8337.7802734375
2010-01-19,TAIEX,8249.0,8248.9599609375
2010-01-20,TAIEX,8220.9296875,8220.8896484375
2010-01-21,TAIEX,8127.8701171875,8127.83251953125
2010-01-22,TAIEX,7927.31005859375,7927.27294921875
2010-01-25,TAIEX,7872.990234375,7872.95361328125
2010-01-26,TAIEX,7598.81005859375,7598.77490234375
2010-01-27,TAIEX,7560.02978515625,7559.99462890625
2010-01-28,TAIEX,7694.580078125,7694.544921875
2010-01-29,TAIEX,7640.43994140625,7640.40478515625
2010-02-01,TAIEX,7524.669921875,7524.63525390625
2010-02-02,TAIEX,7429.60986328125,7429.57568359375
2010-02-03,TAIEX,7547.97998046875,7547.94482421875
2010-02-04,TAIEX,7542.0400390625,7542.00537109375
2010-02-05,TAIEX,7217.830078125,7217.796875
2010-02-08,TAIEX,7215.8798828125,7215.8466796875
2010-02-09,TAIEX,7361.0400390625,7361.00634765625
2010-02-10,TAIEX,7441.83984375,7441.8056640625
2010-02-22,TAIEX,7560.0400390625,7560.0048828125
2010-02-23,TAIEX,7597.43994140625,7597.40478515625
2010-02-24,TAIEX,7529.669921875,7529.63525390625
2010-02-25,TAIEX,7426.9599609375,7426.92578125
2010-02-26,TAIEX,7436.10009765625,7436.06591796875
2010-03-01,TAIEX,7577.75,7577.71484375
2010-03-02,TAIEX,7597.6201171875,7597.5849609375
2010-03-03,TAIEX,7629.52001953125,7629.48486328125
2010-03-04,TAIEX,7569.7998046875,7569.7646484375
2010-03-05,TAIEX,7666.259765625,7666.224609375
2010-03-08,TAIEX,7762.27001953125,7762.234375
2010-03-09,TAIEX,7770.58984375,7770.55419921875
2010-03-10,TAIEX,7779.080078125,7779.04443359375
2010-03-11,TAIEX,7749.66015625,7749.62451171875
2010-03-12,TAIEX,7748.330078125,7748.29443359375
2010-03-15,TAIEX,7634.919921875,7634.884765625
2010-03-16,TAIEX,7695.6298828125,7695.5947265625
2010-03-17,TAIEX,7847.83984375,7847.8037109375
2010-03-18,TAIEX,7886.33984375,7886.302734375
2010-03-19,TAIEX,7897.91015625,7897.873046875
2010-03-22,TAIEX,7835.97998046875,7835.94384765625
2010-03-23,TAIEX,7811.8701171875,7811.83447265625
2010-03-24,TAIEX,7822.7099609375,7822.673828125
2010-03-25,TAIEX,7838.10009765625,7838.06396484375
2010-03-26,TAIEX,7876.85986328125,7876.8232421875
2010-03-29,TAIEX,7947.4501953125,7947.4130859375
2010-03-30,TAIEX,7962.22021484375,7962.18310546875
2010-03-31,TAIEX,7920.06005859375,7920.02294921875
2010-04-01,TAIEX,8013.08984375,8013.05224609375
2010-04-02,TAIEX,8025.93017578125,8025.892578125
2010-04-06,TAIEX,8089.64990234375,8089.6123046875
2010-04-07,TAIEX,8121.77978515625,8121.7421875
2010-04-08,TAIEX,8057.60009765625,8057.5625
2010-04-09,TAIEX,8092.02978515625,8091.9921875
2010-04-12,TAIEX,8117.75,8117.71240234375
2010-04-13,TAIEX,8029.72998046875,8029.6923828125
2010-04-14,TAIEX,8097.1298828125,8097.09228515625
2010-04-15,TAIEX,8171.93994140625,8171.90234375
2010-04-16,TAIEX,8111.56982421875,8111.5322265625
2010-04-19,TAIEX,7854.22021484375,7854.18359375
2010-04-20,TAIEX,7900.419921875,7900.3828125
2010-04-21,TAIEX,7990.52978515625,7990.4921875
2010-04-22,TAIEX,7978.68994140625,7978.65234375
2010-04-23,TAIEX,8004.89013671875,8004.8525390625
2010-04-26,TAIEX,8158.14013671875,8158.1025390625
2010-04-27,TAIEX,8146.43994140625,8146.40234375
2010-04-28,TAIEX,8081.5498046875,8081.51220703125
2010-04-29,TAIEX,8054.0498046875,8054.01220703125
2010-04-30,TAIEX,8004.25,8004.21240234375
2010-05-03,TAIEX,7952.169921875,7952.1328125
2010-05-04,TAIEX,7930.77001953125,7930.73291015625
2010-05-05,TAIEX,7696.89990234375,7696.86474609375
2010-05-06,TAIEX,7579.47998046875,7579.44482421875
2010-05-07,TAIEX,7567.10009765625,7567.06494140625
2010-05-10,TAIEX,7664.72998046875,7664.69482421875
2010-05-11,TAIEX,7608.43994140625,7608.40478515625
2010-05-12,TAIEX,7602.7001953125,7602.6650390625
2010-05-13,TAIEX,7770.56982421875,7770.5341796875
2010-05-14,TAIEX,7772.1298828125,7772.09423828125
2010-05-17,TAIEX,7598.72021484375,7598.68505859375
2010-05-18,TAIEX,7585.2998046875,7585.2646484375
2010-05-19,TAIEX,7559.16015625,7559.125
2010-05-20,TAIEX,7424.43017578125,7424.39599609375
2010-05-21,TAIEX,7237.7099609375,7237.6767578125
2010-05-24,TAIEX,7322.72998046875,7322.6962890625
2010-05-25,TAIEX,7086.3701171875,7086.337890625
2010-05-26,TAIEX,7167.35009765625,7167.3173828125
2010-05-27,TAIEX,7243.16015625,7243.126953125
2010-05-28,TAIEX,7295.31982421875,7295.2861328125
2010-05-31,TAIEX,7373.97998046875,7373.94580078125
2010-06-01,TAIEX,7289.330078125,7289.29638671875
2010-06-02,TAIEX,7195.7099609375,7195.6767578125
2010-06-03,TAIEX,7360.27978515625,7360.24609375
2010-06-04,TAIEX,7344.58984375,7344.55615234375
2010-06-07,TAIEX,7157.830078125,7157.79736328125
2010-06-08,TAIEX,7151.990234375,7151.95751953125
2010-06-09,TAIEX,7071.669921875,7071.63818359375
2010-06-10,TAIEX,7181.77001953125,7181.73681640625
2010-06-11,TAIEX,7299.490234375,7299.45654296875
2010-06-14,TAIEX,7387.39990234375,7387.36572265625
2010-06-15,TAIEX,7454.06005859375,7454.02587890625
2010-06-17,TAIEX,7515.77978515625,7515.7451171875
2010-06-18,TAIEX,7493.10986328125,7493.07568359375
2010-06-21,TAIEX,7635.56005859375,7635.52490234375
2010-06-22,TAIEX,7612.68017578125,7612.64501953125
2010-06-23,TAIEX,7582.14990234375,7582.11474609375
2010-06-24,TAIEX,7589.89013671875,7589.85498046875
2010-06-25,TAIEX,7474.7099609375,7474.67578125
2010-06-28,TAIEX,7500.7900390625,7500.755859375
2010-06-29,TAIEX,7423.56982421875,7423.53564453125
2010-06-30,TAIEX,7329.3701171875,7329.33642578125
2010-07-01,TAIEX,7254.06005859375,7254.0263671875
2010-07-02,TAIEX,7330.740234375,7330.70654296875
2010-07-05,TAIEX,7439.9599609375,7439.92578125
2010-07-06,TAIEX,7548.47998046875,7548.44482421875
2010-07-07,TAIEX,7534.4599609375,7534.42529296875
2010-07-08,TAIEX,7608.85009765625,7608.81494140625
2010-07-09,TAIEX,7647.25,7647.21484375
2010-07-12,TAIEX,7639.5498046875,7639.5146484375
2010-07-13,TAIEX,7597.419921875,7597.384765625
2010-07-14,TAIEX,7714.509765625,7714.474609375
2010-07-15,TAIEX,7704.52001953125,7704.48486328125
2010-07-16,TAIEX,7664.56982421875,7664.53466796875
2010-07-19,TAIEX,7649.830078125,7649.794921875
2010-07-20,TAIEX,7712.02978515625,7711.99462890625
2010-07-21,TAIEX,7701.2900390625,7701.2548828125
2010-07-22,TAIEX,7666.33984375,7666.3046875
2010-07-23,TAIEX,7761.22021484375,7761.1845703125
2010-07-26,TAIEX,7787.4501953125,7787.41455078125
2010-07-27,TAIEX,7748.009765625,7747.97412109375
2010-07-28,TAIEX,7784.81005859375,7784.7744140625
2010-07-29,TAIEX,7798.990234375,7798.95458984375
2010-07-30,TAIEX,7760.6298828125,7760.59423828125
2010-08-02,TAIEX,7911.68017578125,7911.64306640625
2010-08-03,TAIEX,7957.52978515625,7957.49267578125
2010-08-04,TAIEX,7972.66015625,7972.623046875
2010-08-05,TAIEX,7936.85009765625,7936.81298828125
2010-08-06,TAIEX,7963.2998046875,7963.2626953125
2010-08-09,TAIEX,8034.490234375,8034.45263671875
2010-08-10,TAIEX,7976.740234375,7976.70263671875
2010-08-11,TAIEX,7895.02978515625,7894.99267578125
2010-08-12,TAIEX,7829.7900390625,7829.75390625
2010-08-13,TAIEX,7891.580078125,7891.54296875
2010-08-16,TAIEX,7941.22021484375,7941.18310546875
2010-08-17,TAIEX,7931.08984375,7931.052734375
2010-08-18,TAIEX,7924.10009765625,7924.06298828125
2010-08-19,TAIEX,7928.93994140625,7928.90283203125
2010-08-20,TAIEX,7927.31005859375,7927.27294921875
2010-08-23,TAIEX,7975.93017578125,7975.89306640625
2010-08-24,TAIEX,7940.64013671875,7940.60302734375
2010-08-25,TAIEX,7736.97998046875,7736.9443359375
2010-08-26,TAIEX,7689.740234375,7689.705078125
2010-08-27,TAIEX,7722.91015625,7722.875
2010-08-30,TAIEX,7741.2001953125,7741.16455078125
2010-08-31,TAIEX,7616.27978515625,7616.24462890625
2010-09-01,TAIEX,7668.25,7668.21484375
2010-09-02,TAIEX,7720.81982421875,7720.78466796875
2010-09-03,TAIEX,7830.2099609375,7830.173828125
2010-09-06,TAIEX,7890.9501953125,7890.9130859375
2010-09-07,TAIEX,7884.39990234375,7884.36279296875
2010-09-08,TAIEX,7851.31005859375,7851.2734375
2010-09-09,TAIEX,7835.5400390625,7835.50390625
2010-09-10,TAIEX,7890.10986328125,7890.07275390625
2010-09-13,TAIEX,8091.2998046875,8091.26220703125
2010-09-14,TAIEX,8132.60009765625,8132.5625
2010-09-15,TAIEX,8163.81982421875,8163.7822265625
2010-09-16,TAIEX,8099.75,8099.71240234375
2010-09-17,TAIEX,8158.330078125,8158.29248046875
2010-09-20,TAIEX,8186.9599609375,8186.92236328125
2010-09-21,TAIEX,8196.400390625,8196.3603515625
2010-09-23,TAIEX,8202.5400390625,8202.5
2010-09-24,TAIEX,8166.6201171875,8166.58251953125
2010-09-27,TAIEX,8191.5400390625,8191.50244140625
2010-09-28,TAIEX,8189.43994140625,8189.40234375
2010-09-29,TAIEX,8240.8896484375,8240.849609375
2010-09-30,TAIEX,8237.7802734375,8237.740234375
2010-10-01,TAIEX,8244.1796875,8244.1396484375
2010-10-04,TAIEX,8246.099609375,8246.0595703125
2010-10-05,TAIEX,8200.4296875,8200.3896484375
2010-10-06,TAIEX,8284.0302734375,8283.990234375
2010-10-07,TAIEX,8283.919921875,8283.8798828125
2010-10-08,TAIEX,8244.1904296875,8244.150390625
2010-10-11,TAIEX,8176.759765625,8176.72216796875
2010-10-12,TAIEX,8090.22021484375,8090.1826171875
2010-10-13,TAIEX,8106.66015625,8106.62255859375
2010-10-14,TAIEX,8215.4501953125,8215.41015625
2010-10-15,TAIEX,8205.2998046875,8205.259765625
2010-10-18,TAIEX,8060.5400390625,8060.50244140625
2010-10-19,TAIEX,8046.22998046875,8046.1923828125
2010-10-20,TAIEX,8124.6201171875,8124.58251953125
2010-10-21,TAIEX,8131.22998046875,8131.1923828125
2010-10-22,TAIEX,8168.06005859375,8168.0224609375
2010-10-25,TAIEX,8306.98046875,8306.9404296875
2010-10-26,TAIEX,8343.23046875,8343.1904296875
2010-10-27,TAIEX,8291.0400390625,8291.0
2010-10-28,TAIEX,8354.0498046875,8354.009765625
2010-10-29,TAIEX,8287.08984375,8287.0498046875
2010-11-01,TAIEX,8379.75,8379.7099609375
2010-11-02,TAIEX,8344.759765625,8344.7197265625
2010-11-03,TAIEX,8293.900390625,8293.8603515625
2010-11-04,TAIEX,8357.849609375,8357.8095703125
2010-11-05,TAIEX,8449.33984375,8449.2998046875
2010-11-08,TAIEX,8430.580078125,8430.5400390625
2010-11-09,TAIEX,8445.6298828125,8445.58984375
2010-11-10,TAIEX,8450.6298828125,8450.58984375
2010-11-11,TAIEX,8436.9501953125,8436.91015625
2010-11-12,TAIEX,8316.0498046875,8316.009765625
2010-11-15,TAIEX,8240.650390625,8240.6103515625
2010-11-16,TAIEX,8312.2099609375,8312.169921875
2010-11-17,TAIEX,8255.5400390625,8255.5
2010-11-18,TAIEX,8283.4501953125,8283.41015625
2010-11-19,TAIEX,8306.1201171875,8306.080078125
2010-11-22,TAIEX,8374.91015625,8374.8701171875
2010-11-23,TAIEX,8328.6298828125,8328.58984375
2010-11-24,TAIEX,8297.0498046875,8297.009765625
2010-11-25,TAIEX,8349.990234375,8349.9501953125
2010-11-26,TAIEX,8312.150390625,8312.1103515625
2010-11-29,TAIEX,8367.169921875,8367.1298828125
2010-11-30,TAIEX,8372.48046875,8372.4404296875
2010-12-01,TAIEX,8520.1103515625,8520.0703125
2010-12-02,TAIEX,8585.76953125,8585.7294921875
2010-12-03,TAIEX,8624.009765625,8623.9697265625
2010-12-06,TAIEX,8702.23046875,8702.1904296875
2010-12-07,TAIEX,8704.3896484375,8704.349609375
2010-12-08,TAIEX,8703.7900390625,8703.75
2010-12-09,TAIEX,8753.83984375,8753.7998046875
2010-12-10,TAIEX,8718.830078125,8718.7900390625
2010-12-13,TAIEX,8736.58984375,8736.5498046875
2010-12-14,TAIEX,8740.4296875,8740.3896484375
2010-12-15,TAIEX,8756.7099609375,8756.669921875
2010-12-16,TAIEX,8782.2001953125,8782.16015625
2010-12-17,TAIEX,8817.900390625,8817.8603515625
2010-12-20,TAIEX,8768.7197265625,8768.6796875
2010-12-21,TAIEX,8827.7900390625,8827.75
2010-12-22,TAIEX,8860.490234375,8860.4501953125
2010-12-23,TAIEX,8898.8701171875,8898.8291015625
2010-12-24,TAIEX,8861.099609375,8861.0595703125
2010-12-27,TAIEX,8892.3095703125,8892.2685546875
2010-12-28,TAIEX,8870.759765625,8870.7197265625
2010-12-29,TAIEX,8866.349609375,8866.3095703125
2010-12-30,TAIEX,8907.91015625,8907.869140625
2010-12-31,TAIEX,8972.5,8972.458984375
2011-01-03,TAIEX,9025.2998046875,9025.2587890625
2011-01-04,TAIEX,8997.1904296875,8997.1494140625
2011-01-05,TAIEX,8846.3095703125,8846.26953125
2011-01-06,TAIEX,8883.2099609375,8883.1689453125
2011-01-07,TAIEX,8782.7197265625,8782.6796875
2011-01-10,TAIEX,8817.8798828125,8817.83984375
2011-01-11,TAIEX,8931.3603515625,8931.3193359375
2011-01-12,TAIEX,8965.0,8964.958984375
2011-01-13,TAIEX,8975.580078125,8975.5390625
2011-01-14,TAIEX,8972.509765625,8972.46875
2011-01-17,TAIEX,8925.08984375,8925.048828125
2011-01-18,TAIEX,8988.0,8987.958984375
2011-01-19,TAIEX,9086.01953125,9085.9775390625
2011-01-20,TAIEX,9022.169921875,9022.12890625
2011-01-21,TAIEX,8954.3798828125,8954.3388671875
2011-01-24,TAIEX,8947.7900390625,8947.7490234375
2011-01-25,TAIEX,8991.3896484375,8991.3486328125
2011-01-26,TAIEX,9055.58984375,9055.5478515625
2011-01-27,TAIEX,9102.330078125,9102.2880859375
2011-01-28,TAIEX,9145.349609375,9145.3076171875
2011-02-08,TAIEX,9111.4599609375,9111.41796875
2011-02-09,TAIEX,9006.8203125,9006.779296875
2011-02-10,TAIEX,8836.5595703125,8836.51953125
2011-02-11,TAIEX,8609.8603515625,8609.8203125
2011-02-14,TAIEX,8685.4697265625,8685.4296875
2011-02-15,TAIEX,8721.9296875,8721.8896484375
2011-02-16,TAIEX,8712.9599609375,8712.919921875
2011-02-17,TAIEX,8683.8798828125,8683.83984375
2011-02-18,TAIEX,8843.83984375,8843.7998046875
2011-02-21,TAIEX,8839.2197265625,8839.1796875
2011-02-22,TAIEX,8673.669921875,8673.6298828125
2011-02-23,TAIEX,8528.9404296875,8528.900390625
2011-02-24,TAIEX,8541.6396484375,8541.599609375
2011-02-25,TAIEX,8599.650390625,8599.6103515625
2011-03-01,TAIEX,8727.5595703125,8727.51953125
2011-03-02,TAIEX,8619.900390625,8619.8603515625
2011-03-03,TAIEX,8738.3701171875,8738.330078125
2011-03-04,TAIEX,8784.400390625,8784.3603515625
2011-03-07,TAIEX,8713.7900390625,8713.75
2011-03-08,TAIEX,8747.75,8747.7099609375
2011-03-09,TAIEX,8750.01953125,8749.9794921875
2011-03-10,TAIEX,8642.900390625,8642.8603515625
2011-03-11,TAIEX,8567.8203125,8567.7802734375
2011-03-14,TAIEX,8520.01953125,8519.9794921875
2011-03-15,TAIEX,8234.7802734375,8234.740234375
2011-03-16,TAIEX,8324.580078125,8324.5400390625
2011-03-17,TAIEX,8282.6904296875,8282.650390625
2011-03-18,TAIEX,8394.75,8394.7099609375
2011-03-21,TAIEX,8467.7099609375,8467.669921875
2011-03-22,TAIEX,8508.0400390625,8508.0
2011-03-23,TAIEX,8545.080078125,8545.0400390625
2011-03-24,TAIEX,8576.400390625,8576.3603515625
2011-03-25,TAIEX,8610.3896484375,8610.349609375
2011-03-28,TAIEX,8553.0595703125,8553.01953125
2011-03-29,TAIEX,8596.5703125,8596.5302734375
2011-03-30,TAIEX,8646.3095703125,8646.26953125
2011-03-31,TAIEX,8683.2998046875,8683.259765625
2011-04-01,TAIEX,8705.1298828125,8705.08984375
2011-04-06,TAIEX,8851.98046875,8851.9404296875
2011-04-07,TAIEX,8901.7197265625,8901.6787109375
2011-04-08,TAIEX,8894.5400390625,8894.4990234375
2011-04-11,TAIEX,8880.26953125,8880.228515625
2011-04-12,TAIEX,8732.58984375,8732.5498046875
2011-04-13,TAIEX,8780.2001953125,8780.16015625
2011-04-14,TAIEX,8802.73046875,8802.6904296875
2011-04-15,TAIEX,8718.1201171875,8718.080078125
2011-04-18,TAIEX,8714.48046875,8714.4404296875
2011-04-19,TAIEX,8638.5498046875,8638.509765625
2011-04-20,TAIEX,8813.2802734375,8813.240234375
2011-04-21,TAIEX,8957.650390625,8957.609375
2011-04-22,TAIEX,8969.4296875,8969.388671875
2011-04-25,TAIEX,8950.75,8950.708984375
2011-04-26,TAIEX,8948.1396484375,8948.0986328125
2011-04-27,TAIEX,9049.25,9049.208984375
2011-04-28,TAIEX,9040.76953125,9040.728515625
2011-04-29,TAIEX,9007.8701171875,9007.8291015625
2011-05-03,TAIEX,8946.080078125,8946.0390625
2011-05-04,TAIEX,8947.349609375,8947.30859375
2011-05-05,TAIEX,9018.6103515625,9018.5693359375
2011-05-06,TAIEX,8977.23046875,8977.189453125
2011-05-09,TAIEX,9035.48046875,9035.439453125
2011-05-10,TAIEX,9023.2802734375,9023.2392578125
2011-05-11,TAIEX,9020.400390625,9020.359375
2011-05-12,TAIEX,9033.6796875,9033.638671875
2011-05-13,TAIEX,9006.6103515625,9006.5693359375
2011-05-16,TAIEX,8911.7099609375,8911.6689453125
2011-05-17,TAIEX,8884.08984375,8884.048828125
2011-05-18,TAIEX,8944.83984375,8944.798828125
2011-05-19,TAIEX,8892.8798828125,8892.8388671875
2011-05-20,TAIEX,8837.0302734375,8836.990234375
2011-05-23,TAIEX,8747.509765625,8747.4697265625
2011-05-24,TAIEX,8756.6103515625,8756.5703125
2011-05-25,TAIEX,8727.08984375,8727.0498046875
2011-05-26,TAIEX,8788.400390625,8788.3603515625
2011-05-27,TAIEX,8810.0,8809.9599609375
2011-05-30,TAIEX,8823.6796875,8823.6396484375
2011-05-31,TAIEX,8988.83984375,8988.798828125
2011-06-01,TAIEX,9062.349609375,9062.3076171875
2011-06-02,TAIEX,8991.3603515625,8991.3193359375
2011-06-03,TAIEX,9046.2802734375,9046.2392578125
2011-06-07,TAIEX,9057.099609375,9057.0576171875
2011-06-08,TAIEX,9007.5302734375,9007.4892578125
2011-06-09,TAIEX,9000.9404296875,9000.8994140625
2011-06-10,TAIEX,8837.8203125,8837.7802734375
2011-06-13,TAIEX,8712.9501953125,8712.91015625
2011-06-14,TAIEX,8829.2099609375,8829.169921875
2011-06-15,TAIEX,8831.4501953125,8831.41015625
2011-06-16,TAIEX,8654.4296875,8654.3896484375
2011-06-17,TAIEX,8636.099609375,8636.0595703125
2011-06-20,TAIEX,8530.6796875,8530.6396484375
2011-06-21,TAIEX,8597.6201171875,8597.580078125
2011-06-22,TAIEX,8621.0400390625,8621.0
2011-06-23,TAIEX,8567.2802734375,8567.240234375
2011-06-24,TAIEX,8532.830078125,8532.7900390625
2011-06-27,TAIEX,8500.16015625,8500.1201171875
2011-06-28,TAIEX,8478.8603515625,8478.8203125
2011-06-29,TAIEX,8573.3798828125,8573.33984375
2011-06-30,TAIEX,8652.58984375,8652.5498046875
2011-07-01,TAIEX,8739.8203125,8739.7802734375
2011-07-04,TAIEX,8774.7197265625,8774.6796875
2011-07-05,TAIEX,8784.4404296875,8784.400390625
2011-07-06,TAIEX,8824.4404296875,8824.400390625
2011-07-07,TAIEX,8773.419921875,8773.3798828125
2011-07-08,TAIEX,8749.5498046875,8749.509765625
2011-07-11,TAIEX,8665.849609375,8665.8095703125
2011-07-12,TAIEX,8491.009765625,8490.9697265625
2011-07-13,TAIEX,8488.0595703125,8488.01953125
2011-07-14,TAIEX,8481.349609375,8481.3095703125
2011-07-15,TAIEX,8574.91015625,8574.8701171875
2011-07-18,TAIEX,8538.5703125,8538.5302734375
2011-07-19,TAIEX,8524.5703125,8524.5302734375
2011-07-20,TAIEX,8706.169921875,8706.1298828125
2011-07-21,TAIEX,8717.1396484375,8717.099609375
2011-07-22,TAIEX,8765.3203125,8765.2802734375
2011-07-25,TAIEX,8683.509765625,8683.4697265625
2011-07-26,TAIEX,8794.240234375,8794.2001953125
2011-07-27,TAIEX,8817.490234375,8817.4501953125
2011-07-28,TAIEX,8767.2001953125,8767.16015625
2011-07-29,TAIEX,8644.1796875,8644.1396484375
2011-08-01,TAIEX,8701.3798828125,8701.33984375
2011-08-02,TAIEX,8584.7197265625,8584.6796875
2011-08-03,TAIEX,8456.8603515625,8456.8203125
2011-08-04,TAIEX,8317.26953125,8317.2294921875
2011-08-05,TAIEX,7853.1298828125,7853.09326171875
2011-08-08,TAIEX,7552.7998046875,7552.7646484375
2011-08-09,TAIEX,7493.1201171875,7493.0859375
2011-08-10,TAIEX,7736.31982421875,7736.28466796875
2011-08-11,TAIEX,7719.08984375,7719.0546875
2011-08-12,TAIEX,7637.02001953125,7636.98486328125
2011-08-15,TAIEX,7819.39013671875,7819.3544921875
2011-08-16,TAIEX,7798.58984375,7798.55419921875
2011-08-17,TAIEX,7741.759765625,7741.72412109375
2011-08-18,TAIEX,7614.97021484375,7614.93505859375
2011-08-19,TAIEX,7342.9599609375,7342.92626953125
2011-08-22,TAIEX,7312.58984375,7312.55615234375
2011-08-23,TAIEX,7550.22998046875,7550.19482421875
2011-08-24,TAIEX,7502.93017578125,7502.89599609375
2011-08-25,TAIEX,7410.8701171875,7410.8359375
2011-08-26,TAIEX,7445.10009765625,7445.06591796875
2011-08-29,TAIEX,7578.009765625,7577.974609375
2011-08-30,TAIEX,7646.18994140625,7646.15478515625
2011-08-31,TAIEX,7741.35986328125,7741.32421875
2011-09-01,TAIEX,7757.759765625,7757.72412109375
2011-09-02,TAIEX,7757.06005859375,7757.0244140625
2011-09-05,TAIEX,7551.56982421875,7551.53466796875
2011-09-06,TAIEX,7367.18994140625,7367.15625
2011-09-07,TAIEX,7529.009765625,7528.97509765625
2011-09-08,TAIEX,7548.3701171875,7548.3349609375
2011-09-09,TAIEX,7610.56982421875,7610.53466796875
2011-09-13,TAIEX,7391.3701171875,7391.3359375
2011-09-14,TAIEX,7228.47021484375,7228.43701171875
2011-09-15,TAIEX,7385.68017578125,7385.64599609375
2011-09-16,TAIEX,7577.39990234375,7577.36474609375
2011-09-19,TAIEX,7480.8798828125,7480.845703125
2011-09-20,TAIEX,7492.85009765625,7492.81591796875
2011-09-21,TAIEX,7535.8798828125,7535.84521484375
2011-09-22,TAIEX,7305.5,7305.46630859375
2011-09-23,TAIEX,7046.22021484375,7046.1884765625
2011-09-26,TAIEX,6877.1201171875,6877.08837890625
2011-09-27,TAIEX,7089.9501953125,7089.91796875
2011-09-28,TAIEX,7146.97998046875,7146.947265625
2011-09-29,TAIEX,7182.60986328125,7182.57666015625
2011-09-30,TAIEX,7225.3798828125,7225.3466796875
2011-10-03,TAIEX,7013.97021484375,7013.9384765625
2011-10-04,TAIEX,7047.8701171875,7047.83837890625
2011-10-05,TAIEX,6989.14990234375,6989.1181640625
2011-10-06,TAIEX,7132.0,7131.96728515625
2011-10-07,TAIEX,7211.9599609375,7211.9267578125
2011-10-11,TAIEX,7398.7099609375,7398.67578125
2011-10-12,TAIEX,7382.35009765625,7382.31591796875
2011-10-13,TAIEX,7428.330078125,7428.2958984375
2011-10-14,TAIEX,7358.080078125,7358.04638671875
2011-10-17,TAIEX,7461.1201171875,7461.0859375
2011-10-18,TAIEX,7359.47998046875,7359.4462890625
2011-10-19,TAIEX,7353.3701171875,7353.33642578125
2011-10-20,TAIEX,7244.31982421875,7244.28662109375
2011-10-21,TAIEX,7254.509765625,7254.47607421875
2011-10-24,TAIEX,7470.2998046875,7470.265625
2011-10-25,TAIEX,7491.2099609375,7491.17578125
2011-10-26,TAIEX,7535.81982421875,7535.78515625
2011-10-27,TAIEX,7565.2099609375,7565.1748046875
2011-10-28,TAIEX,7616.06005859375,7616.02490234375
2011-10-31,TAIEX,7587.68994140625,7587.65478515625
2011-11-01,TAIEX,7622.009765625,7621.974609375
2011-11-02,TAIEX,7598.4501953125,7598.4150390625
2011-11-03,TAIEX,7460.31005859375,7460.27587890625
2011-11-04,TAIEX,7603.22998046875,7603.19482421875
2011-11-07,TAIEX,7621.72021484375,7621.68505859375
2011-11-08,TAIEX,7600.7900390625,7600.7548828125
2011-11-09,TAIEX,7561.85986328125,7561.82470703125
2011-11-10,TAIEX,7308.68017578125,7308.646484375
2011-11-11,TAIEX,7367.2900390625,7367.25634765625
2011-11-14,TAIEX,7525.64990234375,7525.615234375
2011-11-15,TAIEX,7491.06005859375,7491.02587890625
2011-11-16,TAIEX,7387.52001953125,7387.48583984375
2011-11-17,TAIEX,7387.81005859375,7387.77587890625
2011-11-18,TAIEX,7233.77978515625,7233.74658203125
2011-11-21,TAIEX,7042.64013671875,7042.6083984375
2011-11-22,TAIEX,7000.02978515625,6999.998046875
2011-11-23,TAIEX,6806.43017578125,6806.39892578125
2011-11-24,TAIEX,6864.39013671875,6864.3583984375
2011-11-25,TAIEX,6784.52001953125,6784.48876953125
2011-11-28,TAIEX,6898.77978515625,6898.748046875
2011-11-29,TAIEX,6988.64990234375,6988.6181640625
2011-11-30,TAIEX,6904.1201171875,6904.08837890625
2011-12-01,TAIEX,7178.68994140625,7178.65673828125
2011-12-02,TAIEX,7140.68017578125,7140.6474609375
2011-12-05,TAIEX,7098.080078125,7098.0478515625
2011-12-06,TAIEX,6956.27978515625,6956.248046875
2011-12-07,TAIEX,7033.0,7032.96826171875
2011-12-08,TAIEX,6982.89990234375,6982.8681640625
2011-12-09,TAIEX,6893.2998046875,6893.26806640625
2011-12-12,TAIEX,6949.0400390625,6949.00830078125
2011-12-13,TAIEX,6896.31005859375,6896.2783203125
2011-12-14,TAIEX,6922.56982421875,6922.5380859375
2011-12-15,TAIEX,6764.58984375,6764.55859375
2011-12-16,TAIEX,6785.08984375,6785.05859375
2011-12-19,TAIEX,6633.330078125,6633.29931640625
2011-12-20,TAIEX,6662.64013671875,6662.609375
2011-12-21,TAIEX,6966.47998046875,6966.4482421875
2011-12-22,TAIEX,6966.35009765625,6966.318359375
2011-12-23,TAIEX,7110.72998046875,7110.69775390625
2011-12-26,TAIEX,7092.580078125,7092.5478515625
2011-12-27,TAIEX,7085.02978515625,7084.99755859375
2011-12-28,TAIEX,7056.669921875,7056.63818359375
2011-12-29,TAIEX,7074.81982421875,7074.7880859375
2011-12-30,TAIEX,7072.080078125,7072.04833984375
2012-01-03,TAIEX,7053.3798828125,7053.34814453125
2012-01-04,TAIEX,7082.97021484375,7082.93798828125
2012-01-05,TAIEX,7130.85986328125,7130.8271484375
2012-01-06,TAIEX,7120.509765625,7120.47705078125
2012-01-09,TAIEX,7093.0400390625,7093.0078125
2012-01-10,TAIEX,7178.8701171875,7178.8369140625
2012-01-11,TAIEX,7188.2099609375,7188.1767578125
2012-01-12,TAIEX,7186.580078125,7186.546875
2012-01-13,TAIEX,7181.5400390625,7181.5068359375
2012-01-16,TAIEX,7103.6201171875,7103.587890625
2012-01-17,TAIEX,7221.080078125,7221.046875
2012-01-18,TAIEX,7233.68994140625,7233.65673828125
2012-01-30,TAIEX,7407.41015625,7407.3759765625
2012-01-31,TAIEX,7517.080078125,7517.04541015625
2012-02-01,TAIEX,7549.2099609375,7549.1748046875
2012-02-02,TAIEX,7652.4599609375,7652.4248046875
2012-02-03,TAIEX,7674.990234375,7674.955078125
2012-02-06,TAIEX,7687.97998046875,7687.94482421875
2012-02-07,TAIEX,7707.43994140625,7707.40478515625
2012-02-08,TAIEX,7869.91015625,7869.87353515625
2012-02-09,TAIEX,7910.77978515625,7910.74267578125
2012-02-10,TAIEX,7862.27001953125,7862.2333984375
2012-02-13,TAIEX,7912.91015625,7912.873046875
2012-02-14,TAIEX,7884.080078125,7884.04296875
2012-02-15,TAIEX,8005.240234375,8005.20263671875
2012-02-16,TAIEX,7869.7001953125,7869.66357421875
2012-02-17,TAIEX,7894.35986328125,7894.32275390625
2012-02-20,TAIEX,7954.81982421875,7954.78271484375
2012-02-21,TAIEX,7921.5,7921.462890625
2012-02-22,TAIEX,8001.68017578125,8001.642578125
2012-02-23,TAIEX,7937.2998046875,7937.2626953125
2012-02-24,TAIEX,7959.33984375,7959.302734375
2012-02-29,TAIEX,8121.43994140625,8121.40234375
2012-03-01,TAIEX,8118.33984375,8118.30224609375
2012-03-02,TAIEX,8144.0400390625,8144.00244140625
2012-03-05,TAIEX,8004.740234375,8004.70263671875
2012-03-06,TAIEX,7937.97021484375,7937.93310546875
2012-03-07,TAIEX,7903.080078125,7903.04296875
2012-03-08,TAIEX,7984.56005859375,7984.5224609375
2012-03-09,TAIEX,8016.009765625,8015.97216796875
2012-03-12,TAIEX,7927.5498046875,7927.5126953125
2012-03-13,TAIEX,8031.509765625,8031.47216796875
2012-03-14,TAIEX,8125.259765625,8125.22216796875
2012-03-15,TAIEX,8121.6201171875,8121.58251953125
2012-03-16,TAIEX,8054.93994140625,8054.90234375
2012-03-19,TAIEX,8043.919921875,8043.88232421875
2012-03-20,TAIEX,7972.7001953125,7972.6630859375
2012-03-21,TAIEX,7981.93994140625,7981.90234375
2012-03-22,TAIEX,8059.93994140625,8059.90234375
2012-03-23,TAIEX,8076.60986328125,8076.572265625
2012-03-26,TAIEX,7967.6201171875,7967.5830078125
2012-03-27,TAIEX,8029.4599609375,8029.42236328125
2012-03-28,TAIEX,8038.06982421875,8038.0322265625
2012-03-29,TAIEX,7872.66015625,7872.62353515625
2012-03-30,TAIEX,7933.0,7932.962890625
2012-04-02,TAIEX,7862.89990234375,7862.86328125
2012-04-03,TAIEX,7760.85009765625,7760.814453125
2012-04-05,TAIEX,7639.81982421875,7639.78466796875
2012-04-06,TAIEX,7706.259765625,7706.224609375
2012-04-09,TAIEX,7600.8701171875,7600.8349609375
2012-04-10,TAIEX,7640.68017578125,7640.64501953125
2012-04-11,TAIEX,7656.669921875,7656.634765625
2012-04-12,TAIEX,7662.919921875,7662.884765625
2012-04-13,TAIEX,7788.27001953125,7788.234375
2012-04-16,TAIEX,7729.85986328125,7729.82470703125
2012-04-17,TAIEX,7585.8701171875,7585.8349609375
2012-04-18,TAIEX,7605.0,7604.96484375
2012-04-19,TAIEX,7622.68994140625,7622.65478515625
2012-04-20,TAIEX,7507.14990234375,7507.11572265625
2012-04-23,TAIEX,7481.08984375,7481.0556640625
2012-04-24,TAIEX,7498.83984375,7498.8056640625
2012-04-25,TAIEX,7563.18017578125,7563.14501953125
2012-04-26,TAIEX,7521.35009765625,7521.3154296875
2012-04-27,TAIEX,7480.5,7480.4658203125
2012-04-30,TAIEX,7501.72021484375,7501.68603515625
2012-05-02,TAIEX,7676.81005859375,7676.77490234375
2012-05-03,TAIEX,7659.52978515625,7659.49462890625
2012-05-04,TAIEX,7700.9501953125,7700.9150390625
2012-05-07,TAIEX,7538.080078125,7538.04541015625
2012-05-08,TAIEX,7545.7099609375,7545.6748046875
2012-05-09,TAIEX,7475.7099609375,7475.67578125
2012-05-10,TAIEX,7484.009765625,7483.9755859375
2012-05-11,TAIEX,7401.3701171875,7401.3359375
2012-05-14,TAIEX,7377.18017578125,7377.14599609375
2012-05-15,TAIEX,7395.64013671875,7395.60595703125
2012-05-16,TAIEX,7234.56982421875,7234.53662109375
2012-05-17,TAIEX,7356.77001953125,7356.736328125
2012-05-18,TAIEX,7151.18994140625,7151.1572265625
2012-05-21,TAIEX,7192.22998046875,7192.19677734375
2012-05-22,TAIEX,7274.89013671875,7274.8564453125
2012-05-23,TAIEX,7147.75,7147.71728515625
2012-05-24,TAIEX,7124.89013671875,7124.857421875
2012-05-25,TAIEX,7071.6298828125,7071.59814453125
2012-05-28,TAIEX,7136.0,7135.96728515625
2012-05-29,TAIEX,7342.2900390625,7342.25634765625
2012-05-30,TAIEX,7261.7998046875,7261.76611328125
2012-05-31,TAIEX,7301.5,7301.46630859375
2012-06-01,TAIEX,7106.08984375,7106.0576171875
2012-06-04,TAIEX,6894.66015625,6894.62841796875
2012-06-05,TAIEX,7000.4501953125,7000.41845703125
2012-06-06,TAIEX,7056.14990234375,7056.1181640625
2012-06-07,TAIEX,7080.31005859375,7080.27783203125
2012-06-08,TAIEX,6999.64990234375,6999.6181640625
2012-06-11,TAIEX,7120.22998046875,7120.197265625
2012-06-12,TAIEX,7072.080078125,7072.04833984375
2012-06-13,TAIEX,7088.830078125,7088.7978515625
2012-06-14,TAIEX,7075.10009765625,7075.06787109375
2012-06-15,TAIEX,7155.830078125,7155.79736328125
2012-06-18,TAIEX,7281.5,7281.46630859375
2012-06-19,TAIEX,7273.1298828125,7273.09619140625
2012-06-20,TAIEX,7334.6298828125,7334.59619140625
2012-06-21,TAIEX,7279.0498046875,7279.01611328125
2012-06-22,TAIEX,7222.0498046875,7222.0166015625
2012-06-25,TAIEX,7166.3798828125,7166.34716796875
2012-06-26,TAIEX,7137.93017578125,7137.8974609375
2012-06-27,TAIEX,7183.009765625,7182.9765625
2012-06-28,TAIEX,7169.60986328125,7169.57666015625
2012-06-29,TAIEX,7296.27978515625,7296.24609375
2012-07-02,TAIEX,7345.16015625,7345.12646484375
2012-07-03,TAIEX,7418.35986328125,7418.32568359375
2012-07-04,TAIEX,7422.58984375,7422.5556640625
2012-07-05,TAIEX,7387.77978515625,7387.74560546875
2012-07-06,TAIEX,7368.58984375,7368.55615234375
2012-07-09,TAIEX,7309.9599609375,7309.92626953125
2012-07-10,TAIEX,7251.35009765625,7251.31640625
2012-07-11,TAIEX,7257.91015625,7257.87646484375
2012-07-12,TAIEX,7130.93017578125,7130.8974609375
2012-07-13,TAIEX,7104.27001953125,7104.23779296875
2012-07-16,TAIEX,7090.0400390625,7090.0078125
2012-07-17,TAIEX,7127.0,7126.96728515625
2012-07-18,TAIEX,7049.0498046875,7049.01806640625
2012-07-19,TAIEX,7148.56982421875,7148.537109375
2012-07-20,TAIEX,7164.68017578125,7164.6474609375
2012-07-23,TAIEX,7028.72998046875,7028.6982421875
2012-07-24,TAIEX,7008.35009765625,7008.318359375
2012-07-25,TAIEX,6979.1298828125,6979.09814453125
2012-07-26,TAIEX,6970.68994140625,6970.658203125
2012-07-27,TAIEX,7124.490234375,7124.45751953125
2012-07-30,TAIEX,7158.8798828125,7158.84716796875
2012-07-31,TAIEX,7270.490234375,7270.45654296875
2012-08-01,TAIEX,7267.9599609375,7267.92626953125
2012-08-03,TAIEX,7217.509765625,7217.4765625
2012-08-06,TAIEX,7286.330078125,7286.29638671875
2012-08-07,TAIEX,7295.4599609375,7295.42626953125
2012-08-08,TAIEX,7319.7998046875,7319.76611328125
2012-08-09,TAIEX,7433.7001953125,7433.666015625
2012-08-10,TAIEX,7441.1201171875,7441.0859375
2012-08-13,TAIEX,7436.2998046875,7436.265625
2012-08-14,TAIEX,7479.25,7479.2158203125
2012-08-15,TAIEX,7467.740234375,7467.7060546875
2012-08-16,TAIEX,7490.2099609375,7490.17578125
2012-08-17,TAIEX,7467.919921875,7467.8857421875
2012-08-20,TAIEX,7431.91015625,7431.8759765625
2012-08-21,TAIEX,7506.81005859375,7506.77587890625
2012-08-22,TAIEX,7496.580078125,7496.5458984375
2012-08-23,TAIEX,7505.169921875,7505.1357421875
2012-08-24,TAIEX,7477.52978515625,7477.49560546875
2012-08-27,TAIEX,7468.22021484375,7468.18603515625
2012-08-28,TAIEX,7361.93994140625,7361.90625
2012-08-29,TAIEX,7391.14990234375,7391.11572265625
2012-08-30,TAIEX,7371.43994140625,7371.40625
2012-08-31,TAIEX,7397.06005859375,7397.02587890625
2012-09-03,TAIEX,7450.52978515625,7450.49560546875
2012-09-04,TAIEX,7451.35009765625,7451.31591796875
2012-09-05,TAIEX,7367.43994140625,7367.40625
2012-09-06,TAIEX,7326.72021484375,7326.6865234375
2012-09-07,TAIEX,7424.91015625,7424.8759765625
2012-09-10,TAIEX,7482.740234375,7482.7060546875
2012-09-11,TAIEX,7485.1298828125,7485.095703125
2012-09-12,TAIEX,7570.4501953125,7570.4150390625
2012-09-13,TAIEX,7578.7998046875,7578.7646484375
2012-09-14,TAIEX,7738.0498046875,7738.01416015625
2012-09-17,TAIEX,7762.22021484375,7762.1845703125
2012-09-18,TAIEX,7734.259765625,7734.224609375
2012-09-19,TAIEX,7781.91015625,7781.87451171875
2012-09-20,TAIEX,7727.5498046875,7727.5146484375
2012-09-21,TAIEX,7754.58984375,7754.55419921875
2012-09-24,TAIEX,7768.2998046875,7768.26416015625
2012-09-25,TAIEX,7734.1298828125,7734.0947265625
2012-09-26,TAIEX,7669.6298828125,7669.5947265625
2012-09-27,TAIEX,7683.7998046875,7683.7646484375
2012-09-28,TAIEX,7715.16015625,7715.125
2012-10-01,TAIEX,7675.72021484375,7675.68505859375
2012-10-02,TAIEX,7718.68017578125,7718.64501953125
2012-10-03,TAIEX,7684.6298828125,7684.5947265625
2012-10-04,TAIEX,7682.33984375,7682.3046875
2012-10-05,TAIEX,7690.64990234375,7690.61474609375
2012-10-08,TAIEX,7615.89013671875,7615.85498046875
2012-10-09,TAIEX,7592.009765625,7591.974609375
2012-10-11,TAIEX,7451.72021484375,7451.68603515625
2012-10-12,TAIEX,7437.0400390625,7437.005859375
2012-10-15,TAIEX,7418.89990234375,7418.86572265625
2012-10-16,TAIEX,7471.02001953125,7470.98583984375
2012-10-17,TAIEX,7464.39990234375,7464.36572265625
2012-10-18,TAIEX,7465.41015625,7465.3759765625
2012-10-19,TAIEX,7408.759765625,7408.7255859375
2012-10-22,TAIEX,7373.0400390625,7373.005859375
2012-10-23,TAIEX,7337.47998046875,7337.4462890625
2012-10-24,TAIEX,7314.8798828125,7314.84619140625
2012-10-25,TAIEX,7262.080078125,7262.04638671875
2012-10-26,TAIEX,7134.06005859375,7134.02734375
2012-10-29,TAIEX,7091.669921875,7091.6376953125
2012-10-30,TAIEX,7182.58984375,7182.556640625
2012-10-31,TAIEX,7166.0498046875,7166.01708984375
2012-11-01,TAIEX,7179.64013671875,7179.60693359375
2012-11-02,TAIEX,7210.47021484375,7210.43701171875
2012-11-05,TAIEX,7185.35986328125,7185.32666015625
2012-11-06,TAIEX,7236.68017578125,7236.64697265625
2012-11-07,TAIEX,7287.18017578125,7287.146484375
2012-11-08,TAIEX,7242.6298828125,7242.5966796875
2012-11-09,TAIEX,7293.22021484375,7293.1865234375
2012-11-12,TAIEX,7267.75,7267.71630859375
2012-11-13,TAIEX,7136.0498046875,7136.01708984375
2012-11-14,TAIEX,7159.75,7159.71728515625
2012-11-15,TAIEX,7143.83984375,7143.80712890625
2012-11-16,TAIEX,7130.06982421875,7130.037109375
2012-11-19,TAIEX,7129.0400390625,7129.00732421875
2012-11-20,TAIEX,7145.77001953125,7145.7373046875
2012-11-21,TAIEX,7088.490234375,7088.4580078125
2012-11-22,TAIEX,7105.759765625,7105.7275390625
2012-11-23,TAIEX,7326.009765625,7325.97607421875
2012-11-26,TAIEX,7407.3701171875,7407.3359375
2012-11-27,TAIEX,7430.2001953125,7430.166015625
2012-11-28,TAIEX,7434.93017578125,7434.89599609375
2012-11-29,TAIEX,7503.5498046875,7503.515625
2012-11-30,TAIEX,7580.169921875,7580.134765625
2012-12-03,TAIEX,7599.91015625,7599.875
2012-12-04,TAIEX,7600.97998046875,7600.94482421875
2012-12-05,TAIEX,7649.0498046875,7649.0146484375
2012-12-06,TAIEX,7623.259765625,7623.224609375
2012-12-07,TAIEX,7642.259765625,7642.224609375
2012-12-10,TAIEX,7609.5,7609.46484375
2012-12-11,TAIEX,7613.68994140625,7613.65478515625
2012-12-12,TAIEX,7690.18994140625,7690.15478515625
2012-12-13,TAIEX,7757.08984375,7757.05419921875
2012-12-14,TAIEX,7698.77001953125,7698.73486328125
2012-12-17,TAIEX,7631.27978515625,7631.24462890625
2012-12-18,TAIEX,7643.740234375,7643.705078125
2012-12-19,TAIEX,7677.47021484375,7677.43505859375
2012-12-20,TAIEX,7595.4599609375,7595.4248046875
2012-12-21,TAIEX,7519.93017578125,7519.8955078125
2012-12-24,TAIEX,7535.52001953125,7535.4853515625
2012-12-25,TAIEX,7636.56982421875,7636.53466796875
2012-12-26,TAIEX,7634.18994140625,7634.15478515625
2012-12-27,TAIEX,7648.41015625,7648.375
2012-12-28,TAIEX,7699.5,7699.46484375
2013-01-02,TAIEX,7779.22021484375,7779.1845703125
2013-01-03,TAIEX,7836.83984375,7836.8037109375
2013-01-04,TAIEX,7805.990234375,7805.95458984375
2013-01-07,TAIEX,7755.08984375,7755.05419921875
2013-01-08,TAIEX,7721.66015625,7721.625
2013-01-09,TAIEX,7738.64013671875,7738.6044921875
2013-01-10,TAIEX,7811.64013671875,7811.6044921875
2013-01-11,TAIEX,7819.14990234375,7819.1142578125
2013-01-14,TAIEX,7823.97021484375,7823.93408203125
2013-01-15,TAIEX,7765.02001953125,7764.984375
2013-01-16,TAIEX,7700.43017578125,7700.39501953125
2013-01-17,TAIEX,7616.64013671875,7616.60498046875
2013-01-18,TAIEX,7732.8701171875,7732.8349609375
2013-01-21,TAIEX,7724.919921875,7724.884765625
2013-01-22,TAIEX,7759.10009765625,7759.064453125
2013-01-23,TAIEX,7744.18017578125,7744.14453125
2013-01-24,TAIEX,7695.990234375,7695.955078125
2013-01-25,TAIEX,7672.580078125,7672.544921875
2013-01-28,TAIEX,7714.669921875,7714.634765625
2013-01-29,TAIEX,7802.0,7801.96435546875
2013-01-30,TAIEX,7832.97998046875,7832.94384765625
2013-01-31,TAIEX,7850.02001953125,7849.98388671875
2013-02-01,TAIEX,7855.97021484375,7855.93359375
2013-02-04,TAIEX,7923.16015625,7923.123046875
2013-02-05,TAIEX,7886.93994140625,7886.90283203125
2013-02-06,TAIEX,7906.64990234375,7906.61279296875
2013-02-18,TAIEX,7943.52978515625,7943.49267578125
2013-02-19,TAIEX,7960.8798828125,7960.8427734375
2013-02-20,TAIEX,8029.10009765625,8029.0625
2013-02-21,TAIEX,7957.4599609375,7957.4228515625
2013-02-22,TAIEX,7947.72021484375,7947.68310546875
2013-02-25,TAIEX,7947.68017578125,7947.64306640625
2013-02-26,TAIEX,7880.89990234375,7880.86279296875
2013-02-27,TAIEX,7897.97998046875,7897.94287109375
2013-03-01,TAIEX,7964.6298828125,7964.5927734375
2013-03-04,TAIEX,7867.33984375,7867.30322265625
2013-03-05,TAIEX,7932.7099609375,7932.6728515625
2013-03-06,TAIEX,7950.2998046875,7950.2626953125
2013-03-07,TAIEX,7960.509765625,7960.47265625
2013-03-08,TAIEX,8015.14013671875,8015.1025390625
2013-03-11,TAIEX,8038.72021484375,8038.6826171875
2013-03-12,TAIEX,7994.7099609375,7994.67236328125
2013-03-13,TAIEX,7995.509765625,7995.47216796875
2013-03-14,TAIEX,7951.759765625,7951.72265625
2013-03-15,TAIEX,7927.490234375,7927.453125
2013-03-18,TAIEX,7811.33984375,7811.30419921875
2013-03-19,TAIEX,7838.47021484375,7838.43408203125
2013-03-20,TAIEX,7798.02978515625,7797.994140625
2013-03-21,TAIEX,7811.83984375,7811.80419921875
2013-03-22,TAIEX,7796.22021484375,7796.1845703125
2013-03-25,TAIEX,7856.1201171875,7856.08349609375
2013-03-26,TAIEX,7856.35986328125,7856.3232421875
2013-03-27,TAIEX,7894.1201171875,7894.0830078125
2013-03-28,TAIEX,7866.8798828125,7866.84326171875
2013-03-29,TAIEX,7918.60986328125,7918.57275390625
2013-04-01,TAIEX,7899.240234375,7899.203125
2013-04-02,TAIEX,7913.18017578125,7913.14306640625
2013-04-03,TAIEX,7942.35009765625,7942.31298828125
2013-04-08,TAIEX,7752.7900390625,7752.75439453125
2013-04-09,TAIEX,7728.5400390625,7728.5048828125
2013-04-10,TAIEX,7752.7998046875,7752.76416015625
2013-04-11,TAIEX,7857.97998046875,7857.943359375
2013-04-12,TAIEX,7821.6298828125,7821.59375
2013-04-15,TAIEX,7763.52978515625,7763.494140625
2013-04-16,TAIEX,7801.0498046875,7801.01416015625
2013-04-17,TAIEX,7809.06982421875,7809.0341796875
2013-04-18,TAIEX,7791.35009765625,7791.314453125
2013-04-19,TAIEX,7930.7998046875,7930.7626953125
2013-04-22,TAIEX,7970.3798828125,7970.3427734375
2013-04-23,TAIEX,7942.77001953125,7942.73291015625
2013-04-24,TAIEX,8023.7099609375,8023.67236328125
2013-04-25,TAIEX,8021.75,8021.71240234375
2013-04-26,TAIEX,8022.06005859375,8022.0224609375
2013-04-29,TAIEX,8029.740234375,8029.70263671875
2013-04-30,TAIEX,8093.66015625,8093.62255859375
2013-05-02,TAIEX,8128.509765625,8128.47216796875
2013-05-03,TAIEX,8135.02978515625,8134.9921875
2013-05-06,TAIEX,8169.0498046875,8169.01220703125
2013-05-07,TAIEX,8163.06005859375,8163.0224609375
2013-05-08,TAIEX,8267.08984375,8267.0498046875
2013-05-09,TAIEX,8285.8896484375,8285.849609375
2013-05-10,TAIEX,8280.259765625,8280.2197265625
2013-05-13,TAIEX,8248.3203125,8248.2802734375
2013-05-14,TAIEX,8251.8203125,8251.7802734375
2013-05-15,TAIEX,8318.58984375,8318.5498046875
2013-05-16,TAIEX,8390.0498046875,8390.009765625
2013-05-17,TAIEX,8368.1904296875,8368.150390625
2013-05-20,TAIEX,8377.0498046875,8377.009765625
2013-05-21,TAIEX,8383.0498046875,8383.009765625
2013-05-22,TAIEX,8398.83984375,8398.7998046875
2013-05-23,TAIEX,8237.830078125,8237.7900390625
2013-05-24,TAIEX,8209.7802734375,8209.740234375
2013-05-27,TAIEX,8280.099609375,8280.0595703125
2013-05-28,TAIEX,8263.0498046875,8263.009765625
2013-05-29,TAIEX,8337.900390625,8337.8603515625
2013-05-30,TAIEX,8243.2900390625,8243.25
2013-05-31,TAIEX,8254.7998046875,8254.759765625
2013-06-03,TAIEX,8201.01953125,8200.9794921875
2013-06-04,TAIEX,8191.22021484375,8191.1826171875
2013-06-05,TAIEX,8181.91015625,8181.87255859375
2013-06-06,TAIEX,8096.14013671875,8096.1025390625
2013-06-07,TAIEX,8095.2001953125,8095.16259765625
2013-06-10,TAIEX,8160.5498046875,8160.51220703125
2013-06-11,TAIEX,8116.14990234375,8116.1123046875
2013-06-13,TAIEX,7951.66015625,7951.623046875
2013-06-14,TAIEX,7937.740234375,7937.703125
2013-06-17,TAIEX,7992.89013671875,7992.8525390625
2013-06-18,TAIEX,8011.02001953125,8010.982421875
2013-06-19,TAIEX,8007.39013671875,8007.3525390625
2013-06-20,TAIEX,7898.91015625,7898.873046875
2013-06-21,TAIEX,7793.31005859375,7793.2744140625
2013-06-24,TAIEX,7758.02978515625,7757.994140625
2013-06-25,TAIEX,7663.22998046875,7663.19482421875
2013-06-26,TAIEX,7784.7998046875,7784.76416015625
2013-06-27,TAIEX,7883.89990234375,7883.86279296875
2013-06-28,TAIEX,8062.2099609375,8062.17236328125
2013-07-01,TAIEX,8036.0,8035.96240234375
2013-07-02,TAIEX,8015.85986328125,8015.822265625
2013-07-03,TAIEX,7911.419921875,7911.3828125
2013-07-04,TAIEX,7893.72021484375,7893.68310546875
2013-07-05,TAIEX,8001.81982421875,8001.7822265625
2013-07-08,TAIEX,7886.33984375,7886.302734375
2013-07-09,TAIEX,7971.18017578125,7971.14306640625
2013-07-10,TAIEX,8011.68994140625,8011.65234375
2013-07-11,TAIEX,8179.5400390625,8179.50244140625
2013-07-12,TAIEX,8220.490234375,8220.4501953125
2013-07-15,TAIEX,8254.6796875,8254.6396484375
2013-07-16,TAIEX,8260.1103515625,8260.0703125
2013-07-17,TAIEX,8258.9501953125,8258.91015625
2013-07-18,TAIEX,8194.8798828125,8194.83984375
2013-07-19,TAIEX,8062.02978515625,8061.9921875
2013-07-22,TAIEX,8105.4501953125,8105.41259765625
2013-07-23,TAIEX,8214.650390625,8214.6103515625
2013-07-24,TAIEX,8196.1904296875,8196.150390625
2013-07-25,TAIEX,8163.580078125,8163.54248046875
2013-07-26,TAIEX,8149.39990234375,8149.3623046875
2013-07-29,TAIEX,8084.5,8084.46240234375
2013-07-30,TAIEX,8163.5498046875,8163.51220703125
2013-07-31,TAIEX,8107.93994140625,8107.90234375
2013-08-01,TAIEX,8056.22021484375,8056.1826171875
2013-08-02,TAIEX,8099.8798828125,8099.84228515625
2013-08-05,TAIEX,8138.6298828125,8138.59228515625
2013-08-06,TAIEX,8038.91015625,8038.87255859375
2013-08-07,TAIEX,7921.2900390625,7921.2529296875
2013-08-08,TAIEX,7907.669921875,7907.6328125
2013-08-09,TAIEX,7856.14013671875,7856.103515625
2013-08-12,TAIEX,7903.3798828125,7903.3427734375
2013-08-13,TAIEX,7986.27001953125,7986.232421875
2013-08-14,TAIEX,7951.330078125,7951.29296875
2013-08-15,TAIEX,7887.259765625,7887.22265625
2013-08-16,TAIEX,7925.0,7924.962890625
2013-08-19,TAIEX,7900.2099609375,7900.1728515625
2013-08-20,TAIEX,7832.64990234375,7832.61376953125
2013-08-22,TAIEX,7814.3798828125,7814.34423828125
2013-08-23,TAIEX,7873.31005859375,7873.2734375
2013-08-26,TAIEX,7894.97021484375,7894.93310546875
2013-08-27,TAIEX,7820.83984375,7820.8037109375
2013-08-28,TAIEX,7824.5400390625,7824.50390625
2013-08-29,TAIEX,7917.66015625,7917.623046875
2013-08-30,TAIEX,8021.89013671875,8021.8525390625
2013-09-02,TAIEX,8038.85986328125,8038.822265625
2013-09-03,TAIEX,8088.3701171875,8088.33251953125
2013-09-04,TAIEX,8083.43994140625,8083.40234375
2013-09-05,TAIEX,8169.10009765625,8169.0625
2013-09-06,TAIEX,8164.2001953125,8164.16259765625
2013-09-09,TAIEX,8192.1103515625,8192.0703125
2013-09-10,TAIEX,8208.76953125,8208.7294921875
2013-09-11,TAIEX,8208.990234375,8208.9501953125
2013-09-12,TAIEX,8225.3603515625,8225.3203125
2013-09-13,TAIEX,8168.2001953125,8168.16259765625
2013-09-16,TAIEX,8255.33984375,8255.2998046875
2013-09-17,TAIEX,8249.7802734375,8249.740234375
2013-09-18,TAIEX,8209.1796875,8209.1396484375
2013-09-23,TAIEX,8292.830078125,8292.7900390625
2013-09-24,TAIEX,8299.1201171875,8299.080078125
2013-09-25,TAIEX,8283.900390625,8283.8603515625
2013-09-26,TAIEX,8184.68017578125,8184.642578125
2013-09-27,TAIEX,8230.6796875,8230.6396484375
2013-09-30,TAIEX,8173.8701171875,8173.83251953125
2013-10-01,TAIEX,8187.02001953125,8186.982421875
2013-10-02,TAIEX,8216.51953125,8216.4794921875
2013-10-03,TAIEX,8359.01953125,8358.9794921875
2013-10-04,TAIEX,8364.5498046875,8364.509765625
2013-10-07,TAIEX,8333.66015625,8333.6201171875
2013-10-08,TAIEX,8375.650390625,8375.6103515625
2013-10-09,TAIEX,8344.73046875,8344.6904296875
2013-10-11,TAIEX,8349.3701171875,8349.330078125
2013-10-14,TAIEX,8273.9599609375,8273.919921875
2013-10-15,TAIEX,8367.8798828125,8367.83984375
2013-10-16,TAIEX,8332.1796875,8332.1396484375
2013-10-17,TAIEX,8374.6796875,8374.6396484375
2013-10-18,TAIEX,8441.1904296875,8441.150390625
2013-10-21,TAIEX,8419.3203125,8419.2802734375
2013-10-22,TAIEX,8418.26953125,8418.2294921875
2013-10-23,TAIEX,8393.6201171875,8393.580078125
2013-10-24,TAIEX,8413.7197265625,8413.6796875
2013-10-25,TAIEX,8346.6201171875,8346.580078125
2013-10-28,TAIEX,8407.830078125,8407.7900390625
2013-10-29,TAIEX,8420.98046875,8420.9404296875
2013-10-30,TAIEX,8465.0595703125,8465.01953125
2013-10-31,TAIEX,8450.0595703125,8450.01953125
2013-11-01,TAIEX,8388.1796875,8388.1396484375
2013-11-04,TAIEX,8354.1396484375,8354.099609375
2013-11-05,TAIEX,8262.2001953125,8262.16015625
2013-11-06,TAIEX,8281.9697265625,8281.9296875
2013-11-07,TAIEX,8283.7099609375,8283.669921875
2013-11-08,TAIEX,8229.58984375,8229.5498046875
2013-11-11,TAIEX,8182.56005859375,8182.5224609375
2013-11-12,TAIEX,8195.259765625,8195.2197265625
2013-11-13,TAIEX,8104.259765625,8104.22216796875
2013-11-14,TAIEX,8134.91015625,8134.87255859375
2013-11-15,TAIEX,8177.1201171875,8177.08251953125
2013-11-18,TAIEX,8191.4599609375,8191.42236328125
2013-11-19,TAIEX,8260.2099609375,8260.169921875
2013-11-20,TAIEX,8204.4599609375,8204.419921875
2013-11-21,TAIEX,8099.4501953125,8099.41259765625
2013-11-22,TAIEX,8116.77978515625,8116.7421875
2013-11-25,TAIEX,8187.509765625,8187.47216796875
2013-11-26,TAIEX,8248.01953125,8247.9794921875
2013-11-27,TAIEX,8295.8798828125,8295.83984375
2013-11-28,TAIEX,8362.4296875,8362.3896484375
2013-11-29,TAIEX,8406.830078125,8406.7900390625
2013-12-02,TAIEX,8414.6103515625,8414.5703125
2013-12-03,TAIEX,8392.5498046875,8392.509765625
2013-12-04,TAIEX,8418.0,8417.9599609375
2013-12-05,TAIEX,8375.5400390625,8375.5
2013-12-06,TAIEX,8367.7197265625,8367.6796875
2013-12-09,TAIEX,8444.6201171875,8444.580078125
2013-12-10,TAIEX,8443.3896484375,8443.349609375
2013-12-11,TAIEX,8433.76953125,8433.7294921875
2013-12-12,TAIEX,8361.330078125,8361.2900390625
2013-12-13,TAIEX,8376.9404296875,8376.900390625
2013-12-16,TAIEX,8313.8701171875,8313.830078125
2013-12-17,TAIEX,8352.9296875,8352.8896484375
2013-12-18,TAIEX,8349.0400390625,8349.0
2013-12-19,TAIEX,8407.400390625,8407.3603515625
2013-12-20,TAIEX,8408.5302734375,8408.490234375
2013-12-23,TAIEX,8456.4599609375,8456.419921875
2013-12-24,TAIEX,8450.490234375,8450.4501953125
2013-12-25,TAIEX,8467.759765625,8467.7197265625
2013-12-26,TAIEX,8485.8896484375,8485.849609375
2013-12-27,TAIEX,8535.0400390625,8535.0
2013-12-30,TAIEX,8623.4296875,8623.3896484375
2013-12-31,TAIEX,8611.509765625,8611.4697265625
2014-01-02,TAIEX,8612.5400390625,8612.5
2014-01-03,TAIEX,8546.5400390625,8546.5
2014-01-06,TAIEX,8500.009765625,8499.9697265625
2014-01-07,TAIEX,8512.2998046875,8512.259765625
2014-01-08,TAIEX,8556.009765625,8555.9697265625
2014-01-09,TAIEX,8514.6796875,8514.6396484375
2014-01-10,TAIEX,8529.349609375,8529.3095703125
2014-01-13,TAIEX,8566.2001953125,8566.16015625
2014-01-14,TAIEX,8548.1396484375,8548.099609375
2014-01-15,TAIEX,8602.5498046875,8602.509765625
2014-01-16,TAIEX,8612.1103515625,8612.0703125
2014-01-17,TAIEX,8596.0,8595.9599609375
2014-01-20,TAIEX,8621.5595703125,8621.51953125
2014-01-21,TAIEX,8599.900390625,8599.8603515625
2014-01-22,TAIEX,8625.2998046875,8625.259765625
2014-01-23,TAIEX,8595.099609375,8595.0595703125
2014-01-24,TAIEX,8598.3095703125,8598.26953125
2014-01-27,TAIEX,8462.5703125,8462.5302734375
2014-02-05,TAIEX,8264.48046875,8264.4404296875
2014-02-06,TAIEX,8311.009765625,8310.9697265625
2014-02-07,TAIEX,8387.349609375,8387.3095703125
2014-02-10,TAIEX,8391.9501953125,8391.91015625
2014-02-11,TAIEX,8430.5595703125,8430.51953125
2014-02-12,TAIEX,8510.8701171875,8510.830078125
2014-02-13,TAIEX,8467.7001953125,8467.66015625
2014-02-14,TAIEX,8513.6796875,8513.6396484375
2014-02-17,TAIEX,8519.5498046875,8519.509765625
2014-02-18,TAIEX,8556.23046875,8556.1904296875
2014-02-19,TAIEX,8577.009765625,8576.9697265625
2014-02-20,TAIEX,8524.6201171875,8524.580078125
2014-02-21,TAIEX,8601.8603515625,8601.8203125
2014-02-24,TAIEX,8560.6103515625,8560.5703125
2014-02-25,TAIEX,8575.6201171875,8575.580078125
2014-02-26,TAIEX,8600.8603515625,8600.8203125
2014-02-27,TAIEX,8639.580078125,8639.5400390625
2014-03-03,TAIEX,8601.98046875,8601.9404296875
2014-03-04,TAIEX,8554.5400390625,8554.5
2014-03-05,TAIEX,8632.9296875,8632.8896484375
2014-03-06,TAIEX,8713.7900390625,8713.75
2014-03-07,TAIEX,8713.9599609375,8713.919921875
2014-03-10,TAIEX,8665.240234375,8665.2001953125
2014-03-11,TAIEX,8702.330078125,8702.2900390625
2014-03-12,TAIEX,8684.73046875,8684.6904296875
2014-03-13,TAIEX,8747.7900390625,8747.75
2014-03-14,TAIEX,8687.6298828125,8687.58984375
2014-03-17,TAIEX,8700.099609375,8700.0595703125
2014-03-18,TAIEX,8731.9404296875,8731.900390625
2014-03-19,TAIEX,8689.4599609375,8689.419921875
2014-03-20,TAIEX,8597.330078125,8597.2900390625
2014-03-21,TAIEX,8577.169921875,8577.1298828125
2014-03-24,TAIEX,8605.3798828125,8605.33984375
2014-03-25,TAIEX,8689.2998046875,8689.259765625
2014-03-26,TAIEX,8737.26953125,8737.2294921875
2014-03-27,TAIEX,8779.5703125,8779.5302734375
2014-03-28,TAIEX,8774.6396484375,8774.599609375
2014-03-31,TAIEX,8849.2802734375,8849.240234375
2014-04-01,TAIEX,8873.150390625,8873.1103515625
2014-04-02,TAIEX,8905.4501953125,8905.4091796875
2014-04-03,TAIEX,8888.5400390625,8888.4990234375
2014-04-07,TAIEX,8876.4404296875,8876.3994140625
2014-04-08,TAIEX,8888.25,8888.208984375
2014-04-09,TAIEX,8930.5703125,8930.529296875
2014-04-10,TAIEX,8948.099609375,8948.05859375
2014-04-11,TAIEX,8908.0498046875,8908.0087890625
2014-04-14,TAIEX,8857.419921875,8857.3798828125
2014-04-15,TAIEX,8916.7099609375,8916.6689453125
2014-04-16,TAIEX,8923.8203125,8923.779296875
2014-04-17,TAIEX,8944.16015625,8944.119140625
2014-04-18,TAIEX,8966.66015625,8966.619140625
2014-04-21,TAIEX,8951.1904296875,8951.1494140625
2014-04-22,TAIEX,8974.7099609375,8974.6689453125
2014-04-23,TAIEX,8956.919921875,8956.87890625
2014-04-24,TAIEX,8945.4501953125,8945.4091796875
2014-04-25,TAIEX,8774.1201171875,8774.080078125
2014-04-28,TAIEX,8809.7099609375,8809.669921875
2014-04-29,TAIEX,8872.1103515625,8872.0703125
2014-04-30,TAIEX,8791.4404296875,8791.400390625
2014-05-02,TAIEX,8867.3203125,8867.2802734375
2014-05-05,TAIEX,8870.4296875,8870.3896484375
2014-05-06,TAIEX,8912.3896484375,8912.3486328125
2014-05-07,TAIEX,8893.2197265625,8893.1787109375
2014-05-08,TAIEX,8930.900390625,8930.859375
2014-05-09,TAIEX,8889.6904296875,8889.6494140625
2014-05-12,TAIEX,8808.6103515625,8808.5703125
2014-05-13,TAIEX,8817.9404296875,8817.900390625
2014-05-14,TAIEX,8875.16015625,8875.119140625
2014-05-15,TAIEX,8880.650390625,8880.609375
2014-05-16,TAIEX,8888.4501953125,8888.4091796875
2014-05-19,TAIEX,8899.900390625,8899.859375
2014-05-20,TAIEX,8887.7900390625,8887.7490234375
2014-05-21,TAIEX,8862.419921875,8862.3798828125
2014-05-22,TAIEX,8969.6298828125,8969.5888671875
2014-05-23,TAIEX,9008.2197265625,9008.1787109375
2014-05-26,TAIEX,9036.1201171875,9036.0791015625
2014-05-27,TAIEX,9055.2900390625,9055.248046875
2014-05-28,TAIEX,9121.7099609375,9121.66796875
2014-05-29,TAIEX,9109.0,9108.9580078125
2014-05-30,TAIEX,9075.91015625,9075.8681640625
2014-06-03,TAIEX,9123.4599609375,9123.41796875
2014-06-04,TAIEX,9119.9599609375,9119.91796875
2014-06-05,TAIEX,9140.7197265625,9140.677734375
2014-06-06,TAIEX,9134.4599609375,9134.41796875
2014-06-09,TAIEX,9162.740234375,9162.6982421875
2014-06-10,TAIEX,9222.3701171875,9222.328125
2014-06-11,TAIEX,9229.7998046875,9229.7578125
2014-06-12,TAIEX,9204.650390625,9204.6083984375
2014-06-13,TAIEX,9196.3896484375,9196.34765625
2014-06-16,TAIEX,9202.9296875,9202.8876953125
2014-06-17,TAIEX,9240.599609375,9240.5576171875
2014-06-18,TAIEX,9279.9296875,9279.8876953125
2014-06-19,TAIEX,9316.8095703125,9316.767578125
2014-06-20,TAIEX,9273.7900390625,9273.748046875
2014-06-23,TAIEX,9228.349609375,9228.3076171875
2014-06-24,TAIEX,9246.2001953125,9246.158203125
2014-06-25,TAIEX,9242.16015625,9242.1181640625
2014-06-26,TAIEX,9320.9404296875,9320.8984375
2014-06-27,TAIEX,9306.830078125,9306.7880859375
2014-06-30,TAIEX,9393.0703125,9393.0283203125
2014-07-01,TAIEX,9441.919921875,9441.8779296875
2014-07-02,TAIEX,9484.9599609375,9484.9169921875
2014-07-03,TAIEX,9526.23046875,9526.1875
2014-07-04,TAIEX,9510.0498046875,9510.0068359375
2014-07-07,TAIEX,9520.2001953125,9520.1572265625
2014-07-08,TAIEX,9530.98046875,9530.9375
2014-07-09,TAIEX,9489.98046875,9489.9375
2014-07-10,TAIEX,9565.1201171875,9565.076171875
2014-07-11,TAIEX,9495.83984375,9495.796875
2014-07-14,TAIEX,9520.2998046875,9520.2568359375
2014-07-15,TAIEX,9569.169921875,9569.1259765625
2014-07-16,TAIEX,9484.73046875,9484.6875
2014-07-17,TAIEX,9408.240234375,9408.1982421875
2014-07-18,TAIEX,9400.9697265625,9400.927734375
2014-07-21,TAIEX,9440.9697265625,9440.927734375
2014-07-22,TAIEX,9499.3603515625,9499.3173828125
2014-07-23,TAIEX,9499.3603515625,9499.3173828125
2014-07-24,TAIEX,9527.5400390625,9527.4970703125
2014-07-25,TAIEX,9439.2900390625,9439.248046875
2014-07-28,TAIEX,9420.1796875,9420.1376953125
2014-07-29,TAIEX,9391.8798828125,9391.837890625
2014-07-30,TAIEX,9447.01953125,9446.9775390625
2014-07-31,TAIEX,9315.849609375,9315.8076171875
2014-08-01,TAIEX,9266.509765625,9266.4677734375
2014-08-04,TAIEX,9330.1904296875,9330.1484375
2014-08-05,TAIEX,9141.4404296875,9141.3984375
2014-08-06,TAIEX,9143.9697265625,9143.927734375
2014-08-07,TAIEX,9131.4404296875,9131.3984375
2014-08-08,TAIEX,9085.9599609375,9085.91796875
2014-08-11,TAIEX,9172.91015625,9172.8681640625
2014-08-12,TAIEX,9163.1201171875,9163.078125
2014-08-13,TAIEX,9231.3095703125,9231.267578125
2014-08-14,TAIEX,9230.6103515625,9230.568359375
2014-08-15,TAIEX,9206.8095703125,9206.767578125
2014-08-18,TAIEX,9141.3095703125,9141.267578125
2014-08-19,TAIEX,9243.7802734375,9243.73828125
2014-08-20,TAIEX,9288.0498046875,9288.0078125
2014-08-21,TAIEX,9253.3798828125,9253.337890625
2014-08-22,TAIEX,9380.099609375,9380.0576171875
2014-08-25,TAIEX,9390.6201171875,9390.578125
2014-08-26,TAIEX,9393.9599609375,9393.91796875
2014-08-27,TAIEX,9485.58984375,9485.546875
2014-08-28,TAIEX,9478.3701171875,9478.3271484375
2014-08-29,TAIEX,9436.26953125,9436.2275390625
2014-09-01,TAIEX,9513.0595703125,9513.0166015625
2014-09-02,TAIEX,9399.7197265625,9399.677734375
2014-09-03,TAIEX,9450.349609375,9450.3076171875
2014-09-04,TAIEX,9428.8896484375,9428.84765625
2014-09-05,TAIEX,9407.9404296875,9407.8984375
2014-09-09,TAIEX,9434.76953125,9434.7275390625
2014-09-10,TAIEX,9357.6103515625,9357.568359375
2014-09-11,TAIEX,9322.9501953125,9322.908203125
2014-09-12,TAIEX,9223.1796875,9223.1376953125
2014-09-15,TAIEX,9217.4599609375,9217.41796875
2014-09-16,TAIEX,9133.400390625,9133.3583984375
2014-09-17,TAIEX,9195.169921875,9195.1279296875
2014-09-18,TAIEX,9237.0302734375,9236.98828125
2014-09-19,TAIEX,9240.4501953125,9240.408203125
2014-09-22,TAIEX,9134.650390625,9134.6083984375
2014-09-23,TAIEX,9084.900390625,9084.8583984375
2014-09-24,TAIEX,9098.490234375,9098.4482421875
2014-09-25,TAIEX,9011.58984375,9011.548828125
2014-09-26,TAIEX,8989.8203125,8989.779296875
2014-09-29,TAIEX,8960.759765625,8960.71875
2014-09-30,TAIEX,8966.919921875,8966.87890625
2014-10-01,TAIEX,8990.259765625,8990.21875
2014-10-02,TAIEX,8975.1904296875,8975.1494140625
2014-10-03,TAIEX,9106.2802734375,9106.23828125
2014-10-06,TAIEX,9095.1396484375,9095.09765625
2014-10-07,TAIEX,9040.8095703125,9040.7685546875
2014-10-08,TAIEX,8955.1796875,8955.138671875
2014-10-09,TAIEX,8966.4404296875,8966.3994140625
2014-10-13,TAIEX,8711.3896484375,8711.349609375
2014-10-14,TAIEX,8768.3896484375,8768.349609375
2014-10-15,TAIEX,8655.509765625,8655.4697265625
2014-10-16,TAIEX,8633.6904296875,8633.650390625
2014-10-17,TAIEX,8512.8798828125,8512.83984375
2014-10-20,TAIEX,8663.1396484375,8663.099609375
2014-10-21,TAIEX,8654.6396484375,8654.599609375
2014-10-22,TAIEX,8748.830078125,8748.7900390625
2014-10-23,TAIEX,8731.0703125,8731.0302734375
2014-10-24,TAIEX,8646.009765625,8645.9697265625
2014-10-27,TAIEX,8627.7802734375,8627.740234375
2014-10-28,TAIEX,8773.5498046875,8773.509765625
2014-10-29,TAIEX,8903.6796875,8903.638671875
2014-10-30,TAIEX,8888.0703125,8888.029296875
2014-10-31,TAIEX,8974.759765625,8974.71875
2014-11-03,TAIEX,9004.8603515625,9004.8193359375
2014-11-04,TAIEX,8989.1796875,8989.138671875
2014-11-05,TAIEX,8962.599609375,8962.55859375
2014-11-06,TAIEX,8891.01953125,8890.978515625
2014-11-07,TAIEX,8912.6201171875,8912.5791015625
2014-11-10,TAIEX,9049.98046875,9049.939453125
2014-11-11,TAIEX,9034.1396484375,9034.0986328125
2014-11-12,TAIEX,8918.9501953125,8918.9091796875
2014-11-13,TAIEX,8980.669921875,8980.62890625
2014-11-14,TAIEX,8982.8798828125,8982.8388671875
2014-11-17,TAIEX,8884.3896484375,8884.3486328125
2014-11-18,TAIEX,8859.0703125,8859.0302734375
2014-11-19,TAIEX,8963.240234375,8963.19921875
2014-11-20,TAIEX,9078.8701171875,9078.828125
2014-11-21,TAIEX,9091.5302734375,9091.48828125
2014-11-24,TAIEX,9122.330078125,9122.2880859375
2014-11-25,TAIEX,9116.240234375,9116.1982421875
2014-11-26,TAIEX,9122.3896484375,9122.34765625
2014-11-27,TAIEX,9165.3095703125,9165.267578125
2014-11-28,TAIEX,9187.150390625,9187.1083984375
2014-12-01,TAIEX,9117.7099609375,9117.66796875
2014-12-02,TAIEX,9034.7900390625,9034.7490234375
2014-12-03,TAIEX,9175.259765625,9175.2177734375
2014-12-04,TAIEX,9225.1103515625,9225.068359375
2014-12-05,TAIEX,9206.5703125,9206.5283203125
2014-12-08,TAIEX,9187.2900390625,9187.248046875
2014-12-09,TAIEX,9128.900390625,9128.8583984375
2014-12-10,TAIEX,9032.16015625,9032.119140625
2014-12-11,TAIEX,9013.0703125,9013.029296875
2014-12-12,TAIEX,9027.330078125,9027.2890625
2014-12-15,TAIEX,8985.6298828125,8985.5888671875
2014-12-16,TAIEX,8950.91015625,8950.869140625
2014-12-17,TAIEX,8828.3603515625,8828.3203125
2014-12-18,TAIEX,8878.6298828125,8878.5888671875
2014-12-19,TAIEX,8999.51953125,8999.478515625
2014-12-22,TAIEX,9095.0,9094.9580078125
2014-12-23,TAIEX,9097.7099609375,9097.66796875
2014-12-24,TAIEX,9186.1796875,9186.1376953125
2014-12-25,TAIEX,9158.7001953125,9158.658203125
2014-12-26,TAIEX,9214.0703125,9214.0283203125
2014-12-29,TAIEX,9286.2802734375,9286.23828125
2014-12-30,TAIEX,9268.4296875,9268.3876953125
2014-12-31,TAIEX,9307.259765625,9307.2177734375
2015-01-05,TAIEX,9274.1103515625,9274.068359375
2015-01-06,TAIEX,9048.33984375,9048.298828125
2015-01-07,TAIEX,9080.08984375,9080.0478515625
2015-01-08,TAIEX,9238.0302734375,9237.98828125
2015-01-09,TAIEX,9215.580078125,9215.5380859375
2015-01-12,TAIEX,9178.2998046875,9178.2578125
2015-01-13,TAIEX,9231.7998046875,9231.7578125
2015-01-14,TAIEX,9180.23046875,9180.1884765625
2015-01-15,TAIEX,9165.08984375,9165.0478515625
2015-01-16,TAIEX,9138.2900390625,9138.248046875
2015-01-19,TAIEX,9174.0595703125,9174.017578125
2015-01-20,TAIEX,9251.6904296875,9251.6484375
2015-01-21,TAIEX,9319.7099609375,9319.66796875
2015-01-22,TAIEX,9369.509765625,9369.4677734375
2015-01-23,TAIEX,9470.9404296875,9470.8974609375
2015-01-26,TAIEX,9477.669921875,9477.626953125
2015-01-27,TAIEX,9521.58984375,9521.546875
2015-01-28,TAIEX,9510.919921875,9510.876953125
2015-01-29,TAIEX,9426.900390625,9426.8583984375
2015-01-30,TAIEX,9361.91015625,9361.8681640625
2015-02-02,TAIEX,9386.990234375,9386.9482421875
2015-02-03,TAIEX,9448.73046875,9448.6884765625
2015-02-04,TAIEX,9513.919921875,9513.876953125
2015-02-05,TAIEX,9512.0498046875,9512.0068359375
2015-02-06,TAIEX,9456.1796875,9456.13671875
2015-02-09,TAIEX,9421.5,9421.4580078125
2015-02-10,TAIEX,9393.7001953125,9393.658203125
2015-02-11,TAIEX,9462.2197265625,9462.1767578125
2015-02-12,TAIEX,9496.3095703125,9496.2666015625
2015-02-13,TAIEX,9529.509765625,9529.466796875
2015-02-24,TAIEX,9629.3701171875,9629.326171875
2015-02-25,TAIEX,9699.5400390625,9699.4951171875
2015-02-26,TAIEX,9622.099609375,9622.0556640625
2015-03-02,TAIEX,9601.3603515625,9601.31640625
2015-03-03,TAIEX,9605.76953125,9605.7255859375
2015-03-04,TAIEX,9621.73046875,9621.6865234375
2015-03-05,TAIEX,9595.08984375,9595.0458984375
2015-03-06,TAIEX,9645.76953125,9645.7255859375
2015-03-09,TAIEX,9562.98046875,9562.9365234375
2015-03-10,TAIEX,9536.5302734375,9536.4873046875
2015-03-11,TAIEX,9523.1796875,9523.13671875
2015-03-12,TAIEX,9596.0,9595.9560546875
2015-03-13,TAIEX,9579.349609375,9579.3056640625
2015-03-16,TAIEX,9512.91015625,9512.8671875
2015-03-17,TAIEX,9539.4404296875,9539.3974609375
2015-03-18,TAIEX,9653.4296875,9653.3857421875
2015-03-19,TAIEX,9736.73046875,9736.685546875
2015-03-20,TAIEX,9749.6904296875,9749.6455078125
2015-03-23,TAIEX,9758.08984375,9758.044921875
2015-03-24,TAIEX,9731.66015625,9731.615234375
2015-03-25,TAIEX,9667.830078125,9667.7861328125
2015-03-26,TAIEX,9619.1201171875,9619.076171875
2015-03-27,TAIEX,9503.7197265625,9503.6767578125
2015-03-30,TAIEX,9521.8701171875,9521.8271484375
2015-03-31,TAIEX,9586.4404296875,9586.396484375
2015-04-01,TAIEX,9507.66015625,9507.6171875
2015-04-02,TAIEX,9600.3203125,9600.2763671875
2015-04-07,TAIEX,9641.900390625,9641.8564453125
2015-04-08,TAIEX,9571.9697265625,9571.92578125
2015-04-09,TAIEX,9568.0400390625,9567.99609375
2015-04-10,TAIEX,9617.7001953125,9617.65625
2015-04-13,TAIEX,9666.51953125,9666.4755859375
2015-04-14,TAIEX,9642.2197265625,9642.17578125
2015-04-15,TAIEX,9540.0595703125,9540.0166015625
2015-04-16,TAIEX,9656.8701171875,9656.826171875
2015-04-17,TAIEX,9570.9296875,9570.8857421875
2015-04-20,TAIEX,9552.849609375,9552.806640625
2015-04-21,TAIEX,9533.98046875,9533.9375
2015-04-22,TAIEX,9613.0,9612.9560546875
2015-04-23,TAIEX,9797.490234375,9797.4453125
2015-04-24,TAIEX,9913.2802734375,9913.2353515625
2015-04-27,TAIEX,9973.1201171875,9973.07421875
2015-04-28,TAIEX,9956.830078125,9956.7841796875
2015-04-29,TAIEX,9853.830078125,9853.78515625
2015-04-30,TAIEX,9820.0498046875,9820.0048828125
2015-05-04,TAIEX,9845.0400390625,9844.9951171875
2015-05-05,TAIEX,9820.1298828125,9820.0849609375
2015-05-06,TAIEX,9818.2001953125,9818.1552734375
2015-05-07,TAIEX,9704.1103515625,9704.0654296875
2015-05-08,TAIEX,9692.0,9691.955078125
2015-05-11,TAIEX,9663.7197265625,9663.67578125
2015-05-12,TAIEX,9680.73046875,9680.6865234375
2015-05-13,TAIEX,9724.1103515625,9724.0654296875
2015-05-14,TAIEX,9610.830078125,9610.7861328125
2015-05-15,TAIEX,9579.48046875,9579.4365234375
2015-05-18,TAIEX,9606.099609375,9606.0556640625
2015-05-19,TAIEX,9716.76953125,9716.724609375
2015-05-20,TAIEX,9685.3095703125,9685.2646484375
2015-05-21,TAIEX,9578.5595703125,9578.515625
2015-05-22,TAIEX,9638.7998046875,9638.755859375
2015-05-25,TAIEX,9645.169921875,9645.1259765625
2015-05-26,TAIEX,9669.41015625,9669.3662109375
2015-05-27,TAIEX,9693.5400390625,9693.4951171875
2015-05-28,TAIEX,9712.83984375,9712.794921875
2015-05-29,TAIEX,9701.0703125,9701.025390625
2015-06-01,TAIEX,9625.6904296875,9625.646484375
2015-06-02,TAIEX,9614.259765625,9614.2158203125
2015-06-03,TAIEX,9556.51953125,9556.4765625
2015-06-04,TAIEX,9348.6298828125,9348.587890625
2015-06-05,TAIEX,9340.1298828125,9340.087890625
2015-06-08,TAIEX,9368.4296875,9368.3876953125
2015-06-09,TAIEX,9191.8701171875,9191.828125
2015-06-10,TAIEX,9298.5,9298.4580078125
2015-06-11,TAIEX,9302.490234375,9302.4482421875
2015-06-12,TAIEX,9301.9296875,9301.8876953125
2015-06-15,TAIEX,9259.48046875,9259.4384765625
2015-06-16,TAIEX,9212.7802734375,9212.73828125
2015-06-17,TAIEX,9189.830078125,9189.7880859375
2015-06-18,TAIEX,9218.3701171875,9218.328125
2015-06-22,TAIEX,9341.76953125,9341.7275390625
2015-06-23,TAIEX,9391.1396484375,9391.09765625
2015-06-24,TAIEX,9397.3095703125,9397.267578125
2015-06-25,TAIEX,9476.33984375,9476.296875
2015-06-26,TAIEX,9462.5703125,9462.52734375
2015-06-29,TAIEX,9236.099609375,9236.0576171875
2015-06-30,TAIEX,9323.01953125,9322.9775390625
2015-07-01,TAIEX,9375.23046875,9375.1884765625
2015-07-02,TAIEX,9379.240234375,9379.1982421875
2015-07-03,TAIEX,9358.23046875,9358.1884765625
2015-07-06,TAIEX,9255.9599609375,9255.91796875
2015-07-07,TAIEX,9250.16015625,9250.1181640625
2015-07-08,TAIEX,8976.1103515625,8976.0693359375
2015-07-09,TAIEX,8914.1298828125,8914.0888671875
2015-07-13,TAIEX,9033.919921875,9033.87890625
2015-07-14,TAIEX,9041.759765625,9041.71875
2015-07-15,TAIEX,9054.2001953125,9054.1591796875
2015-07-16,TAIEX,9042.2099609375,9042.1689453125
2015-07-17,TAIEX,9045.98046875,9045.939453125
2015-07-20,TAIEX,8975.0,8974.958984375
2015-07-21,TAIEX,9005.9599609375,9005.9189453125
2015-07-22,TAIEX,8918.7001953125,8918.6591796875
2015-07-23,TAIEX,8791.1201171875,8791.080078125
2015-07-24,TAIEX,8767.8603515625,8767.8203125
2015-07-27,TAIEX,8556.6796875,8556.6396484375
2015-07-28,TAIEX,8582.490234375,8582.4501953125
2015-07-29,TAIEX,8563.48046875,8563.4404296875
2015-07-30,TAIEX,8651.490234375,8651.4501953125
2015-07-31,TAIEX,8665.33984375,8665.2998046875
2015-08-03,TAIEX,8524.41015625,8524.3701171875
2015-08-04,TAIEX,8510.8603515625,8510.8203125
2015-08-05,TAIEX,8542.26953125,8542.2294921875
2015-08-06,TAIEX,8449.5595703125,8449.51953125
2015-08-07,TAIEX,8442.2900390625,8442.25
2015-08-10,TAIEX,8466.83984375,8466.7998046875
2015-08-11,TAIEX,8394.1396484375,8394.099609375
2015-08-12,TAIEX,8283.3798828125,8283.33984375
2015-08-13,TAIEX,8311.740234375,8311.7001953125
2015-08-14,TAIEX,8305.6396484375,8305.599609375
2015-08-17,TAIEX,8213.419921875,8213.3798828125
2015-08-18,TAIEX,8177.22021484375,8177.1826171875
2015-08-19,TAIEX,8021.83984375,8021.80224609375
2015-08-20,TAIEX,8029.81005859375,8029.7724609375
2015-08-21,TAIEX,7786.919921875,7786.88427734375
2015-08-24,TAIEX,7410.33984375,7410.3056640625
2015-08-25,TAIEX,7675.64013671875,7675.60498046875
2015-08-26,TAIEX,7715.58984375,7715.5546875
2015-08-27,TAIEX,7824.5498046875,7824.513671875
2015-08-28,TAIEX,8019.18017578125,8019.142578125
2015-08-31,TAIEX,8174.919921875,8174.88232421875
2015-09-01,TAIEX,8017.56005859375,8017.5224609375
2015-09-02,TAIEX,8035.2900390625,8035.25244140625
2015-09-03,TAIEX,8095.9501953125,8095.91259765625
2015-09-04,TAIEX,8000.60009765625,8000.5625
2015-09-07,TAIEX,7986.56005859375,7986.5224609375
2015-09-08,TAIEX,8001.5,8001.46240234375
2015-09-09,TAIEX,8286.919921875,8286.8798828125
2015-09-10,TAIEX,8268.6796875,8268.6396484375
2015-09-11,TAIEX,8305.8203125,8305.7802734375
2015-09-14,TAIEX,8307.2900390625,8307.25
2015-09-15,TAIEX,8259.990234375,8259.9501953125
2015-09-16,TAIEX,8333.2900390625,8333.25
2015-09-17,TAIEX,8445.5,8445.4599609375
2015-09-18,TAIEX,8462.1396484375,8462.099609375
2015-09-21,TAIEX,8307.0400390625,8307.0
2015-09-22,TAIEX,8365.919921875,8365.8798828125
2015-09-23,TAIEX,8193.419921875,8193.3798828125
2015-09-24,TAIEX,8123.10009765625,8123.0625
2015-09-25,TAIEX,8132.35009765625,8132.3125
2015-09-30,TAIEX,8181.240234375,8181.20263671875
2015-10-01,TAIEX,8295.9404296875,8295.900390625
2015-10-02,TAIEX,8305.0302734375,8304.990234375
2015-10-05,TAIEX,8352.3603515625,8352.3203125
2015-10-06,TAIEX,8394.099609375,8394.0595703125
2015-10-07,TAIEX,8495.23046875,8495.1904296875
2015-10-08,TAIEX,8445.9599609375,8445.919921875
2015-10-12,TAIEX,8573.7197265625,8573.6796875
2015-10-13,TAIEX,8567.919921875,8567.8798828125
2015-10-14,TAIEX,8522.509765625,8522.4697265625
2015-10-15,TAIEX,8601.51953125,8601.4794921875
2015-10-16,TAIEX,8604.9501953125,8604.91015625
2015-10-19,TAIEX,8631.5,8631.4599609375
2015-10-20,TAIEX,8653.599609375,8653.5595703125
2015-10-21,TAIEX,8609.23046875,8609.1904296875
2015-10-22,TAIEX,8608.4599609375,8608.419921875
2015-10-23,TAIEX,8673.8095703125,8673.76953125
2015-10-26,TAIEX,8745.3603515625,8745.3203125
2015-10-27,TAIEX,8701.3203125,8701.2802734375
2015-10-28,TAIEX,8665.990234375,8665.9501953125
2015-10-29,TAIEX,8571.080078125,8571.0400390625
2015-10-30,TAIEX,8554.3095703125,8554.26953125
2015-11-02,TAIEX,8614.76953125,8614.7294921875
2015-11-03,TAIEX,8713.1904296875,8713.150390625
2015-11-04,TAIEX,8857.01953125,8856.9794921875
2015-11-05,TAIEX,8850.1796875,8850.1396484375
2015-11-06,TAIEX,8693.5703125,8693.5302734375
2015-11-09,TAIEX,8642.48046875,8642.4404296875
2015-11-10,TAIEX,8536.900390625,8536.8603515625
2015-11-11,TAIEX,8415.009765625,8414.9697265625
2015-11-12,TAIEX,8428.08984375,8428.0498046875
2015-11-13,TAIEX,8329.5,8329.4599609375
2015-11-16,TAIEX,8295.400390625,8295.3603515625
2015-11-17,TAIEX,8419.419921875,8419.3798828125
2015-11-18,TAIEX,8340.4697265625,8340.4296875
2015-11-19,TAIEX,8477.2001953125,8477.16015625
2015-11-20,TAIEX,8465.4501953125,8465.41015625
2015-11-23,TAIEX,8485.73046875,8485.6904296875
2015-11-24,TAIEX,8400.1396484375,8400.099609375
2015-11-25,TAIEX,8386.1298828125,8386.08984375
2015-11-26,TAIEX,8484.900390625,8484.8603515625
2015-11-27,TAIEX,8398.400390625,8398.3603515625
2015-11-30,TAIEX,8320.6103515625,8320.5703125
2015-12-01,TAIEX,8463.2998046875,8463.259765625
2015-12-02,TAIEX,8457.400390625,8457.3603515625
2015-12-03,TAIEX,8456.0595703125,8456.01953125
2015-12-04,TAIEX,8398.599609375,8398.5595703125
2015-12-07,TAIEX,8454.26953125,8454.2294921875
2015-12-08,TAIEX,8343.8603515625,8343.8203125
2015-12-09,TAIEX,8229.6201171875,8229.580078125
2015-12-10,TAIEX,8216.169921875,8216.1298828125
2015-12-11,TAIEX,8115.89013671875,8115.8525390625
2015-12-14,TAIEX,8040.16015625,8040.12255859375
2015-12-15,TAIEX,8073.35009765625,8073.3125
2015-12-16,TAIEX,8184.66015625,8184.62255859375
2015-12-17,TAIEX,8319.669921875,8319.6298828125
2015-12-18,TAIEX,8257.3203125,8257.2802734375
2015-12-21,TAIEX,8282.169921875,8282.1298828125
2015-12-22,TAIEX,8292.740234375,8292.7001953125
2015-12-23,TAIEX,8315.7001953125,8315.66015625
2015-12-24,TAIEX,8324.3603515625,8324.3203125
2015-12-25,TAIEX,8363.2802734375,8363.240234375
2015-12-28,TAIEX,8358.490234375,8358.4501953125
2015-12-29,TAIEX,8293.91015625,8293.8701171875
2015-12-30,TAIEX,8279.990234375,8279.9501953125
2015-12-31,TAIEX,8338.0595703125,8338.01953125
2016-01-04,TAIEX,8114.259765625,8114.22216796875
2016-01-05,TAIEX,8075.10986328125,8075.072265625
2016-01-06,TAIEX,7990.39013671875,7990.3525390625
2016-01-07,TAIEX,7852.06005859375,7852.0234375
2016-01-08,TAIEX,7893.97021484375,7893.93310546875
2016-01-11,TAIEX,7788.419921875,7788.38427734375
2016-01-12,TAIEX,7768.4501953125,7768.41455078125
2016-01-13,TAIEX,7824.60986328125,7824.57373046875
2016-01-14,TAIEX,7742.8798828125,7742.84423828125
2016-01-15,TAIEX,7762.009765625,7761.97412109375
2016-01-18,TAIEX,7811.18017578125,7811.14453125
2016-01-19,TAIEX,7854.8798828125,7854.84326171875
2016-01-20,TAIEX,7699.1201171875,7699.0849609375
2016-01-21,TAIEX,7664.009765625,7663.974609375
2016-01-22,TAIEX,7756.18017578125,7756.14453125
2016-01-25,TAIEX,7894.14990234375,7894.11279296875
2016-01-26,TAIEX,7828.669921875,7828.6337890625
2016-01-27,TAIEX,7849.830078125,7849.7939453125
2016-01-28,TAIEX,7905.10009765625,7905.06298828125
2016-01-29,TAIEX,8080.60009765625,8080.5625
2016-02-01,TAIEX,8156.9599609375,8156.92236328125
2016-02-02,TAIEX,8131.240234375,8131.20263671875
2016-02-03,TAIEX,8063.0,8062.96533203125
2016-02-15,TAIEX,8066.509765625,8066.484375
2016-02-16,TAIEX,8212.0703125,8212.04296875
2016-02-17,TAIEX,8214.25,8214.22265625
2016-02-18,TAIEX,8314.669921875,8314.642578125
2016-02-19,TAIEX,8325.0400390625,8325.0126953125
2016-02-22,TAIEX,8326.6796875,8326.65234375
2016-02-23,TAIEX,8334.6396484375,8334.6123046875
2016-02-24,TAIEX,8282.8603515625,8282.8330078125
2016-02-25,TAIEX,8365.8603515625,8365.8330078125
2016-02-26,TAIEX,8411.16015625,8411.1328125
2016-03-01,TAIEX,8485.6904296875,8485.6630859375
2016-03-02,TAIEX,8544.0498046875,8544.0224609375
2016-03-03,TAIEX,8611.7900390625,8611.7626953125
2016-03-04,TAIEX,8643.5498046875,8643.5224609375
2016-03-07,TAIEX,8659.5498046875,8659.5224609375
2016-03-08,TAIEX,8664.3095703125,8664.2822265625
2016-03-09,TAIEX,8634.1103515625,8634.0830078125
2016-03-10,TAIEX,8660.7001953125,8660.6728515625
2016-03-11,TAIEX,8706.1396484375,8706.1123046875
2016-03-14,TAIEX,8747.900390625,8747.873046875
2016-03-15,TAIEX,8611.1796875,8611.15234375
2016-03-16,TAIEX,8699.1396484375,8699.1123046875
2016-03-17,TAIEX,8734.5400390625,8734.5126953125
2016-03-18,TAIEX,8810.7099609375,8810.6826171875
2016-03-21,TAIEX,8812.7001953125,8812.6728515625
2016-03-22,TAIEX,8785.6796875,8785.65234375
2016-03-23,TAIEX,8766.08984375,8766.0625
2016-03-24,TAIEX,8743.3798828125,8743.3525390625
2016-03-25,TAIEX,8704.9697265625,8704.9423828125
2016-03-28,TAIEX,8690.4501953125,8690.4228515625
2016-03-29,TAIEX,8617.349609375,8617.322265625
2016-03-30,TAIEX,8737.0400390625,8737.0126953125
2016-03-31,TAIEX,8744.830078125,8744.802734375
2016-04-01,TAIEX,8657.5498046875,8657.5224609375
2016-04-06,TAIEX,8513.2998046875,8513.2724609375
2016-04-07,TAIEX,8490.25,8490.22265625
2016-04-08,TAIEX,8541.5,8541.47265625
2016-04-11,TAIEX,8562.58984375,8562.5625
2016-04-12,TAIEX,8531.1796875,8531.15234375
2016-04-13,TAIEX,8652.080078125,8652.052734375
2016-04-14,TAIEX,8667.7099609375,8667.6826171875
2016-04-15,TAIEX,8700.3896484375,8700.3623046875
2016-04-18,TAIEX,8666.009765625,8665.982421875
2016-04-19,TAIEX,8633.7197265625,8633.6923828125
2016-04-20,TAIEX,8514.48046875,8514.453125
2016-04-21,TAIEX,8568.650390625,8568.623046875
2016-04-22,TAIEX,8535.75,8535.72265625
2016-04-25,TAIEX,8560.2802734375,8560.2529296875
2016-04-26,TAIEX,8581.5703125,8581.54296875
2016-04-27,TAIEX,8563.0498046875,8563.0224609375
2016-04-28,TAIEX,8473.8701171875,8473.8427734375
2016-04-29,TAIEX,8377.900390625,8377.873046875
2016-05-03,TAIEX,8294.1201171875,8294.0927734375
2016-05-04,TAIEX,8185.47021484375,8185.44482421875
2016-05-05,TAIEX,8167.9599609375,8167.9345703125
2016-05-06,TAIEX,8146.43017578125,8146.40478515625
2016-05-09,TAIEX,8131.830078125,8131.8046875
2016-05-10,TAIEX,8156.2900390625,8156.2646484375
2016-05-11,TAIEX,8135.56005859375,8135.53466796875
2016-05-12,TAIEX,8108.0498046875,8108.0244140625
2016-05-13,TAIEX,8053.68994140625,8053.66455078125
2016-05-16,TAIEX,8067.60009765625,8067.57470703125
2016-05-17,TAIEX,8140.47998046875,8140.45458984375
2016-05-18,TAIEX,8159.68017578125,8159.65478515625
2016-05-19,TAIEX,8095.97998046875,8095.95458984375
2016-05-20,TAIEX,8131.259765625,8131.234375
2016-05-23,TAIEX,8344.4404296875,8344.4130859375
2016-05-24,TAIEX,8300.66015625,8300.6328125
2016-05-25,TAIEX,8396.2001953125,8396.1728515625
2016-05-26,TAIEX,8394.1201171875,8394.0927734375
2016-05-27,TAIEX,8463.6103515625,8463.5830078125
2016-05-30,TAIEX,8535.8701171875,8535.8427734375
2016-05-31,TAIEX,8535.58984375,8535.5625
2016-06-01,TAIEX,8597.16015625,8597.1328125
2016-06-02,TAIEX,8556.01953125,8555.9921875
2016-06-03,TAIEX,8587.3603515625,8587.3330078125
2016-06-06,TAIEX,8597.1103515625,8597.0830078125
2016-06-07,TAIEX,8679.900390625,8679.873046875
2016-06-08,TAIEX,8715.48046875,8715.453125
2016-06-13,TAIEX,8536.2197265625,8536.19921875
2016-06-14,TAIEX,8576.1201171875,8576.099609375
2016-06-15,TAIEX,8606.3701171875,8606.349609375
2016-06-16,TAIEX,8494.1396484375,8494.119140625
2016-06-17,TAIEX,8568.080078125,8568.0595703125
2016-06-20,TAIEX,8625.919921875,8625.8994140625
2016-06-21,TAIEX,8684.849609375,8684.8291015625
2016-06-22,TAIEX,8716.25,8716.2294921875
2016-06-23,TAIEX,8676.6796875,8676.6591796875
2016-06-24,TAIEX,8476.990234375,8476.9697265625
2016-06-27,TAIEX,8458.8701171875,8458.849609375
2016-06-28,TAIEX,8505.509765625,8505.4892578125
2016-06-29,TAIEX,8586.5595703125,8586.5390625
2016-06-30,TAIEX,8666.580078125,8666.5595703125
2016-07-01,TAIEX,8738.240234375,8738.2197265625
2016-07-04,TAIEX,8760.580078125,8760.5595703125
2016-07-05,TAIEX,8716.0703125,8716.0498046875
2016-07-06,TAIEX,8575.75,8575.7294921875
2016-07-07,TAIEX,8640.91015625,8640.8896484375
2016-07-08,TAIEX,8640.91015625,8640.8896484375
2016-07-11,TAIEX,8786.4697265625,8786.44921875
2016-07-12,TAIEX,8841.4599609375,8841.439453125
2016-07-13,TAIEX,8857.75,8857.7294921875
2016-07-14,TAIEX,8866.3603515625,8866.33984375
2016-07-15,TAIEX,8949.849609375,8949.828125
2016-07-18,TAIEX,9008.2099609375,9008.1884765625
2016-07-19,TAIEX,9034.8701171875,9034.8486328125
2016-07-20,TAIEX,9007.6796875,9007.658203125
2016-07-21,TAIEX,9056.5595703125,9056.5380859375
2016-07-22,TAIEX,9013.1396484375,9013.1181640625
2016-07-25,TAIEX,8991.669921875,8991.6484375
2016-07-26,TAIEX,9024.7900390625,9024.7685546875
2016-07-27,TAIEX,9063.3896484375,9063.3681640625
2016-07-28,TAIEX,9076.6396484375,9076.6181640625
2016-07-29,TAIEX,8984.41015625,8984.388671875
2016-08-01,TAIEX,9080.7099609375,9080.6884765625
2016-08-02,TAIEX,9068.759765625,9068.73828125
2016-08-03,TAIEX,9001.7099609375,9001.6884765625
2016-08-04,TAIEX,9024.7099609375,9024.6884765625
2016-08-05,TAIEX,9092.1201171875,9092.0986328125
2016-08-08,TAIEX,9150.259765625,9150.23828125
2016-08-09,TAIEX,9155.080078125,9155.05859375
2016-08-10,TAIEX,9200.419921875,9200.3984375
2016-08-11,TAIEX,9131.830078125,9131.80859375
2016-08-12,TAIEX,9150.3896484375,9150.3681640625
2016-08-15,TAIEX,9148.509765625,9148.48828125
2016-08-16,TAIEX,9110.3603515625,9110.3388671875
2016-08-17,TAIEX,9117.7001953125,9117.6787109375
2016-08-18,TAIEX,9122.5,9122.478515625
2016-08-19,TAIEX,9034.26953125,9034.248046875
2016-08-22,TAIEX,8981.8095703125,8981.7880859375
2016-08-23,TAIEX,9030.9296875,9030.908203125
2016-08-24,TAIEX,9017.3798828125,9017.3583984375
2016-08-25,TAIEX,9115.4697265625,9115.4482421875
2016-08-26,TAIEX,9131.7197265625,9131.6982421875
2016-08-29,TAIEX,9110.169921875,9110.1484375
2016-08-30,TAIEX,9110.5595703125,9110.5380859375
2016-08-31,TAIEX,9068.849609375,9068.8291015625
2016-09-01,TAIEX,9001.150390625,9001.1298828125
2016-09-02,TAIEX,8987.5498046875,8987.529296875
2016-09-05,TAIEX,9090.1298828125,9090.109375
2016-09-06,TAIEX,9181.849609375,9181.8291015625
2016-09-07,TAIEX,9259.0703125,9259.0498046875
2016-09-08,TAIEX,9262.8896484375,9262.869140625
2016-09-09,TAIEX,9164.8798828125,9164.859375
2016-09-12,TAIEX,8947.0595703125,8947.0390625
2016-09-13,TAIEX,8940.830078125,8940.8095703125
2016-09-14,TAIEX,8902.2998046875,8902.279296875
2016-09-19,TAIEX,9152.8798828125,9152.859375
2016-09-20,TAIEX,9161.580078125,9161.5595703125
2016-09-21,TAIEX,9228.5,9228.4794921875
2016-09-22,TAIEX,9235.259765625,9235.2392578125
2016-09-23,TAIEX,9284.6201171875,9284.599609375
2016-09-26,TAIEX,9194.51953125,9194.4990234375
2016-09-29,TAIEX,9270.900390625,9270.8798828125
2016-09-30,TAIEX,9166.849609375,9166.8291015625
2016-10-03,TAIEX,9234.2001953125,9234.1796875
2016-10-04,TAIEX,9287.76953125,9287.7490234375
2016-10-05,TAIEX,9272.2802734375,9272.259765625
2016-10-06,TAIEX,9284.3095703125,9284.2890625
2016-10-07,TAIEX,9265.8095703125,9265.7890625
2016-10-11,TAIEX,9219.8203125,9219.7998046875
2016-10-12,TAIEX,9252.599609375,9252.5791015625
2016-10-13,TAIEX,9219.169921875,9219.1494140625
2016-10-14,TAIEX,9165.169921875,9165.1494140625
2016-10-17,TAIEX,9176.2197265625,9176.19921875
2016-10-18,TAIEX,9222.580078125,9222.5595703125
2016-10-19,TAIEX,9283.990234375,9283.9697265625
2016-10-20,TAIEX,9317.240234375,9317.2197265625
2016-10-21,TAIEX,9306.5703125,9306.5498046875
2016-10-24,TAIEX,9322.5,9322.4794921875
2016-10-25,TAIEX,9385.650390625,9385.6298828125
2016-10-26,TAIEX,9362.25,9362.2294921875
2016-10-27,TAIEX,9299.5498046875,9299.529296875
2016-10-28,TAIEX,9306.919921875,9306.8994140625
2016-10-31,TAIEX,9290.1201171875,9290.099609375
2016-11-01,TAIEX,9272.7001953125,9272.6796875
2016-11-02,TAIEX,9139.0400390625,9139.01953125
2016-11-03,TAIEX,9067.26953125,9067.2490234375
2016-11-04,TAIEX,9068.150390625,9068.1298828125
2016-11-07,TAIEX,9189.83984375,9189.8193359375
2016-11-08,TAIEX,9217.4296875,9217.4091796875
2016-11-09,TAIEX,8943.2001953125,8943.1796875
2016-11-10,TAIEX,9152.1796875,9152.1591796875
2016-11-11,TAIEX,8957.759765625,8957.7392578125
2016-11-14,TAIEX,8940.400390625,8940.3798828125
2016-11-15,TAIEX,8931.0302734375,8931.009765625
2016-11-16,TAIEX,8962.2197265625,8962.19921875
2016-11-17,TAIEX,8995.259765625,8995.2392578125
2016-11-18,TAIEX,9008.7900390625,9008.76953125
2016-11-21,TAIEX,9041.1103515625,9041.08984375
2016-11-22,TAIEX,9133.3896484375,9133.369140625
2016-11-23,TAIEX,9178.23046875,9178.2099609375
2016-11-24,TAIEX,9152.1103515625,9152.08984375
2016-11-25,TAIEX,9159.0703125,9159.0498046875
2016-11-28,TAIEX,9222.240234375,9222.2197265625
2016-11-29,TAIEX,9192.3798828125,9192.365234375
2016-11-30,TAIEX,9240.7099609375,9240.6953125
2016-12-01,TAIEX,9263.5302734375,9263.515625
2016-12-02,TAIEX,9189.490234375,9189.4755859375
2016-12-05,TAIEX,9160.66015625,9160.6455078125
2016-12-06,TAIEX,9250.76953125,9250.7548828125
2016-12-07,TAIEX,9263.8896484375,9263.8779296875
2016-12-08,TAIEX,9375.8603515625,9375.8486328125
2016-12-09,TAIEX,9392.6796875,9392.66796875
2016-12-12,TAIEX,9349.9404296875,9349.9287109375
2016-12-13,TAIEX,9382.1396484375,9382.1279296875
2016-12-14,TAIEX,9368.51953125,9368.5078125
2016-12-15,TAIEX,9360.349609375,9360.337890625
2016-12-16,TAIEX,9326.7802734375,9326.7685546875
2016-12-19,TAIEX,9239.3203125,9239.30859375
2016-12-20,TAIEX,9242.41015625,9242.3984375
2016-12-21,TAIEX,9204.259765625,9204.248046875
2016-12-22,TAIEX,9118.75,9118.73828125
2016-12-23,TAIEX,9078.6396484375,9078.6279296875
2016-12-26,TAIEX,9110.5400390625,9110.5283203125
2016-12-27,TAIEX,9109.26953125,9109.2626953125
2016-12-28,TAIEX,9201.400390625,9201.3935546875
2016-12-29,TAIEX,9153.08984375,9153.0830078125
2016-12-30,TAIEX,9253.5,9253.4931640625
2017-01-03,TAIEX,9272.8798828125,9272.873046875
2017-01-04,TAIEX,9286.9599609375,9286.953125
2017-01-05,TAIEX,9358.1396484375,9358.1328125
2017-01-06,TAIEX,9372.2197265625,9372.212890625
2017-01-09,TAIEX,9342.419921875,9342.4130859375
2017-01-10,TAIEX,9349.6396484375,9349.6328125
2017-01-11,TAIEX,9345.740234375,9345.7333984375
2017-01-12,TAIEX,9410.1796875,9410.1728515625
2017-01-13,TAIEX,9378.830078125,9378.8232421875
2017-01-16,TAIEX,9292.330078125,9292.3232421875
2017-01-17,TAIEX,9354.5302734375,9354.5234375
2017-01-18,TAIEX,9341.9697265625,9341.962890625
2017-01-19,TAIEX,9318.1201171875,9318.11328125
2017-01-20,TAIEX,9331.4599609375,9331.453125
2017-01-23,TAIEX,9424.0498046875,9424.04296875
2017-01-24,TAIEX,9447.9501953125,9447.943359375
2017-02-02,TAIEX,9428.9697265625,9428.962890625
2017-02-03,TAIEX,9455.5595703125,9455.552734375
2017-02-06,TAIEX,9538.009765625,9538.0029296875
2017-02-07,TAIEX,9554.5595703125,9554.552734375
2017-02-08,TAIEX,9543.25,9543.2431640625
2017-02-09,TAIEX,9590.1796875,9590.1728515625
2017-02-10,TAIEX,9665.58984375,9665.5830078125
2017-02-13,TAIEX,9710.3203125,9710.3134765625
2017-02-14,TAIEX,9718.7802734375,9718.7734375
2017-02-15,TAIEX,9799.759765625,9799.7529296875
2017-02-16,TAIEX,9771.25,9771.2431640625
2017-02-17,TAIEX,9759.759765625,9759.7529296875
2017-02-20,TAIEX,9753.2001953125,9753.193359375
2017-02-21,TAIEX,9763.9296875,9763.9228515625
2017-02-22,TAIEX,9778.7802734375,9778.7734375
2017-02-23,TAIEX,9769.3095703125,9769.302734375
2017-02-24,TAIEX,9750.4697265625,9750.462890625
2017-03-01,TAIEX,9674.7802734375,9674.7734375
2017-03-02,TAIEX,9691.7998046875,9691.79296875
2017-03-03,TAIEX,9648.2099609375,9648.203125
2017-03-06,TAIEX,9682.6298828125,9682.623046875
2017-03-07,TAIEX,9738.0703125,9738.0634765625
2017-03-08,TAIEX,9753.4501953125,9753.443359375
2017-03-09,TAIEX,9658.6103515625,9658.603515625
2017-03-10,TAIEX,9627.8896484375,9627.8828125
2017-03-13,TAIEX,9697.33984375,9697.3330078125
2017-03-14,TAIEX,9744.2099609375,9744.203125
2017-03-15,TAIEX,9740.3095703125,9740.302734375
2017-03-16,TAIEX,9837.830078125,9837.8232421875
2017-03-17,TAIEX,9908.6904296875,9908.68359375
2017-03-20,TAIEX,9912.9697265625,9912.962890625
2017-03-21,TAIEX,9972.490234375,9972.4833984375
2017-03-22,TAIEX,9922.66015625,9922.6533203125
2017-03-23,TAIEX,9930.740234375,9930.7333984375
2017-03-24,TAIEX,9902.98046875,9902.9736328125
2017-03-27,TAIEX,9876.76953125,9876.7626953125
2017-03-28,TAIEX,9876.4501953125,9876.443359375
2017-03-29,TAIEX,9856.25,9856.2431640625
2017-03-30,TAIEX,9848.150390625,9848.1435546875
2017-03-31,TAIEX,9811.51953125,9811.5126953125
2017-04-05,TAIEX,9949.48046875,9949.4736328125
2017-04-06,TAIEX,9897.7998046875,9897.79296875
2017-04-07,TAIEX,9873.3701171875,9873.36328125
2017-04-10,TAIEX,9882.5400390625,9882.533203125
2017-04-11,TAIEX,9832.419921875,9832.4130859375
2017-04-12,TAIEX,9817.6796875,9817.6728515625
2017-04-13,TAIEX,9836.6796875,9836.6728515625
2017-04-14,TAIEX,9732.9296875,9732.9228515625
2017-04-17,TAIEX,9716.400390625,9716.3935546875
2017-04-18,TAIEX,9746.5595703125,9746.552734375
2017-04-19,TAIEX,9639.9404296875,9639.93359375
2017-04-20,TAIEX,9632.6904296875,9632.68359375
2017-04-21,TAIEX,9717.41015625,9717.4033203125
2017-04-24,TAIEX,9717.9501953125,9717.943359375
2017-04-25,TAIEX,9841.7099609375,9841.703125
2017-04-26,TAIEX,9856.4501953125,9856.443359375
2017-04-27,TAIEX,9860.6201171875,9860.61328125
2017-04-28,TAIEX,9872.0,9871.9931640625
2017-05-02,TAIEX,9941.26953125,9941.2626953125
2017-05-03,TAIEX,9955.330078125,9955.3232421875
2017-05-04,TAIEX,9967.6396484375,9967.6396484375
2017-05-05,TAIEX,9899.9404296875,9899.9404296875
2017-05-08,TAIEX,9937.25,9937.25
2017-05-09,TAIEX,9915.48046875,9915.48046875
2017-05-10,TAIEX,9968.3203125,9968.3203125
2017-05-11,TAIEX,10001.48046875,10001.48046875
2017-05-12,TAIEX,9986.8203125,9986.8203125
2017-05-15,TAIEX,10036.8203125,10036.8203125
2017-05-16,TAIEX,10031.490234375,10031.490234375
2017-05-17,TAIEX,10013.669921875,10013.669921875
2017-05-18,TAIEX,9969.4501953125,9969.4501953125
2017-05-19,TAIEX,9947.6201171875,9947.6201171875
2017-05-22,TAIEX,9997.259765625,9997.259765625
2017-05-23,TAIEX,10007.83984375,10007.83984375
2017-05-24,TAIEX,10044.419921875,10044.419921875
2017-05-25,TAIEX,10108.490234375,10108.490234375
2017-05-26,TAIEX,10101.9501953125,10101.9501953125
2017-05-31,TAIEX,10040.7197265625,10040.7197265625
2017-06-01,TAIEX,10087.419921875,10087.419921875
2017-06-02,TAIEX,10152.5302734375,10152.5302734375
2017-06-05,TAIEX,10226.83984375,10226.83984375
2017-06-06,TAIEX,10206.1796875,10206.1796875
2017-06-07,TAIEX,10209.990234375,10209.990234375
2017-06-08,TAIEX,10225.7802734375,10225.7802734375
2017-06-09,TAIEX,10199.650390625,10199.650390625
2017-06-12,TAIEX,10109.9599609375,10109.9599609375
2017-06-13,TAIEX,10128.150390625,10128.150390625
2017-06-14,TAIEX,10072.4599609375,10072.4599609375
2017-06-15,TAIEX,10088.349609375,10088.349609375
2017-06-16,TAIEX,10156.73046875,10156.73046875
2017-06-19,TAIEX,10250.599609375,10250.599609375
2017-06-20,TAIEX,10324.4599609375,10324.4599609375
2017-06-21,TAIEX,10349.7197265625,10349.7197265625
2017-06-22,TAIEX,10399.0595703125,10399.0595703125
2017-06-23,TAIEX,10377.7001953125,10377.7001953125
2017-06-26,TAIEX,10513.9599609375,10513.9599609375
2017-06-27,TAIEX,10512.0595703125,10512.0595703125
2017-06-28,TAIEX,10390.5498046875,10390.5498046875
2017-06-29,TAIEX,10421.650390625,10421.650390625
2017-06-30,TAIEX,10395.0703125,10395.0703125
2017-07-03,TAIEX,10412.7900390625,10412.7900390625
2017-07-04,TAIEX,10347.7802734375,10347.7802734375
2017-07-05,TAIEX,10404.7900390625,10404.7900390625
2017-07-06,TAIEX,10368.2001953125,10368.2001953125
2017-07-07,TAIEX,10297.25,10297.25
2017-07-10,TAIEX,10289.91015625,10289.91015625
2017-07-11,TAIEX,10415.5703125,10415.5703125
2017-07-12,TAIEX,10420.6796875,10420.6796875
2017-07-13,TAIEX,10460.150390625,10460.150390625
2017-07-14,TAIEX,10443.91015625,10443.91015625
2017-07-17,TAIEX,10457.5400390625,10457.5400390625
2017-07-18,TAIEX,10481.259765625,10481.259765625
2017-07-19,TAIEX,10506.099609375,10506.099609375
2017-07-20,TAIEX,10499.3603515625,10499.3603515625
2017-07-21,TAIEX,10436.7001953125,10436.7001953125
2017-07-24,TAIEX,10461.2802734375,10461.2802734375
2017-07-25,TAIEX,10463.150390625,10463.150390625
2017-07-26,TAIEX,10419.1103515625,10419.1103515625
2017-07-27,TAIEX,10508.3701171875,10508.3701171875
2017-07-28,TAIEX,10423.0498046875,10423.0498046875
2017-07-31,TAIEX,10427.330078125,10427.330078125
2017-08-01,TAIEX,10437.2900390625,10437.2900390625
2017-08-02,TAIEX,10519.26953125,10519.26953125
2017-08-03,TAIEX,10469.8798828125,10469.8798828125
2017-08-04,TAIEX,10506.5595703125,10506.5595703125
2017-08-07,TAIEX,10579.3798828125,10579.3798828125
2017-08-08,TAIEX,10568.9697265625,10568.9697265625
2017-08-09,TAIEX,10470.3798828125,10470.3798828125
2017-08-10,TAIEX,10329.740234375,10329.740234375
2017-08-11,TAIEX,10329.5703125,10329.5703125
2017-08-14,TAIEX,10225.2802734375,10225.2802734375
2017-08-15,TAIEX,10311.16015625,10311.16015625
2017-08-16,TAIEX,10290.3896484375,10290.3896484375
2017-08-17,TAIEX,10369.3701171875,10369.3701171875
2017-08-18,TAIEX,10321.330078125,10321.330078125
2017-08-21,TAIEX,10326.3896484375,10326.3896484375
2017-08-22,TAIEX,10392.0703125,10392.0703125
2017-08-23,TAIEX,10406.8095703125,10406.8095703125
2017-08-24,TAIEX,10488.9599609375,10488.9599609375
2017-08-25,TAIEX,10515.509765625,10515.509765625
2017-08-28,TAIEX,10525.98046875,10525.98046875
2017-08-29,TAIEX,10496.5703125,10496.5703125
2017-08-30,TAIEX,10569.400390625,10569.400390625
2017-08-31,TAIEX,10585.7802734375,10585.7802734375
2017-09-01,TAIEX,10594.8203125,10594.8203125
2017-09-04,TAIEX,10569.8701171875,10569.8701171875
2017-09-05,TAIEX,10617.83984375,10617.83984375
2017-09-06,TAIEX,10547.8603515625,10547.8603515625
2017-09-07,TAIEX,10538.509765625,10538.509765625
2017-09-08,TAIEX,10609.9501953125,10609.9501953125
2017-09-11,TAIEX,10572.16015625,10572.16015625
2017-09-12,TAIEX,10610.349609375,10610.349609375
2017-09-13,TAIEX,10532.8798828125,10532.8798828125
2017-09-14,TAIEX,10553.5703125,10553.5703125
2017-09-15,TAIEX,10580.41015625,10580.41015625
2017-09-18,TAIEX,10631.5703125,10631.5703125
2017-09-19,TAIEX,10576.1396484375,10576.1396484375
2017-09-20,TAIEX,10519.169921875,10519.169921875
2017-09-21,TAIEX,10578.4404296875,10578.4404296875
2017-09-22,TAIEX,10449.6796875,10449.6796875
2017-09-25,TAIEX,10335.8896484375,10335.8896484375
2017-09-26,TAIEX,10257.01953125,10257.01953125
2017-09-27,TAIEX,10326.6796875,10326.6796875
2017-09-28,TAIEX,10296.4501953125,10296.4501953125
2017-09-29,TAIEX,10329.9404296875,10329.9404296875
2017-10-02,TAIEX,10465.16015625,10465.16015625
2017-10-03,TAIEX,10469.349609375,10469.349609375
2017-10-05,TAIEX,10518.26953125,10518.26953125
2017-10-06,TAIEX,10532.8095703125,10532.8095703125
2017-10-11,TAIEX,10641.1904296875,10641.1904296875
2017-10-12,TAIEX,10711.4404296875,10711.4404296875
2017-10-13,TAIEX,10724.08984375,10724.08984375
2017-10-16,TAIEX,10774.2099609375,10774.2099609375
2017-10-17,TAIEX,10723.150390625,10723.150390625
2017-10-18,TAIEX,10720.2802734375,10720.2802734375
2017-10-19,TAIEX,10760.2900390625,10760.2900390625
2017-10-20,TAIEX,10728.8798828125,10728.8798828125
2017-10-23,TAIEX,10735.2099609375,10735.2099609375
2017-10-24,TAIEX,10743.7802734375,10743.7802734375
2017-10-25,TAIEX,10750.5703125,10750.5703125
2017-10-26,TAIEX,10734.759765625,10734.759765625
2017-10-27,TAIEX,10709.1103515625,10709.1103515625
2017-10-30,TAIEX,10756.8701171875,10756.8701171875
2017-10-31,TAIEX,10793.7998046875,10793.7998046875
2017-11-01,TAIEX,10806.3603515625,10806.3603515625
2017-11-02,TAIEX,10788.509765625,10788.509765625
2017-11-03,TAIEX,10800.76953125,10800.76953125
2017-11-06,TAIEX,10786.1904296875,10786.1904296875
2017-11-07,TAIEX,10840.33984375,10840.33984375
2017-11-08,TAIEX,10818.990234375,10818.990234375
2017-11-09,TAIEX,10743.26953125,10743.26953125
2017-11-10,TAIEX,10732.669921875,10732.669921875
2017-11-13,TAIEX,10683.919921875,10683.919921875
2017-11-14,TAIEX,10687.1796875,10687.1796875
2017-11-15,TAIEX,10630.650390625,10630.650390625
2017-11-16,TAIEX,10625.0400390625,10625.0400390625
2017-11-17,TAIEX,10701.6396484375,10701.6396484375
2017-11-20,TAIEX,10664.5498046875,10664.5498046875
2017-11-21,TAIEX,10779.240234375,10779.240234375
2017-11-22,TAIEX,10822.58984375,10822.58984375
2017-11-23,TAIEX,10854.5703125,10854.5703125
2017-11-24,TAIEX,10854.08984375,10854.08984375
2017-11-27,TAIEX,10750.9296875,10750.9296875
2017-11-28,TAIEX,10707.0703125,10707.0703125
2017-11-29,TAIEX,10713.5498046875,10713.5498046875
2017-11-30,TAIEX,10560.4404296875,10560.4404296875
2017-12-01,TAIEX,10600.3701171875,10600.3701171875
2017-12-04,TAIEX,10651.1103515625,10651.1103515625
2017-12-05,TAIEX,10566.849609375,10566.849609375
2017-12-06,TAIEX,10393.919921875,10393.919921875
2017-12-07,TAIEX,10355.759765625,10355.759765625
2017-12-08,TAIEX,10398.6201171875,10398.6201171875
2017-12-11,TAIEX,10473.08984375,10473.08984375
2017-12-12,TAIEX,10443.2802734375,10443.2802734375
2017-12-13,TAIEX,10470.7001953125,10470.7001953125
2017-12-14,TAIEX,10538.009765625,10538.009765625
2017-12-15,TAIEX,10491.4404296875,10491.4404296875
2017-12-18,TAIEX,10506.51953125,10506.51953125
2017-12-19,TAIEX,10467.33984375,10467.33984375
2017-12-20,TAIEX,10504.51953125,10504.51953125
2017-12-21,TAIEX,10488.9697265625,10488.9697265625
2017-12-22,TAIEX,10537.26953125,10537.26953125
2017-12-25,TAIEX,10522.490234375,10522.490234375
2017-12-26,TAIEX,10421.91015625,10421.91015625
2017-12-27,TAIEX,10486.669921875,10486.669921875
2017-12-28,TAIEX,10567.6396484375,10567.6396484375
2017-12-29,TAIEX,10642.8603515625,10642.8603515625
2018-01-02,TAIEX,10710.73046875,10710.73046875
2018-01-03,TAIEX,10801.5703125,10801.5703125
2018-01-04,TAIEX,10848.6298828125,10848.6298828125
2018-01-05,TAIEX,10879.7998046875,10879.7998046875
2018-01-08,TAIEX,10915.75,10915.75
2018-01-09,TAIEX,10914.8896484375,10914.8896484375
2018-01-10,TAIEX,10831.08984375,10831.08984375
2018-01-11,TAIEX,10810.0595703125,10810.0595703125
2018-01-12,TAIEX,10883.9599609375,10883.9599609375
2018-01-15,TAIEX,10956.3095703125,10956.3095703125
2018-01-16,TAIEX,10986.1103515625,10986.1103515625
2018-01-17,TAIEX,11004.7998046875,11004.7998046875
2018-01-18,TAIEX,11071.5703125,11071.5703125
2018-01-19,TAIEX,11150.849609375,11150.849609375
2018-01-22,TAIEX,11231.4599609375,11231.4599609375
2018-01-23,TAIEX,11253.1103515625,11253.1103515625
2018-01-24,TAIEX,11152.16015625,11152.16015625
2018-01-25,TAIEX,11165.9501953125,11165.9501953125
2018-01-26,TAIEX,11147.099609375,11147.099609375
2018-01-29,TAIEX,11221.8095703125,11221.8095703125
2018-01-30,TAIEX,11076.7802734375,11076.7802734375
2018-01-31,TAIEX,11103.7900390625,11103.7900390625
2018-02-01,TAIEX,11160.25,11160.25
2018-02-02,TAIEX,11126.23046875,11126.23046875
2018-02-05,TAIEX,10946.25,10946.25
2018-02-06,TAIEX,10404.0,10404.0
2018-02-07,TAIEX,10551.5400390625,10551.5400390625
2018-02-08,TAIEX,10528.51953125,10528.51953125
2018-02-09,TAIEX,10371.75,10371.75
2018-02-12,TAIEX,10421.08984375,10421.08984375
2018-02-21,TAIEX,10714.4404296875,10714.4404296875
2018-02-22,TAIEX,10662.3798828125,10662.3798828125
2018-02-23,TAIEX,10794.5498046875,10794.5498046875
2018-02-26,TAIEX,10836.7001953125,10836.7001953125
2018-02-27,TAIEX,10815.4697265625,10815.4697265625
2018-03-01,TAIEX,10785.7900390625,10785.7900390625
2018-03-02,TAIEX,10698.169921875,10698.169921875
2018-03-05,TAIEX,10642.900390625,10642.900390625
2018-03-06,TAIEX,10784.33984375,10784.33984375
2018-03-07,TAIEX,10745.3203125,10745.3203125
2018-03-08,TAIEX,10823.240234375,10823.240234375
2018-03-09,TAIEX,10864.8203125,10864.8203125
2018-03-12,TAIEX,11002.099609375,11002.099609375
2018-03-13,TAIEX,11095.6298828125,11095.6298828125
2018-03-14,TAIEX,11038.7998046875,11038.7998046875
2018-03-15,TAIEX,11018.4501953125,11018.4501953125
2018-03-16,TAIEX,11027.7001953125,11027.7001953125
2018-03-19,TAIEX,11046.900390625,11046.900390625
2018-03-20,TAIEX,11010.83984375,11010.83984375
2018-03-21,TAIEX,11011.0703125,11011.0703125
2018-03-22,TAIEX,11005.83984375,11005.83984375
2018-03-23,TAIEX,10823.330078125,10823.330078125
2018-03-26,TAIEX,10840.0498046875,10840.0498046875
2018-03-27,TAIEX,10986.7900390625,10986.7900390625
2018-03-28,TAIEX,10865.66015625,10865.66015625
2018-03-29,TAIEX,10845.919921875,10845.919921875
2018-03-30,TAIEX,10906.2197265625,10906.2197265625
2018-04-02,TAIEX,10888.26953125,10888.26953125
2018-04-03,TAIEX,10821.5302734375,10821.5302734375
2018-04-09,TAIEX,10893.5302734375,10893.5302734375
2018-04-10,TAIEX,10927.1796875,10927.1796875
2018-04-11,TAIEX,10974.01953125,10974.01953125
2018-04-12,TAIEX,10955.2900390625,10955.2900390625
2018-04-13,TAIEX,10965.3896484375,10965.3896484375
2018-04-16,TAIEX,10954.5498046875,10954.5498046875
2018-04-17,TAIEX,10810.4501953125,10810.4501953125
2018-04-18,TAIEX,10847.8896484375,10847.8896484375
2018-04-19,TAIEX,10971.2197265625,10971.2197265625
2018-04-20,TAIEX,10779.3798828125,10779.3798828125
2018-04-23,TAIEX,10697.1298828125,10697.1298828125
2018-04-24,TAIEX,10579.5,10579.5
2018-04-25,TAIEX,10559.9697265625,10559.9697265625
2018-04-26,TAIEX,10488.580078125,10488.580078125
2018-04-27,TAIEX,10553.4296875,10553.4296875
2018-04-30,TAIEX,10657.8798828125,10657.8798828125
2018-05-02,TAIEX,10618.8095703125,10618.8095703125
2018-05-03,TAIEX,10514.1796875,10514.1796875
2018-05-04,TAIEX,10529.3701171875,10529.3701171875
2018-05-07,TAIEX,10604.91015625,10604.91015625
2018-05-08,TAIEX,10691.3798828125,10691.3798828125
2018-05-09,TAIEX,10703.349609375,10703.349609375
2018-05-10,TAIEX,10760.2099609375,10760.2099609375
2018-05-11,TAIEX,10858.98046875,10858.98046875
2018-05-14,TAIEX,10952.3896484375,10952.3896484375
2018-05-15,TAIEX,10874.73046875,10874.73046875
2018-05-16,TAIEX,10897.5703125,10897.5703125
2018-05-17,TAIEX,10833.8095703125,10833.8095703125
2018-05-18,TAIEX,10830.83984375,10830.83984375
2018-05-21,TAIEX,10966.2001953125,10966.2001953125
2018-05-22,TAIEX,10938.73046875,10938.73046875
2018-05-23,TAIEX,10886.1796875,10886.1796875
2018-05-24,TAIEX,10936.9296875,10936.9296875
2018-05-25,TAIEX,10942.2998046875,10942.2998046875
2018-05-28,TAIEX,10987.76953125,10987.76953125
2018-05-29,TAIEX,10964.1201171875,10964.1201171875
2018-05-30,TAIEX,10821.169921875,10821.169921875
2018-05-31,TAIEX,10874.9599609375,10874.9599609375
2018-06-01,TAIEX,10949.080078125,10949.080078125
2018-06-04,TAIEX,11109.5,11109.5
2018-06-05,TAIEX,11100.1103515625,11100.1103515625
2018-06-06,TAIEX,11201.830078125,11201.830078125
2018-06-07,TAIEX,11251.75,11251.75
2018-06-08,TAIEX,11156.419921875,11156.419921875
2018-06-11,TAIEX,11149.23046875,11149.23046875
2018-06-12,TAIEX,11144.7900390625,11144.7900390625
2018-06-13,TAIEX,11173.2099609375,11173.2099609375
2018-06-14,TAIEX,11013.98046875,11013.98046875
2018-06-15,TAIEX,11087.4697265625,11087.4697265625
2018-06-19,TAIEX,10904.1904296875,10904.1904296875
2018-06-20,TAIEX,10927.4404296875,10927.4404296875
2018-06-21,TAIEX,10941.0703125,10941.0703125
2018-06-22,TAIEX,10899.2802734375,10899.2802734375
2018-06-25,TAIEX,10786.4599609375,10786.4599609375
2018-06-26,TAIEX,10742.169921875,10742.169921875
2018-06-27,TAIEX,10701.0302734375,10701.0302734375
2018-06-28,TAIEX,10654.2802734375,10654.2802734375
2018-06-29,TAIEX,10836.91015625,10836.91015625
2018-07-02,TAIEX,10777.9404296875,10777.9404296875
2018-07-03,TAIEX,10715.7197265625,10715.7197265625
2018-07-04,TAIEX,10721.8701171875,10721.8701171875
2018-07-05,TAIEX,10611.8095703125,10611.8095703125
2018-07-06,TAIEX,10608.5703125,10608.5703125
2018-07-09,TAIEX,10720.2802734375,10720.2802734375
2018-07-10,TAIEX,10756.8896484375,10756.8896484375
2018-07-11,TAIEX,10676.83984375,10676.83984375
2018-07-12,TAIEX,10738.3798828125,10738.3798828125
2018-07-13,TAIEX,10864.5400390625,10864.5400390625
2018-07-16,TAIEX,10817.4501953125,10817.4501953125
2018-07-17,TAIEX,10778.990234375,10778.990234375
2018-07-18,TAIEX,10842.4599609375,10842.4599609375
2018-07-19,TAIEX,10835.3798828125,10835.3798828125
2018-07-20,TAIEX,10932.1103515625,10932.1103515625
2018-07-23,TAIEX,10946.8896484375,10946.8896484375
2018-07-24,TAIEX,10995.3896484375,10995.3896484375
2018-07-25,TAIEX,10965.7900390625,10965.7900390625
2018-07-26,TAIEX,11010.6103515625,11010.6103515625
2018-07-27,TAIEX,11075.7802734375,11075.7802734375
2018-07-30,TAIEX,11033.5400390625,11033.5400390625
2018-07-31,TAIEX,11057.509765625,11057.509765625
2018-08-01,TAIEX,11098.1298828125,11098.1298828125
2018-08-02,TAIEX,10929.76953125,10929.76953125
2018-08-03,TAIEX,11012.4296875,11012.4296875
2018-08-06,TAIEX,11024.099609375,11024.099609375
2018-08-07,TAIEX,10983.4404296875,10983.4404296875
2018-08-08,TAIEX,11075.25,11075.25
2018-08-09,TAIEX,11028.0703125,11028.0703125
2018-08-10,TAIEX,10983.6796875,10983.6796875
2018-08-13,TAIEX,10748.919921875,10748.919921875
2018-08-14,TAIEX,10824.23046875,10824.23046875
2018-08-15,TAIEX,10716.75,10716.75
2018-08-16,TAIEX,10683.900390625,10683.900390625
2018-08-17,TAIEX,10690.9599609375,10690.9599609375
2018-08-20,TAIEX,10699.0498046875,10699.0498046875
2018-08-21,TAIEX,10792.2001953125,10792.2001953125
2018-08-22,TAIEX,10804.2001953125,10804.2001953125
2018-08-23,TAIEX,10863.1298828125,10863.1298828125
2018-08-24,TAIEX,10809.349609375,10809.349609375
2018-08-27,TAIEX,10902.2099609375,10902.2099609375
2018-08-28,TAIEX,10989.5498046875,10989.5498046875
2018-08-29,TAIEX,11099.5703125,11099.5703125
2018-08-30,TAIEX,11093.75,11093.75
2018-08-31,TAIEX,11063.9404296875,11063.9404296875
2018-09-03,TAIEX,10964.2197265625,10964.2197265625
2018-09-04,TAIEX,11021.3798828125,11021.3798828125
2018-09-05,TAIEX,10995.1298828125,10995.1298828125
2018-09-06,TAIEX,10924.2998046875,10924.2998046875
2018-09-07,TAIEX,10846.990234375,10846.990234375
2018-09-10,TAIEX,10725.7998046875,10725.7998046875
2018-09-11,TAIEX,10752.2998046875,10752.2998046875
2018-09-12,TAIEX,10722.5703125,10722.5703125
2018-09-13,TAIEX,10727.23046875,10727.23046875
2018-09-14,TAIEX,10868.1396484375,10868.1396484375
2018-09-17,TAIEX,10828.6103515625,10828.6103515625
2018-09-18,TAIEX,10760.2099609375,10760.2099609375
2018-09-19,TAIEX,10857.26953125,10857.26953125
2018-09-20,TAIEX,10831.41015625,10831.41015625
2018-09-21,TAIEX,10972.41015625,10972.41015625
2018-09-25,TAIEX,10978.849609375,10978.849609375
2018-09-26,TAIEX,10974.1904296875,10974.1904296875
2018-09-27,TAIEX,11034.1904296875,11034.1904296875
2018-09-28,TAIEX,11006.33984375,11006.33984375
2018-10-01,TAIEX,11051.7998046875,11051.7998046875
2018-10-02,TAIEX,10919.6298828125,10919.6298828125
2018-10-03,TAIEX,10863.9404296875,10863.9404296875
2018-10-04,TAIEX,10718.91015625,10718.91015625
2018-10-05,TAIEX,10517.1201171875,10517.1201171875
2018-10-08,TAIEX,10455.9296875,10455.9296875
2018-10-09,TAIEX,10466.830078125,10466.830078125
2018-10-11,TAIEX,9806.1103515625,9806.1103515625
2018-10-12,TAIEX,10045.8095703125,10045.8095703125
2018-10-15,TAIEX,9901.1201171875,9901.1201171875
2018-10-16,TAIEX,9981.099609375,9981.099609375
2018-10-17,TAIEX,9979.1396484375,9979.1396484375
2018-10-18,TAIEX,9953.73046875,9953.73046875
2018-10-19,TAIEX,9919.259765625,9919.259765625
2018-10-22,TAIEX,9974.2802734375,9974.2802734375
2018-10-23,TAIEX,9775.2001953125,9775.2001953125
2018-10-24,TAIEX,9759.400390625,9759.400390625
2018-10-25,TAIEX,9520.7900390625,9520.7900390625
2018-10-26,TAIEX,9489.1796875,9489.1796875
2018-10-29,TAIEX,9516.3203125,9516.3203125
2018-10-30,TAIEX,9526.1103515625,9526.1103515625
2018-10-31,TAIEX,9802.1298828125,9802.1298828125
2018-11-01,TAIEX,9844.740234375,9844.740234375
2018-11-02,TAIEX,9906.58984375,9906.58984375
2018-11-05,TAIEX,9889.8095703125,9889.8095703125
2018-11-06,TAIEX,9824.9501953125,9824.9501953125
2018-11-07,TAIEX,9908.349609375,9908.349609375
2018-11-08,TAIEX,9945.3095703125,9945.3095703125
2018-11-09,TAIEX,9830.009765625,9830.009765625
2018-11-12,TAIEX,9831.2099609375,9831.2099609375
2018-11-13,TAIEX,9775.83984375,9775.83984375
2018-11-14,TAIEX,9791.8798828125,9791.8798828125
2018-11-15,TAIEX,9826.4599609375,9826.4599609375
2018-11-16,TAIEX,9797.08984375,9797.08984375
2018-11-19,TAIEX,9828.6904296875,9828.6904296875
2018-11-20,TAIEX,9743.990234375,9743.990234375
2018-11-21,TAIEX,9741.51953125,9741.51953125
2018-11-22,TAIEX,9714.7099609375,9714.7099609375
2018-11-23,TAIEX,9667.2998046875,9667.2998046875
2018-11-26,TAIEX,9765.3603515625,9765.3603515625
2018-11-27,TAIEX,9778.6201171875,9778.6201171875
2018-11-28,TAIEX,9884.3095703125,9884.3095703125
2018-11-29,TAIEX,9885.3603515625,9885.3603515625
2018-11-30,TAIEX,9888.0302734375,9888.0302734375
2018-12-03,TAIEX,10137.8701171875,10137.8701171875
2018-12-04,TAIEX,10083.5400390625,10083.5400390625
2018-12-05,TAIEX,9916.740234375,9916.740234375
2018-12-06,TAIEX,9684.7197265625,9684.7197265625
2018-12-07,TAIEX,9760.8798828125,9760.8798828125
2018-12-10,TAIEX,9647.5400390625,9647.5400390625
2018-12-11,TAIEX,9707.0400390625,9707.0400390625
2018-12-12,TAIEX,9816.4501953125,9816.4501953125
2018-12-13,TAIEX,9858.759765625,9858.759765625
2018-12-14,TAIEX,9774.16015625,9774.16015625
2018-12-17,TAIEX,9787.5302734375,9787.5302734375
2018-12-18,TAIEX,9718.8203125,9718.8203125
2018-12-19,TAIEX,9783.2099609375,9783.2099609375
2018-12-20,TAIEX,9674.51953125,9674.51953125
2018-12-21,TAIEX,9676.669921875,9676.669921875
2018-12-24,TAIEX,9639.7001953125,9639.7001953125
2018-12-25,TAIEX,9527.08984375,9527.08984375
2018-12-26,TAIEX,9478.990234375,9478.990234375
2018-12-27,TAIEX,9641.5595703125,9641.5595703125
2018-12-28,TAIEX,9727.41015625,9727.41015625
2019-01-02,TAIEX,9554.1396484375,9554.1396484375
2019-01-03,TAIEX,9492.419921875,9492.419921875
2019-01-04,TAIEX,9382.509765625,9382.509765625
2019-01-07,TAIEX,9590.2998046875,9590.2998046875
2019-01-08,TAIEX,9563.599609375,9563.599609375
2019-01-09,TAIEX,9738.3095703125,9738.3095703125
2019-01-10,TAIEX,9720.6904296875,9720.6904296875
2019-01-11,TAIEX,9759.400390625,9759.400390625
2019-01-14,TAIEX,9708.2197265625,9708.2197265625
2019-01-15,TAIEX,9806.0400390625,9806.0400390625
2019-01-16,TAIEX,9763.8095703125,9763.8095703125
2019-01-17,TAIEX,9789.150390625,9789.150390625
2019-01-18,TAIEX,9836.0595703125,9836.0595703125
2019-01-21,TAIEX,9889.400390625,9889.400390625
2019-01-22,TAIEX,9894.66015625,9894.66015625
2019-01-23,TAIEX,9846.400390625,9846.400390625
2019-01-24,TAIEX,9877.1201171875,9877.1201171875
2019-01-25,TAIEX,9969.6103515625,9969.6103515625
2019-01-28,TAIEX,10013.330078125,10013.330078125
2019-01-29,TAIEX,9931.58984375,9931.58984375
2019-01-30,TAIEX,9932.259765625,9932.259765625
2019-02-11,TAIEX,10004.25,10004.25
2019-02-12,TAIEX,10097.740234375,10097.740234375
2019-02-13,TAIEX,10090.580078125,10090.580078125
2019-02-14,TAIEX,10089.009765625,10089.009765625
2019-02-15,TAIEX,10064.7802734375,10064.7802734375
2019-02-18,TAIEX,10145.2802734375,10145.2802734375
2019-02-19,TAIEX,10152.259765625,10152.259765625
2019-02-20,TAIEX,10272.4599609375,10272.4599609375
2019-02-21,TAIEX,10319.5302734375,10319.5302734375
2019-02-22,TAIEX,10322.919921875,10322.919921875
2019-02-25,TAIEX,10390.9296875,10390.9296875
2019-02-26,TAIEX,10391.5498046875,10391.5498046875
2019-02-27,TAIEX,10389.169921875,10389.169921875
2019-03-04,TAIEX,10349.8798828125,10349.8798828125
2019-03-05,TAIEX,10305.259765625,10305.259765625
2019-03-06,TAIEX,10357.150390625,10357.150390625
2019-03-07,TAIEX,10311.6796875,10311.6796875
2019-03-08,TAIEX,10241.75,10241.75
2019-03-11,TAIEX,10250.2802734375,10250.2802734375
2019-03-12,TAIEX,10343.330078125,10343.330078125
2019-03-13,TAIEX,10373.3203125,10373.3203125
2019-03-14,TAIEX,10348.650390625,10348.650390625
2019-03-15,TAIEX,10439.240234375,10439.240234375
2019-03-18,TAIEX,10512.7001953125,10512.7001953125
2019-03-19,TAIEX,10512.3203125,10512.3203125
2019-03-20,TAIEX,10551.5595703125,10551.5595703125
2019-03-21,TAIEX,10609.5498046875,10609.5498046875
2019-03-22,TAIEX,10639.0703125,10639.0703125
2019-03-25,TAIEX,10479.48046875,10479.48046875
2019-03-26,TAIEX,10559.2001953125,10559.2001953125
2019-03-27,TAIEX,10542.7001953125,10542.7001953125
2019-03-28,TAIEX,10536.259765625,10536.259765625
2019-03-29,TAIEX,10641.0400390625,10641.0400390625
2019-04-01,TAIEX,10642.6298828125,10642.6298828125
2019-04-02,TAIEX,10690.2998046875,10690.2998046875
2019-04-03,TAIEX,10704.3798828125,10704.3798828125
2019-04-08,TAIEX,10800.5703125,10800.5703125
2019-04-09,TAIEX,10851.599609375,10851.599609375
2019-04-10,TAIEX,10868.1396484375,10868.1396484375
2019-04-11,TAIEX,10808.76953125,10808.76953125
2019-04-12,TAIEX,10805.2998046875,10805.2998046875
2019-04-15,TAIEX,10875.599609375,10875.599609375
2019-04-16,TAIEX,10927.849609375,10927.849609375
2019-04-17,TAIEX,10997.259765625,10997.259765625
2019-04-18,TAIEX,10962.01953125,10962.01953125
2019-04-19,TAIEX,10968.5,10968.5
2019-04-22,TAIEX,10987.7099609375,10987.7099609375
2019-04-23,TAIEX,11025.6796875,11025.6796875
2019-04-24,TAIEX,11027.6396484375,11027.6396484375
2019-04-25,TAIEX,11039.8603515625,11039.8603515625
2019-04-26,TAIEX,10952.4697265625,10952.4697265625
2019-04-29,TAIEX,10939.0595703125,10939.0595703125
2019-04-30,TAIEX,10967.73046875,10967.73046875
2019-05-02,TAIEX,11004.490234375,11004.490234375
2019-05-03,TAIEX,11096.2998046875,11096.2998046875
2019-05-06,TAIEX,10897.1201171875,10897.1201171875
2019-05-07,TAIEX,10987.1396484375,10987.1396484375
2019-05-08,TAIEX,10923.7099609375,10923.7099609375
2019-05-09,TAIEX,10733.669921875,10733.669921875
2019-05-10,TAIEX,10712.990234375,10712.990234375
2019-05-13,TAIEX,10558.2900390625,10558.2900390625
2019-05-14,TAIEX,10519.25,10519.25
2019-05-15,TAIEX,10560.7099609375,10560.7099609375
2019-05-16,TAIEX,10474.6103515625,10474.6103515625
2019-05-17,TAIEX,10384.1103515625,10384.1103515625
2019-05-20,TAIEX,10398.41015625,10398.41015625
2019-05-21,TAIEX,10464.5,10464.5
2019-05-22,TAIEX,10457.2197265625,10457.2197265625
2019-05-23,TAIEX,10308.3701171875,10308.3701171875
2019-05-24,TAIEX,10328.2802734375,10328.2802734375
2019-05-27,TAIEX,10334.1298828125,10334.1298828125
2019-05-28,TAIEX,10312.3095703125,10312.3095703125
2019-05-29,TAIEX,10301.7802734375,10301.7802734375
2019-05-30,TAIEX,10382.990234375,10382.990234375
2019-05-31,TAIEX,10498.490234375,10498.490234375
2019-06-03,TAIEX,10500.0703125,10500.0703125
2019-06-04,TAIEX,10429.1201171875,10429.1201171875
2019-06-05,TAIEX,10461.6201171875,10461.6201171875
2019-06-06,TAIEX,10409.2001953125,10409.2001953125
2019-06-10,TAIEX,10566.4697265625,10566.4697265625
2019-06-11,TAIEX,10607.759765625,10607.759765625
2019-06-12,TAIEX,10615.66015625,10615.66015625
2019-06-13,TAIEX,10561.009765625,10561.009765625
2019-06-14,TAIEX,10524.669921875,10524.669921875
2019-06-17,TAIEX,10530.5400390625,10530.5400390625
2019-06-18,TAIEX,10566.740234375,10566.740234375
2019-06-19,TAIEX,10775.33984375,10775.33984375
2019-06-20,TAIEX,10785.009765625,10785.009765625
2019-06-21,TAIEX,10803.76953125,10803.76953125
2019-06-24,TAIEX,10779.4501953125,10779.4501953125
2019-06-25,TAIEX,10706.7197265625,10706.7197265625
2019-06-26,TAIEX,10652.5498046875,10652.5498046875
2019-06-27,TAIEX,10773.900390625,10773.900390625
2019-06-28,TAIEX,10730.830078125,10730.830078125
2019-07-01,TAIEX,10895.4599609375,10895.4599609375
2019-07-02,TAIEX,10865.1201171875,10865.1201171875
2019-07-03,TAIEX,10743.76953125,10743.76953125
2019-07-04,TAIEX,10775.900390625,10775.900390625
2019-07-05,TAIEX,10785.73046875,10785.73046875
2019-07-08,TAIEX,10751.2197265625,10751.2197265625
2019-07-09,TAIEX,10702.7802734375,10702.7802734375
2019-07-10,TAIEX,10798.48046875,10798.48046875
2019-07-11,TAIEX,10843.419921875,10843.419921875
2019-07-12,TAIEX,10824.349609375,10824.349609375
2019-07-15,TAIEX,10876.4296875,10876.4296875
2019-07-16,TAIEX,10886.0498046875,10886.0498046875
2019-07-17,TAIEX,10828.48046875,10828.48046875
2019-07-18,TAIEX,10799.2802734375,10799.2802734375
2019-07-19,TAIEX,10873.1904296875,10873.1904296875
2019-07-22,TAIEX,10944.5302734375,10944.5302734375
2019-07-23,TAIEX,10947.259765625,10947.259765625
2019-07-24,TAIEX,10935.759765625,10935.759765625
2019-07-25,TAIEX,10941.41015625,10941.41015625
2019-07-26,TAIEX,10891.98046875,10891.98046875
2019-07-29,TAIEX,10885.73046875,10885.73046875
2019-07-30,TAIEX,10830.900390625,10830.900390625
2019-07-31,TAIEX,10823.8095703125,10823.8095703125
2019-08-01,TAIEX,10731.75,10731.75
2019-08-02,TAIEX,10549.0400390625,10549.0400390625
2019-08-05,TAIEX,10423.41015625,10423.41015625
2019-08-06,TAIEX,10394.75,10394.75
2019-08-07,TAIEX,10386.1796875,10386.1796875
2019-08-08,TAIEX,10494.490234375,10494.490234375
2019-08-12,TAIEX,10472.3603515625,10472.3603515625
2019-08-13,TAIEX,10362.66015625,10362.66015625
2019-08-14,TAIEX,10427.73046875,10427.73046875
2019-08-15,TAIEX,10327.1298828125,10327.1298828125
2019-08-16,TAIEX,10420.8896484375,10420.8896484375
2019-08-19,TAIEX,10488.75,10488.75
2019-08-20,TAIEX,10522.5,10522.5
2019-08-21,TAIEX,10525.7998046875,10525.7998046875
2019-08-22,TAIEX,10529.7802734375,10529.7802734375
2019-08-23,TAIEX,10538.1103515625,10538.1103515625
2019-08-26,TAIEX,10354.5703125,10354.5703125
2019-08-27,TAIEX,10387.23046875,10387.23046875
2019-08-28,TAIEX,10434.2900390625,10434.2900390625
2019-08-29,TAIEX,10462.4296875,10462.4296875
2019-08-30,TAIEX,10618.0498046875,10618.0498046875
2019-09-02,TAIEX,10634.849609375,10634.849609375
2019-09-03,TAIEX,10558.2099609375,10558.2099609375
2019-09-04,TAIEX,10657.3095703125,10657.3095703125
2019-09-05,TAIEX,10756.9296875,10756.9296875
2019-09-06,TAIEX,10780.6396484375,10780.6396484375
2019-09-10,TAIEX,10753.580078125,10753.580078125
2019-09-11,TAIEX,10790.349609375,10790.349609375
2019-09-12,TAIEX,10827.5498046875,10827.5498046875
2019-09-16,TAIEX,10898.1298828125,10898.1298828125
2019-09-17,TAIEX,10874.5,10874.5
2019-09-18,TAIEX,10929.4501953125,10929.4501953125
2019-09-19,TAIEX,10894.7001953125,10894.7001953125
2019-09-20,TAIEX,10929.6904296875,10929.6904296875
2019-09-23,TAIEX,10919.01953125,10919.01953125
2019-09-24,TAIEX,10918.009765625,10918.009765625
2019-09-25,TAIEX,10873.6904296875,10873.6904296875
2019-09-26,TAIEX,10871.990234375,10871.990234375
2019-09-27,TAIEX,10829.6796875,10829.6796875
2019-10-01,TAIEX,10967.650390625,10967.650390625
2019-10-02,TAIEX,10947.8798828125,10947.8798828125
2019-10-03,TAIEX,10875.91015625,10875.91015625
2019-10-04,TAIEX,10894.48046875,10894.48046875
2019-10-07,TAIEX,10935.0595703125,10935.0595703125
2019-10-08,TAIEX,11017.3095703125,11017.3095703125
2019-10-09,TAIEX,10889.9599609375,10889.9599609375
2019-10-14,TAIEX,11066.9501953125,11066.9501953125
2019-10-15,TAIEX,11111.7998046875,11111.7998046875
2019-10-16,TAIEX,11162.830078125,11162.830078125
2019-10-17,TAIEX,11186.8798828125,11186.8798828125
2019-10-18,TAIEX,11180.2197265625,11180.2197265625
2019-10-21,TAIEX,11184.150390625,11184.150390625
2019-10-22,TAIEX,11271.25,11271.25
2019-10-23,TAIEX,11239.669921875,11239.669921875
2019-10-24,TAIEX,11320.1396484375,11320.1396484375
2019-10-25,TAIEX,11296.1201171875,11296.1201171875
2019-10-28,TAIEX,11315.01953125,11315.01953125
2019-10-29,TAIEX,11333.8701171875,11333.8701171875
2019-10-30,TAIEX,11380.2802734375,11380.2802734375
2019-10-31,TAIEX,11358.7099609375,11358.7099609375
2019-11-01,TAIEX,11399.5302734375,11399.5302734375
2019-11-04,TAIEX,11556.849609375,11556.849609375
2019-11-05,TAIEX,11644.0302734375,11644.0302734375
2019-11-06,TAIEX,11653.0703125,11653.0703125
2019-11-07,TAIEX,11606.5595703125,11606.5595703125
2019-11-08,TAIEX,11579.5400390625,11579.5400390625
2019-11-11,TAIEX,11427.2802734375,11427.2802734375
2019-11-12,TAIEX,11520.3701171875,11520.3701171875
2019-11-13,TAIEX,11467.830078125,11467.830078125
2019-11-14,TAIEX,11450.419921875,11450.419921875
2019-11-15,TAIEX,11525.599609375,11525.599609375
2019-11-18,TAIEX,11599.7802734375,11599.7802734375
2019-11-19,TAIEX,11656.400390625,11656.400390625
2019-11-20,TAIEX,11631.2001953125,11631.2001953125
2019-11-21,TAIEX,11558.26953125,11558.26953125
2019-11-22,TAIEX,11566.7998046875,11566.7998046875
2019-11-25,TAIEX,11561.580078125,11561.580078125
2019-11-26,TAIEX,11576.8203125,11576.8203125
2019-11-27,TAIEX,11647.4599609375,11647.4599609375
2019-11-28,TAIEX,11617.080078125,11617.080078125
2019-11-29,TAIEX,11489.5703125,11489.5703125
2019-12-02,TAIEX,11502.830078125,11502.830078125
2019-12-03,TAIEX,11531.580078125,11531.580078125
2019-12-04,TAIEX,11510.4697265625,11510.4697265625
2019-12-05,TAIEX,11594.650390625,11594.650390625
2019-12-06,TAIEX,11609.6396484375,11609.6396484375
2019-12-09,TAIEX,11660.76953125,11660.76953125
2019-12-10,TAIEX,11627.83984375,11627.83984375
2019-12-11,TAIEX,11700.76953125,11700.76953125
2019-12-12,TAIEX,11836.419921875,11836.419921875
2019-12-13,TAIEX,11927.73046875,11927.73046875
2019-12-16,TAIEX,11939.76953125,11939.76953125
2019-12-17,TAIEX,12097.009765625,12097.009765625
2019-12-18,TAIEX,12122.4501953125,12122.4501953125
2019-12-19,TAIEX,12018.900390625,12018.900390625
2019-12-20,TAIEX,11959.080078125,11959.080078125
2019-12-23,TAIEX,12022.23046875,12022.23046875
2019-12-24,TAIEX,11976.3798828125,11976.3798828125
2019-12-25,TAIEX,12008.1298828125,12008.1298828125
2019-12-26,TAIEX,12001.009765625,12001.009765625
2019-12-27,TAIEX,12091.58984375,12091.58984375
2019-12-30,TAIEX,12053.3701171875,12053.3701171875
2019-12-31,TAIEX,11997.1396484375,11997.1396484375
2020-01-02,TAIEX,12100.48046875,12100.48046875
2020-01-03,TAIEX,12110.4296875,12110.4296875
2020-01-06,TAIEX,11953.3603515625,11953.3603515625
2020-01-07,TAIEX,11880.3203125,11880.3203125
2020-01-08,TAIEX,11817.099609375,11817.099609375
2020-01-09,TAIEX,11970.6298828125,11970.6298828125
2020-01-10,TAIEX,12024.650390625,12024.650390625
2020-01-13,TAIEX,12113.419921875,12113.419921875
2020-01-14,TAIEX,12179.8095703125,12179.8095703125
2020-01-15,TAIEX,12091.8798828125,12091.8798828125
2020-01-16,TAIEX,12066.9296875,12066.9296875
2020-01-17,TAIEX,12090.2900390625,12090.2900390625
2020-01-20,TAIEX,12118.7099609375,12118.7099609375
2020-01-30,TAIEX,11421.740234375,11421.740234375
2020-01-31,TAIEX,11495.099609375,11495.099609375
2020-02-03,TAIEX,11354.919921875,11354.919921875
2020-02-04,TAIEX,11555.919921875,11555.919921875
2020-02-05,TAIEX,11573.6201171875,11573.6201171875
2020-02-06,TAIEX,11749.6796875,11749.6796875
2020-02-07,TAIEX,11612.8095703125,11612.8095703125
2020-02-10,TAIEX,11574.0703125,11574.0703125
2020-02-11,TAIEX,11664.0400390625,11664.0400390625
2020-02-12,TAIEX,11774.1904296875,11774.1904296875
2020-02-13,TAIEX,11791.7802734375,11791.7802734375
2020-02-14,TAIEX,11815.7001953125,11815.7001953125
2020-02-17,TAIEX,11763.509765625,11763.509765625
2020-02-18,TAIEX,11648.98046875,11648.98046875
2020-02-19,TAIEX,11758.83984375,11758.83984375
2020-02-20,TAIEX,11725.08984375,11725.08984375
2020-02-21,TAIEX,11686.349609375,11686.349609375
2020-02-24,TAIEX,11534.8701171875,11534.8701171875
2020-02-25,TAIEX,11540.23046875,11540.23046875
2020-02-26,TAIEX,11433.6201171875,11433.6201171875
2020-02-27,TAIEX,11292.169921875,11292.169921875
2020-03-02,TAIEX,11170.4599609375,11170.4599609375
2020-03-03,TAIEX,11327.7197265625,11327.7197265625
2020-03-04,TAIEX,11392.349609375,11392.349609375
2020-03-05,TAIEX,11514.8203125,11514.8203125
2020-03-06,TAIEX,11321.8095703125,11321.8095703125
2020-03-09,TAIEX,10977.6396484375,10977.6396484375
2020-03-10,TAIEX,11003.5400390625,11003.5400390625
2020-03-11,TAIEX,10893.75,10893.75
2020-03-12,TAIEX,10422.3203125,10422.3203125
2020-03-13,TAIEX,10128.8701171875,10128.8701171875
2020-03-16,TAIEX,9717.76953125,9717.76953125
2020-03-17,TAIEX,9439.6298828125,9439.6298828125
2020-03-18,TAIEX,9218.669921875,9218.669921875
2020-03-19,TAIEX,8681.33984375,8681.33984375
2020-03-20,TAIEX,9234.08984375,9234.08984375
2020-03-23,TAIEX,8890.0302734375,8890.0302734375
2020-03-24,TAIEX,9285.6201171875,9285.6201171875
2020-03-25,TAIEX,9644.75,9644.75
2020-03-26,TAIEX,9736.3603515625,9736.3603515625
2020-03-27,TAIEX,9698.919921875,9698.919921875
2020-03-30,TAIEX,9629.4296875,9629.4296875
2020-03-31,TAIEX,9708.0595703125,9708.0595703125
2020-04-01,TAIEX,9663.6298828125,9663.6298828125
2020-04-06,TAIEX,9818.740234375,9818.740234375
2020-04-07,TAIEX,9996.3896484375,9996.3896484375
2020-04-08,TAIEX,10137.4697265625,10137.4697265625
2020-04-09,TAIEX,10119.4296875,10119.4296875
2020-04-10,TAIEX,10157.6103515625,10157.6103515625
2020-04-13,TAIEX,10099.2197265625,10099.2197265625
2020-04-14,TAIEX,10332.9404296875,10332.9404296875
2020-04-15,TAIEX,10447.2099609375,10447.2099609375
2020-04-16,TAIEX,10375.48046875,10375.48046875
2020-04-17,TAIEX,10597.0400390625,10597.0400390625
2020-04-20,TAIEX,10586.7099609375,10586.7099609375
2020-04-21,TAIEX,10288.419921875,10288.419921875
2020-04-22,TAIEX,10307.740234375,10307.740234375
2020-04-23,TAIEX,10366.509765625,10366.509765625
2020-04-24,TAIEX,10347.3603515625,10347.3603515625
2020-04-27,TAIEX,10567.26953125,10567.26953125
2020-04-28,TAIEX,10616.0595703125,10616.0595703125
2020-04-29,TAIEX,10772.2197265625,10772.2197265625
2020-04-30,TAIEX,10992.1396484375,10992.1396484375
2020-05-04,TAIEX,10720.48046875,10720.48046875
2020-05-05,TAIEX,10774.6103515625,10774.6103515625
2020-05-06,TAIEX,10774.98046875,10774.98046875
2020-05-07,TAIEX,10842.919921875,10842.919921875
2020-05-08,TAIEX,10901.419921875,10901.419921875
2020-05-11,TAIEX,11013.259765625,11013.259765625
2020-05-12,TAIEX,10879.4697265625,10879.4697265625
2020-05-13,TAIEX,10938.26953125,10938.26953125
2020-05-14,TAIEX,10780.8798828125,10780.8798828125
2020-05-15,TAIEX,10814.919921875,10814.919921875
2020-05-18,TAIEX,10740.5498046875,10740.5498046875
2020-05-19,TAIEX,10860.4404296875,10860.4404296875
2020-05-20,TAIEX,10907.7998046875,10907.7998046875
2020-05-21,TAIEX,11008.3095703125,11008.3095703125
2020-05-22,TAIEX,10811.150390625,10811.150390625
2020-05-25,TAIEX,10871.1796875,10871.1796875
2020-05-26,TAIEX,10997.2099609375,10997.2099609375
2020-05-27,TAIEX,11014.66015625,11014.66015625
2020-05-28,TAIEX,10944.1904296875,10944.1904296875
2020-05-29,TAIEX,10942.16015625,10942.16015625
2020-06-01,TAIEX,11079.01953125,11079.01953125
2020-06-02,TAIEX,11127.9296875,11127.9296875
2020-06-03,TAIEX,11320.16015625,11320.16015625
2020-06-04,TAIEX,11393.23046875,11393.23046875
2020-06-05,TAIEX,11479.400390625,11479.400390625
2020-06-08,TAIEX,11610.3203125,11610.3203125
2020-06-09,TAIEX,11637.1103515625,11637.1103515625
2020-06-10,TAIEX,11720.16015625,11720.16015625
2020-06-11,TAIEX,11535.76953125,11535.76953125
2020-06-12,TAIEX,11429.9404296875,11429.9404296875
2020-06-15,TAIEX,11306.259765625,11306.259765625
2020-06-16,TAIEX,11511.6396484375,11511.6396484375
2020-06-17,TAIEX,11534.58984375,11534.58984375
2020-06-18,TAIEX,11548.330078125,11548.330078125
2020-06-19,TAIEX,11549.8603515625,11549.8603515625
2020-06-22,TAIEX,11572.9296875,11572.9296875
2020-06-23,TAIEX,11612.3603515625,11612.3603515625
2020-06-24,TAIEX,11660.669921875,11660.669921875
2020-06-29,TAIEX,11542.6201171875,11542.6201171875
2020-06-30,TAIEX,11621.240234375,11621.240234375
2020-07-01,TAIEX,11703.419921875,11703.419921875
2020-07-02,TAIEX,11805.1396484375,11805.1396484375
2020-07-03,TAIEX,11909.16015625,11909.16015625
2020-07-06,TAIEX,12116.7001953125,12116.7001953125
2020-07-07,TAIEX,12092.9697265625,12092.9697265625
2020-07-08,TAIEX,12170.1904296875,12170.1904296875
2020-07-09,TAIEX,12192.6904296875,12192.6904296875
2020-07-10,TAIEX,12073.6796875,12073.6796875
2020-07-13,TAIEX,12211.5595703125,12211.5595703125
2020-07-14,TAIEX,12209.009765625,12209.009765625
2020-07-15,TAIEX,12202.849609375,12202.849609375
2020-07-16,TAIEX,12157.740234375,12157.740234375
2020-07-17,TAIEX,12181.5595703125,12181.5595703125
2020-07-20,TAIEX,12174.5400390625,12174.5400390625
2020-07-21,TAIEX,12397.5498046875,12397.5498046875
2020-07-22,TAIEX,12473.26953125,12473.26953125
2020-07-23,TAIEX,12413.0400390625,12413.0400390625
2020-07-24,TAIEX,12304.0400390625,12304.0400390625
2020-07-27,TAIEX,12588.2998046875,12588.2998046875
2020-07-28,TAIEX,12586.73046875,12586.73046875
2020-07-29,TAIEX,12540.9697265625,12540.9697265625
2020-07-30,TAIEX,12722.919921875,12722.919921875
2020-07-31,TAIEX,12664.7998046875,12664.7998046875
2020-08-03,TAIEX,12513.0302734375,12513.0302734375
2020-08-04,TAIEX,12709.919921875,12709.919921875
2020-08-05,TAIEX,12802.2998046875,12802.2998046875
2020-08-06,TAIEX,12913.5,12913.5
2020-08-07,TAIEX,12828.8701171875,12828.8701171875
2020-08-10,TAIEX,12894.0,12894.0
2020-08-11,TAIEX,12780.1904296875,12780.1904296875
2020-08-12,TAIEX,12670.349609375,12670.349609375
2020-08-13,TAIEX,12763.1298828125,12763.1298828125
2020-08-14,TAIEX,12795.4599609375,12795.4599609375
2020-08-17,TAIEX,12956.1103515625,12956.1103515625
2020-08-18,TAIEX,12872.1396484375,12872.1396484375
2020-08-19,TAIEX,12778.6396484375,12778.6396484375
2020-08-20,TAIEX,12362.6396484375,12362.6396484375
2020-08-21,TAIEX,12607.83984375,12607.83984375
2020-08-24,TAIEX,12647.1298828125,12647.1298828125
2020-08-25,TAIEX,12758.25,12758.25
2020-08-26,TAIEX,12833.2900390625,12833.2900390625
2020-08-27,TAIEX,12797.3095703125,12797.3095703125
2020-08-28,TAIEX,12728.849609375,12728.849609375
2020-08-31,TAIEX,12591.4501953125,12591.4501953125
2020-09-01,TAIEX,12703.2802734375,12703.2802734375
2020-09-02,TAIEX,12699.5,12699.5
2020-09-03,TAIEX,12757.9697265625,12757.9697265625
2020-09-04,TAIEX,12637.9501953125,12637.9501953125
2020-09-07,TAIEX,12601.400390625,12601.400390625
2020-09-08,TAIEX,12663.5595703125,12663.5595703125
2020-09-09,TAIEX,12608.580078125,12608.580078125
2020-09-10,TAIEX,12691.75,12691.75
2020-09-11,TAIEX,12675.9501953125,12675.9501953125
2020-09-14,TAIEX,12787.8203125,12787.8203125
2020-09-15,TAIEX,12845.650390625,12845.650390625
2020-09-16,TAIEX,12976.759765625,12976.759765625
2020-09-17,TAIEX,12872.740234375,12872.740234375
2020-09-18,TAIEX,12875.6201171875,12875.6201171875
2020-09-21,TAIEX,12795.1201171875,12795.1201171875
2020-09-22,TAIEX,12645.509765625,12645.509765625
2020-09-23,TAIEX,12583.8798828125,12583.8798828125
2020-09-24,TAIEX,12264.3798828125,12264.3798828125
2020-09-25,TAIEX,12232.91015625,12232.91015625
2020-09-28,TAIEX,12462.759765625,12462.759765625
2020-09-29,TAIEX,12467.73046875,12467.73046875
2020-09-30,TAIEX,12515.6103515625,12515.6103515625
2020-10-05,TAIEX,12548.2802734375,12548.2802734375
2020-10-06,TAIEX,12704.23046875,12704.23046875
2020-10-07,TAIEX,12746.3701171875,12746.3701171875
2020-10-08,TAIEX,12887.1904296875,12887.1904296875
2020-10-12,TAIEX,12955.91015625,12955.91015625
2020-10-13,TAIEX,12947.1298828125,12947.1298828125
2020-10-14,TAIEX,12919.3095703125,12919.3095703125
2020-10-15,TAIEX,12827.8203125,12827.8203125
2020-10-16,TAIEX,12750.3701171875,12750.3701171875
2020-10-19,TAIEX,12908.33984375,12908.33984375
2020-10-20,TAIEX,12862.3701171875,12862.3701171875
2020-10-21,TAIEX,12877.25,12877.25
2020-10-22,TAIEX,12917.0302734375,12917.0302734375
2020-10-23,TAIEX,12898.8203125,12898.8203125
2020-10-26,TAIEX,12909.0302734375,12909.0302734375
2020-10-27,TAIEX,12875.009765625,12875.009765625
2020-10-28,TAIEX,12793.75,12793.75
2020-10-29,TAIEX,12662.91015625,12662.91015625
2020-10-30,TAIEX,12546.33984375,12546.33984375
2020-11-02,TAIEX,12591.3095703125,12591.3095703125
2020-11-03,TAIEX,12736.009765625,12736.009765625
2020-11-04,TAIEX,12867.900390625,12867.900390625
2020-11-05,TAIEX,12918.7998046875,12918.7998046875
2020-11-06,TAIEX,12973.5302734375,12973.5302734375
2020-11-09,TAIEX,13127.4697265625,13127.4697265625
2020-11-10,TAIEX,13081.7197265625,13081.7197265625
2020-11-11,TAIEX,13262.1904296875,13262.1904296875
2020-11-12,TAIEX,13221.7802734375,13221.7802734375
2020-11-13,TAIEX,13273.330078125,13273.330078125
2020-11-16,TAIEX,13551.830078125,13551.830078125
2020-11-17,TAIEX,13593.009765625,13593.009765625
2020-11-18,TAIEX,13773.2900390625,13773.2900390625
2020-11-19,TAIEX,13722.4296875,13722.4296875
2020-11-20,TAIEX,13716.4404296875,13716.4404296875
2020-11-23,TAIEX,13878.009765625,13878.009765625
2020-11-24,TAIEX,13807.1298828125,13807.1298828125
2020-11-25,TAIEX,13738.830078125,13738.830078125
2020-11-26,TAIEX,13845.66015625,13845.66015625
2020-11-27,TAIEX,13867.08984375,13867.08984375
2020-11-30,TAIEX,13722.8896484375,13722.8896484375
2020-12-01,TAIEX,13885.669921875,13885.669921875
2020-12-02,TAIEX,13989.1396484375,13989.1396484375
2020-12-03,TAIEX,13977.08984375,13977.08984375
2020-12-04,TAIEX,14132.4404296875,14132.4404296875
2020-12-07,TAIEX,14256.599609375,14256.599609375
2020-12-08,TAIEX,14360.400390625,14360.400390625
2020-12-09,TAIEX,14390.1396484375,14390.1396484375
2020-12-10,TAIEX,14249.490234375,14249.490234375
2020-12-11,TAIEX,14261.6904296875,14261.6904296875
2020-12-14,TAIEX,14211.0498046875,14211.0498046875
2020-12-15,TAIEX,14068.51953125,14068.51953125
2020-12-16,TAIEX,14304.4599609375,14304.4599609375
2020-12-17,TAIEX,14258.9296875,14258.9296875
2020-12-18,TAIEX,14249.9599609375,14249.9599609375
2020-12-21,TAIEX,14384.9599609375,14384.9599609375
2020-12-22,TAIEX,14177.4599609375,14177.4599609375
2020-12-23,TAIEX,14223.08984375,14223.08984375
2020-12-24,TAIEX,14280.2802734375,14280.2802734375
2020-12-25,TAIEX,14331.419921875,14331.419921875
2020-12-28,TAIEX,14483.0703125,14483.0703125
2020-12-29,TAIEX,14472.0498046875,14472.0498046875
2020-12-30,TAIEX,14687.7001953125,14687.7001953125
2020-12-31,TAIEX,14732.5302734375,14732.5302734375
2021-01-04,TAIEX,14902.0302734375,14902.0302734375
2021-01-05,TAIEX,15000.0302734375,15000.0302734375
2021-01-06,TAIEX,14983.1298828125,14983.1298828125
2021-01-07,TAIEX,15214.0,15214.0
2021-01-08,TAIEX,15463.9501953125,15463.9501953125
2021-01-11,TAIEX,15557.2998046875,15557.2998046875
2021-01-12,TAIEX,15500.7001953125,15500.7001953125
2021-01-13,TAIEX,15769.98046875,15769.98046875
2021-01-14,TAIEX,15707.1904296875,15707.1904296875
2021-01-15,TAIEX,15616.3896484375,15616.3896484375
2021-01-18,TAIEX,15612.0,15612.0
2021-01-19,TAIEX,15877.3701171875,15877.3701171875
2021-01-20,TAIEX,15806.1796875,15806.1796875
2021-01-21,TAIEX,16153.76953125,16153.76953125
2021-01-22,TAIEX,16019.0302734375,16019.0302734375
2021-01-25,TAIEX,15946.5400390625,15946.5400390625
2021-01-26,TAIEX,15658.849609375,15658.849609375
2021-01-27,TAIEX,15701.4501953125,15701.4501953125
2021-01-28,TAIEX,15415.8798828125,15415.8798828125
2021-01-29,TAIEX,15138.3095703125,15138.3095703125
2021-02-01,TAIEX,15410.08984375,15410.08984375
2021-02-02,TAIEX,15760.0498046875,15760.0498046875
2021-02-03,TAIEX,15771.3203125,15771.3203125
2021-02-04,TAIEX,15706.2197265625,15706.2197265625
2021-02-05,TAIEX,15802.400390625,15802.400390625
2021-02-17,TAIEX,16362.2900390625,16362.2900390625
2021-02-18,TAIEX,16424.509765625,16424.509765625
2021-02-19,TAIEX,16341.3798828125,16341.3798828125
2021-02-22,TAIEX,16410.16015625,16410.16015625
2021-02-23,TAIEX,16443.400390625,16443.400390625
2021-02-24,TAIEX,16212.5302734375,16212.5302734375
2021-02-25,TAIEX,16452.1796875,16452.1796875
2021-02-26,TAIEX,15953.7998046875,15953.7998046875
2021-03-02,TAIEX,15946.8798828125,15946.8798828125
2021-03-03,TAIEX,16211.73046875,16211.73046875
2021-03-04,TAIEX,15906.41015625,15906.41015625
2021-03-05,TAIEX,15855.23046875,15855.23046875
2021-03-08,TAIEX,15820.1103515625,15820.1103515625
2021-03-09,TAIEX,15853.08984375,15853.08984375
2021-03-10,TAIEX,15911.669921875,15911.669921875
2021-03-11,TAIEX,16179.5595703125,16179.5595703125
2021-03-12,TAIEX,16255.1796875,16255.1796875
2021-03-15,TAIEX,16249.330078125,16249.330078125
2021-03-16,TAIEX,16313.16015625,16313.16015625
2021-03-17,TAIEX,16215.8203125,16215.8203125
2021-03-18,TAIEX,16287.83984375,16287.83984375
2021-03-19,TAIEX,16070.240234375,16070.240234375
2021-03-22,TAIEX,16189.2197265625,16189.2197265625
2021-03-23,TAIEX,16177.58984375,16177.58984375
2021-03-24,TAIEX,16032.1201171875,16032.1201171875
2021-03-25,TAIEX,16060.1396484375,16060.1396484375
2021-03-26,TAIEX,16305.8798828125,16305.8798828125
2021-03-29,TAIEX,16475.970703125,16475.970703125
2021-03-30,TAIEX,16554.900390625,16554.900390625
2021-03-31,TAIEX,16431.130859375,16431.130859375
2021-04-01,TAIEX,16571.279296875,16571.279296875
2021-04-07,TAIEX,16815.359375,16815.359375
2021-04-08,TAIEX,16926.439453125,16926.439453125
2021-04-09,TAIEX,16854.099609375,16854.099609375
2021-04-12,TAIEX,16859.69921875,16859.69921875
2021-04-13,TAIEX,16824.91015625,16824.91015625
2021-04-14,TAIEX,16865.970703125,16865.970703125
2021-04-15,TAIEX,17076.73046875,17076.73046875
2021-04-16,TAIEX,17158.810546875,17158.810546875
2021-04-19,TAIEX,17263.279296875,17263.279296875
2021-04-20,TAIEX,17323.869140625,17323.869140625
2021-04-21,TAIEX,17202.109375,17202.109375
2021-04-22,TAIEX,17096.970703125,17096.970703125
2021-04-23,TAIEX,17300.26953125,17300.26953125
2021-04-26,TAIEX,17572.2890625,17572.2890625
2021-04-27,TAIEX,17595.900390625,17595.900390625
2021-04-28,TAIEX,17567.529296875,17567.529296875
2021-04-29,TAIEX,17566.66015625,17566.66015625
2021-05-03,TAIEX,17222.349609375,17222.349609375
2021-05-04,TAIEX,16933.779296875,16933.779296875
2021-05-05,TAIEX,16843.439453125,16843.439453125
2021-05-06,TAIEX,16994.359375,16994.359375
2021-05-07,TAIEX,17285.0,17285.0
2021-05-10,TAIEX,17235.609375,17235.609375
2021-05-11,TAIEX,16583.130859375,16583.130859375
2021-05-12,TAIEX,15902.3701171875,15902.3701171875
2021-05-13,TAIEX,15670.099609375,15670.099609375
2021-05-14,TAIEX,15827.08984375,15827.08984375
2021-05-17,TAIEX,15353.8896484375,15353.8896484375
2021-05-18,TAIEX,16145.98046875,16145.98046875
2021-05-19,TAIEX,16132.66015625,16132.66015625
2021-05-20,TAIEX,16042.3603515625,16042.3603515625
2021-05-21,TAIEX,16302.0595703125,16302.0595703125
2021-05-24,TAIEX,16338.2900390625,16338.2900390625
2021-05-25,TAIEX,16595.669921875,16595.669921875
2021-05-26,TAIEX,16643.689453125,16643.689453125
2021-05-27,TAIEX,16601.609375,16601.609375
2021-05-28,TAIEX,16870.859375,16870.859375
2021-05-31,TAIEX,17068.4296875,17068.4296875
2021-06-01,TAIEX,17162.380859375,17162.380859375
2021-06-02,TAIEX,17165.0390625,17165.0390625
2021-06-03,TAIEX,17246.16015625,17246.16015625
2021-06-04,TAIEX,17147.41015625,17147.41015625
2021-06-07,TAIEX,17083.91015625,17083.91015625
2021-06-08,TAIEX,17076.2109375,17076.2109375
2021-06-09,TAIEX,16966.220703125,16966.220703125
2021-06-10,TAIEX,17159.220703125,17159.220703125
2021-06-11,TAIEX,17213.51953125,17213.51953125
2021-06-15,TAIEX,17371.2890625,17371.2890625
2021-06-16,TAIEX,17307.859375,17307.859375
2021-06-17,TAIEX,17390.609375,17390.609375
2021-06-18,TAIEX,17318.5390625,17318.5390625
2021-06-21,TAIEX,17062.98046875,17062.98046875
2021-06-22,TAIEX,17075.55078125,17075.55078125
2021-06-23,TAIEX,17336.7109375,17336.7109375
2021-06-24,TAIEX,17407.9609375,17407.9609375
2021-06-25,TAIEX,17502.990234375,17502.990234375
2021-06-28,TAIEX,17590.970703125,17590.970703125
2021-06-29,TAIEX,17598.189453125,17598.189453125
2021-06-30,TAIEX,17755.4609375,17755.4609375
2021-07-01,TAIEX,17713.939453125,17713.939453125
2021-07-02,TAIEX,17710.150390625,17710.150390625
2021-07-05,TAIEX,17919.330078125,17919.330078125
2021-07-06,TAIEX,17913.0703125,17913.0703125
2021-07-07,TAIEX,17850.689453125,17850.689453125
2021-07-08,TAIEX,17866.08984375,17866.08984375
2021-07-09,TAIEX,17661.48046875,17661.48046875
2021-07-12,TAIEX,17814.330078125,17814.330078125
2021-07-13,TAIEX,17847.51953125,17847.51953125
2021-07-14,TAIEX,17845.75,17845.75
2021-07-15,TAIEX,18034.189453125,18034.189453125
2021-07-16,TAIEX,17895.25,17895.25
2021-07-19,TAIEX,17789.25,17789.25
2021-07-20,TAIEX,17528.740234375,17528.740234375
2021-07-21,TAIEX,17458.7890625,17458.7890625
2021-07-22,TAIEX,17572.330078125,17572.330078125
2021-07-23,TAIEX,17572.919921875,17572.919921875
2021-07-26,TAIEX,17403.560546875,17403.560546875
2021-07-27,TAIEX,17269.869140625,17269.869140625
2021-07-28,TAIEX,17135.220703125,17135.220703125
2021-07-29,TAIEX,17402.810546875,17402.810546875
2021-07-30,TAIEX,17247.41015625,17247.41015625
2021-08-02,TAIEX,17503.279296875,17503.279296875
2021-08-03,TAIEX,17553.759765625,17553.759765625
2021-08-04,TAIEX,17623.890625,17623.890625
2021-08-05,TAIEX,17603.119140625,17603.119140625
2021-08-06,TAIEX,17526.279296875,17526.279296875
2021-08-09,TAIEX,17485.150390625,17485.150390625
2021-08-10,TAIEX,17323.640625,17323.640625
2021-08-11,TAIEX,17227.1796875,17227.1796875
2021-08-12,TAIEX,17219.939453125,17219.939453125
2021-08-13,TAIEX,16982.109375,16982.109375
2021-08-16,TAIEX,16858.76953125,16858.76953125
2021-08-17,TAIEX,16661.359375,16661.359375
2021-08-18,TAIEX,16826.26953125,16826.26953125
2021-08-19,TAIEX,16375.400390625,16375.400390625
2021-08-20,TAIEX,16341.9404296875,16341.9404296875
2021-08-23,TAIEX,16741.83984375,16741.83984375
2021-08-24,TAIEX,16818.73046875,16818.73046875
2021-08-25,TAIEX,17045.859375,17045.859375
2021-08-26,TAIEX,17066.9609375,17066.9609375
2021-08-27,TAIEX,17209.9296875,17209.9296875
2021-08-30,TAIEX,17396.51953125,17396.51953125
2021-08-31,TAIEX,17490.2890625,17490.2890625
2021-09-01,TAIEX,17473.990234375,17473.990234375
2021-09-02,TAIEX,17319.759765625,17319.759765625
2021-09-03,TAIEX,17516.919921875,17516.919921875
2021-09-06,TAIEX,17495.30078125,17495.30078125
2021-09-07,TAIEX,17428.869140625,17428.869140625
2021-09-08,TAIEX,17270.490234375,17270.490234375
2021-09-09,TAIEX,17304.330078125,17304.330078125
2021-09-10,TAIEX,17474.5703125,17474.5703125
2021-09-13,TAIEX,17446.310546875,17446.310546875
2021-09-14,TAIEX,17434.900390625,17434.900390625
2021-09-15,TAIEX,17354.0,17354.0
2021-09-16,TAIEX,17278.69921875,17278.69921875
2021-09-17,TAIEX,17276.7890625,17276.7890625
2021-09-22,TAIEX,16925.8203125,16925.8203125
2021-09-23,TAIEX,17078.220703125,17078.220703125
2021-09-24,TAIEX,17260.189453125,17260.189453125
2021-09-27,TAIEX,17313.76953125,17313.76953125
2021-09-28,TAIEX,17181.439453125,17181.439453125
2021-09-29,TAIEX,16855.4609375,16855.4609375
2021-09-30,TAIEX,16934.76953125,16934.76953125
2021-10-01,TAIEX,16570.890625,16570.890625
2021-10-04,TAIEX,16408.349609375,16408.349609375
2021-10-05,TAIEX,16460.75,16460.75
2021-10-06,TAIEX,16393.16015625,16393.16015625
2021-10-07,TAIEX,16713.859375,16713.859375
2021-10-08,TAIEX,16640.4296875,16640.4296875
2021-10-12,TAIEX,16462.83984375,16462.83984375
2021-10-13,TAIEX,16347.990234375,16347.990234375
2021-10-14,TAIEX,16387.279296875,16387.279296875
2021-10-15,TAIEX,16781.189453125,16781.189453125
2021-10-18,TAIEX,16705.4609375,16705.4609375
2021-10-19,TAIEX,16900.669921875,16900.669921875
2021-10-20,TAIEX,16887.8203125,16887.8203125
2021-10-21,TAIEX,16889.509765625,16889.509765625
2021-10-22,TAIEX,16888.740234375,16888.740234375
2021-10-25,TAIEX,16894.240234375,16894.240234375
2021-10-26,TAIEX,17034.33984375,17034.33984375
2021-10-27,TAIEX,17074.55078125,17074.55078125
2021-10-28,TAIEX,17041.630859375,17041.630859375
2021-10-29,TAIEX,16987.41015625,16987.41015625
2021-11-01,TAIEX,17068.240234375,17068.240234375
2021-11-02,TAIEX,17065.970703125,17065.970703125
2021-11-03,TAIEX,17122.16015625,17122.16015625
2021-11-04,TAIEX,17078.859375,17078.859375
2021-11-05,TAIEX,17296.900390625,17296.900390625
2021-11-08,TAIEX,17415.30078125,17415.30078125
2021-11-09,TAIEX,17541.359375,17541.359375
2021-11-10,TAIEX,17559.650390625,17559.650390625
2021-11-11,TAIEX,17452.51953125,17452.51953125
2021-11-12,TAIEX,17518.130859375,17518.130859375
2021-11-15,TAIEX,17634.470703125,17634.470703125
2021-11-16,TAIEX,17693.130859375,17693.130859375
2021-11-17,TAIEX,17764.0390625,17764.0390625
2021-11-18,TAIEX,17841.369140625,17841.369140625
2021-11-19,TAIEX,17818.310546875,17818.310546875
2021-11-22,TAIEX,17803.5390625,17803.5390625
2021-11-23,TAIEX,17666.119140625,17666.119140625
2021-11-24,TAIEX,17642.51953125,17642.51953125
2021-11-25,TAIEX,17654.189453125,17654.189453125
2021-11-26,TAIEX,17369.390625,17369.390625
2021-11-29,TAIEX,17328.08984375,17328.08984375
2021-11-30,TAIEX,17427.759765625,17427.759765625
2021-12-01,TAIEX,17585.990234375,17585.990234375
2021-12-02,TAIEX,17724.880859375,17724.880859375
2021-12-03,TAIEX,17697.140625,17697.140625
2021-12-06,TAIEX,17688.2109375,17688.2109375
2021-12-07,TAIEX,17796.919921875,17796.919921875
2021-12-08,TAIEX,17832.419921875,17832.419921875
2021-12-09,TAIEX,17914.119140625,17914.119140625
2021-12-10,TAIEX,17826.259765625,17826.259765625
2021-12-13,TAIEX,17767.599609375,17767.599609375
2021-12-14,TAIEX,17599.369140625,17599.369140625
2021-12-15,TAIEX,17660.099609375,17660.099609375
2021-12-16,TAIEX,17785.740234375,17785.740234375
2021-12-17,TAIEX,17812.58984375,17812.58984375
2021-12-20,TAIEX,17669.109375,17669.109375
2021-12-21,TAIEX,17789.26953125,17789.26953125
2021-12-22,TAIEX,17826.830078125,17826.830078125
2021-12-23,TAIEX,17946.66015625,17946.66015625
2021-12-24,TAIEX,17961.640625,17961.640625
2021-12-27,TAIEX,18048.939453125,18048.939453125
2021-12-28,TAIEX,18196.810546875,18196.810546875
2021-12-29,TAIEX,18248.279296875,18248.279296875
2021-12-30,TAIEX,18218.83984375,18218.83984375
2022-01-03,TAIEX,18270.509765625,18270.509765625
2022-01-04,TAIEX,18526.349609375,18526.349609375
2022-01-05,TAIEX,18499.9609375,18499.9609375
2022-01-06,TAIEX,18367.919921875,18367.919921875
2022-01-07,TAIEX,18169.759765625,18169.759765625
2022-01-10,TAIEX,18239.380859375,18239.380859375
2022-01-11,TAIEX,18288.2109375,18288.2109375
2022-01-12,TAIEX,18375.400390625,18375.400390625
2022-01-13,TAIEX,18436.9296875,18436.9296875
2022-01-14,TAIEX,18403.330078125,18403.330078125
2022-01-17,TAIEX,18525.439453125,18525.439453125
2022-01-18,TAIEX,18378.640625,18378.640625
2022-01-19,TAIEX,18227.4609375,18227.4609375
2022-01-20,TAIEX,18218.279296875,18218.279296875
2022-01-21,TAIEX,17899.30078125,17899.30078125
2022-01-24,TAIEX,17989.0390625,17989.0390625
2022-01-25,TAIEX,17701.119140625,17701.119140625
2022-01-26,TAIEX,17674.400390625,17674.400390625
2022-02-07,TAIEX,17900.30078125,17900.30078125
2022-02-08,TAIEX,17966.560546875,17966.560546875
2022-02-09,TAIEX,18151.759765625,18151.759765625
2022-02-10,TAIEX,18338.05078125,18338.05078125
2022-02-11,TAIEX,18310.939453125,18310.939453125
2022-02-14,TAIEX,17997.669921875,17997.669921875
2022-02-15,TAIEX,17951.810546875,17951.810546875
2022-02-16,TAIEX,18231.470703125,18231.470703125
2022-02-17,TAIEX,18268.5703125,18268.5703125
2022-02-18,TAIEX,18232.349609375,18232.349609375
2022-02-21,TAIEX,18221.490234375,18221.490234375
2022-02-22,TAIEX,17969.2890625,17969.2890625
2022-02-23,TAIEX,18055.73046875,18055.73046875
2022-02-24,TAIEX,17594.55078125,17594.55078125
2022-02-25,TAIEX,17652.1796875,17652.1796875
2022-03-01,TAIEX,17898.25,17898.25
2022-03-02,TAIEX,17867.599609375,17867.599609375
2022-03-03,TAIEX,17934.400390625,17934.400390625
2022-03-04,TAIEX,17736.51953125,17736.51953125
2022-03-07,TAIEX,17178.689453125,17178.689453125
2022-03-08,TAIEX,16825.25,16825.25
2022-03-09,TAIEX,17015.359375,17015.359375
2022-03-10,TAIEX,17433.19921875,17433.19921875
2022-03-11,TAIEX,17264.740234375,17264.740234375
2022-03-14,TAIEX,17263.0390625,17263.0390625
2022-03-15,TAIEX,16926.060546875,16926.060546875
2022-03-16,TAIEX,16940.830078125,16940.830078125
2022-03-17,TAIEX,17448.220703125,17448.220703125
2022-03-18,TAIEX,17456.51953125,17456.51953125
2022-03-21,TAIEX,17560.359375,17560.359375
2022-03-22,TAIEX,17559.7109375,17559.7109375
2022-03-23,TAIEX,17731.369140625,17731.369140625
2022-03-24,TAIEX,17699.060546875,17699.060546875
2022-03-25,TAIEX,17676.94921875,17676.94921875
2022-03-28,TAIEX,17520.009765625,17520.009765625
2022-03-29,TAIEX,17548.66015625,17548.66015625
2022-03-30,TAIEX,17740.560546875,17740.560546875
2022-03-31,TAIEX,17693.470703125,17693.470703125
2022-04-01,TAIEX,17625.58984375,17625.58984375
2022-04-06,TAIEX,17522.5,17522.5
2022-04-07,TAIEX,17178.630859375,17178.630859375
2022-04-08,TAIEX,17284.5390625,17284.5390625
2022-04-11,TAIEX,17048.369140625,17048.369140625
2022-04-12,TAIEX,16990.91015625,16990.91015625
2022-04-13,TAIEX,17301.650390625,17301.650390625
2022-04-14,TAIEX,17245.650390625,17245.650390625
2022-04-15,TAIEX,17004.1796875,17004.1796875
2022-04-18,TAIEX,16898.869140625,16898.869140625
2022-04-19,TAIEX,16993.400390625,16993.400390625
2022-04-20,TAIEX,17148.880859375,17148.880859375
2022-04-21,TAIEX,17127.94921875,17127.94921875
2022-04-22,TAIEX,17025.08984375,17025.08984375
2022-04-25,TAIEX,16620.900390625,16620.900390625
2022-04-26,TAIEX,16644.7890625,16644.7890625
2022-04-27,TAIEX,16303.349609375,16303.349609375
2022-04-28,TAIEX,16419.380859375,16419.380859375
2022-04-29,TAIEX,16592.1796875,16592.1796875
2022-05-03,TAIEX,16498.900390625,16498.900390625
2022-05-04,TAIEX,16565.830078125,16565.830078125
2022-05-05,TAIEX,16696.119140625,16696.119140625
2022-05-06,TAIEX,16408.19921875,16408.19921875
2022-05-09,TAIEX,16048.919921875,16048.919921875
2022-05-10,TAIEX,16061.7001953125,16061.7001953125
2022-05-11,TAIEX,16006.25,16006.25
2022-05-12,TAIEX,15616.6796875,15616.6796875
2022-05-13,TAIEX,15832.5400390625,15832.5400390625
2022-05-16,TAIEX,15901.0400390625,15901.0400390625
2022-05-17,TAIEX,16056.08984375,16056.08984375
2022-05-18,TAIEX,16296.8603515625,16296.8603515625
2022-05-19,TAIEX,16020.3203125,16020.3203125
2022-05-20,TAIEX,16144.849609375,16144.849609375
2022-05-23,TAIEX,16156.41015625,16156.41015625
2022-05-24,TAIEX,15963.6298828125,15963.6298828125
2022-05-25,TAIEX,16104.0302734375,16104.0302734375
2022-05-26,TAIEX,15968.830078125,15968.830078125
2022-05-27,TAIEX,16266.2197265625,16266.2197265625
2022-05-30,TAIEX,16610.619140625,16610.619140625
2022-05-31,TAIEX,16807.76953125,16807.76953125
2022-06-01,TAIEX,16675.08984375,16675.08984375
2022-06-02,TAIEX,16552.5703125,16552.5703125
2022-06-06,TAIEX,16605.9609375,16605.9609375
2022-06-07,TAIEX,16512.880859375,16512.880859375
2022-06-08,TAIEX,16670.509765625,16670.509765625
2022-06-09,TAIEX,16621.33984375,16621.33984375
2022-06-10,TAIEX,16460.119140625,16460.119140625
2022-06-13,TAIEX,16070.98046875,16070.98046875
2022-06-14,TAIEX,16047.3701171875,16047.3701171875
2022-06-15,TAIEX,15999.25,15999.25
2022-06-16,TAIEX,15838.6103515625,15838.6103515625
2022-06-17,TAIEX,15641.259765625,15641.259765625
2022-06-20,TAIEX,15367.580078125,15367.580078125
2022-06-21,TAIEX,15728.6396484375,15728.6396484375
2022-06-22,TAIEX,15347.75,15347.75
2022-06-23,TAIEX,15176.4404296875,15176.4404296875
2022-06-24,TAIEX,15303.3203125,15303.3203125
2022-06-27,TAIEX,15548.009765625,15548.009765625
2022-06-28,TAIEX,15439.919921875,15439.919921875
2022-06-29,TAIEX,15240.1298828125,15240.1298828125
2022-06-30,TAIEX,14825.73046875,14825.73046875
2022-07-01,TAIEX,14343.080078125,14343.080078125
2022-07-04,TAIEX,14217.0595703125,14217.0595703125
2022-07-05,TAIEX,14349.2001953125,14349.2001953125
2022-07-06,TAIEX,13985.509765625,13985.509765625
2022-07-07,TAIEX,14336.26953125,14336.26953125
2022-07-08,TAIEX,14464.5302734375,14464.5302734375
2022-07-11,TAIEX,14340.5302734375,14340.5302734375
2022-07-12,TAIEX,13950.6201171875,13950.6201171875
2022-07-13,TAIEX,14324.6796875,14324.6796875
2022-07-14,TAIEX,14438.51953125,14438.51953125
2022-07-15,TAIEX,14550.6201171875,14550.6201171875
2022-07-18,TAIEX,14719.6396484375,14719.6396484375
2022-07-19,TAIEX,14694.080078125,14694.080078125
2022-07-20,TAIEX,14733.2197265625,14733.2197265625
2022-07-21,TAIEX,14937.7001953125,14937.7001953125
2022-07-22,TAIEX,14949.3603515625,14949.3603515625
2022-07-25,TAIEX,14936.330078125,14936.330078125
2022-07-26,TAIEX,14806.7802734375,14806.7802734375
2022-07-27,TAIEX,14921.58984375,14921.58984375
2022-07-28,TAIEX,14891.900390625,14891.900390625
2022-07-29,TAIEX,15000.0703125,15000.0703125
2022-08-01,TAIEX,14981.6904296875,14981.6904296875
2022-08-02,TAIEX,14747.23046875,14747.23046875
2022-08-03,TAIEX,14777.01953125,14777.01953125
2022-08-04,TAIEX,14702.2001953125,14702.2001953125
2022-08-05,TAIEX,15036.0400390625,15036.0400390625
2022-08-08,TAIEX,15020.41015625,15020.41015625
2022-08-09,TAIEX,15050.2802734375,15050.2802734375
2022-08-10,TAIEX,14939.01953125,14939.01953125
2022-08-11,TAIEX,15197.849609375,15197.849609375
2022-08-12,TAIEX,15288.9697265625,15288.9697265625
2022-08-15,TAIEX,15417.349609375,15417.349609375
2022-08-16,TAIEX,15420.5703125,15420.5703125
2022-08-17,TAIEX,15465.4501953125,15465.4501953125
2022-08-18,TAIEX,15396.759765625,15396.759765625
2022-08-19,TAIEX,15408.7802734375,15408.7802734375
2022-08-22,TAIEX,15245.1396484375,15245.1396484375
2022-08-23,TAIEX,15095.8896484375,15095.8896484375
2022-08-24,TAIEX,15069.1904296875,15069.1904296875
2022-08-25,TAIEX,15200.0400390625,15200.0400390625
2022-08-26,TAIEX,15278.4404296875,15278.4404296875
2022-08-29,TAIEX,14926.1904296875,14926.1904296875
2022-08-30,TAIEX,14953.6298828125,14953.6298828125
2022-08-31,TAIEX,15095.4404296875,15095.4404296875
2022-09-01,TAIEX,14801.8603515625,14801.8603515625
2022-09-02,TAIEX,14673.0400390625,14673.0400390625
2022-09-05,TAIEX,14661.099609375,14661.099609375
2022-09-06,TAIEX,14677.2001953125,14677.2001953125
2022-09-07,TAIEX,14410.0498046875,14410.0498046875
2022-09-08,TAIEX,14583.419921875,14583.419921875
2022-09-12,TAIEX,14807.4296875,14807.4296875
2022-09-13,TAIEX,14894.41015625,14894.41015625
2022-09-14,TAIEX,14658.3095703125,14658.3095703125
2022-09-15,TAIEX,14670.0400390625,14670.0400390625
2022-09-16,TAIEX,14561.759765625,14561.759765625
2022-09-19,TAIEX,14425.6796875,14425.6796875
2022-09-20,TAIEX,14549.2998046875,14549.2998046875
2022-09-21,TAIEX,14424.51953125,14424.51953125
2022-09-22,TAIEX,14284.6298828125,14284.6298828125
2022-09-23,TAIEX,14118.3798828125,14118.3798828125
2022-09-26,TAIEX,13778.1904296875,13778.1904296875
2022-09-27,TAIEX,13826.58984375,13826.58984375
2022-09-28,TAIEX,13466.0703125,13466.0703125
2022-09-29,TAIEX,13534.259765625,13534.259765625
2022-09-30,TAIEX,13424.580078125,13424.580078125
2022-10-03,TAIEX,13300.48046875,13300.48046875
2022-10-04,TAIEX,13576.51953125,13576.51953125
2022-10-05,TAIEX,13801.4296875,13801.4296875
2022-10-06,TAIEX,13892.0498046875,13892.0498046875
2022-10-07,TAIEX,13702.2802734375,13702.2802734375
2022-10-11,TAIEX,13106.0302734375,13106.0302734375
2022-10-12,TAIEX,13081.240234375,13081.240234375
2022-10-13,TAIEX,12810.73046875,12810.73046875
2022-10-14,TAIEX,13128.1201171875,13128.1201171875
2022-10-17,TAIEX,12966.0498046875,12966.0498046875
2022-10-18,TAIEX,13124.6796875,13124.6796875
2022-10-19,TAIEX,12976.759765625,12976.759765625
2022-10-20,TAIEX,12946.099609375,12946.099609375
2022-10-21,TAIEX,12819.2001953125,12819.2001953125
2022-10-24,TAIEX,12856.98046875,12856.98046875
2022-10-25,TAIEX,12666.1201171875,12666.1201171875
2022-10-26,TAIEX,12729.0498046875,12729.0498046875
2022-10-27,TAIEX,12926.3701171875,12926.3701171875
2022-10-28,TAIEX,12788.419921875,12788.419921875
2022-10-31,TAIEX,12949.75,12949.75
2022-11-01,TAIEX,13037.2099609375,13037.2099609375
2022-11-02,TAIEX,13100.169921875,13100.169921875
2022-11-03,TAIEX,12986.599609375,12986.599609375
2022-11-04,TAIEX,13026.7099609375,13026.7099609375
2022-11-07,TAIEX,13223.73046875,13223.73046875
2022-11-08,TAIEX,13347.759765625,13347.759765625
2022-11-09,TAIEX,13638.8095703125,13638.8095703125
2022-11-10,TAIEX,13503.759765625,13503.759765625
2022-11-11,TAIEX,14007.5595703125,14007.5595703125
2022-11-14,TAIEX,14174.900390625,14174.900390625
2022-11-15,TAIEX,14546.3095703125,14546.3095703125
2022-11-16,TAIEX,14537.349609375,14537.349609375
2022-11-17,TAIEX,14535.23046875,14535.23046875
2022-11-18,TAIEX,14504.990234375,14504.990234375
2022-11-21,TAIEX,14449.3896484375,14449.3896484375
2022-11-22,TAIEX,14542.2001953125,14542.2001953125
2022-11-23,TAIEX,14608.5400390625,14608.5400390625
2022-11-24,TAIEX,14784.0,14784.0
2022-11-25,TAIEX,14778.509765625,14778.509765625
2022-11-28,TAIEX,14556.8701171875,14556.8701171875
2022-11-29,TAIEX,14709.6396484375,14709.6396484375
2022-11-30,TAIEX,14879.5498046875,14879.5498046875
2022-12-01,TAIEX,15012.7998046875,15012.7998046875
2022-12-02,TAIEX,14970.6796875,14970.6796875
2022-12-05,TAIEX,14980.740234375,14980.740234375
2022-12-06,TAIEX,14728.8798828125,14728.8798828125
2022-12-07,TAIEX,14630.009765625,14630.009765625
2022-12-08,TAIEX,14553.0400390625,14553.0400390625
2022-12-09,TAIEX,14705.4296875,14705.4296875
2022-12-12,TAIEX,14612.58984375,14612.58984375
2022-12-13,TAIEX,14522.9599609375,14522.9599609375
2022-12-14,TAIEX,14739.3603515625,14739.3603515625
2022-12-15,TAIEX,14734.1298828125,14734.1298828125
2022-12-16,TAIEX,14528.5498046875,14528.5498046875
2022-12-19,TAIEX,14433.3203125,14433.3203125
2022-12-20,TAIEX,14170.0302734375,14170.0302734375
2022-12-21,TAIEX,14234.400390625,14234.400390625
2022-12-22,TAIEX,14442.9404296875,14442.9404296875
2022-12-23,TAIEX,14271.6298828125,14271.6298828125
2022-12-26,TAIEX,14285.1298828125,14285.1298828125
2022-12-27,TAIEX,14328.4296875,14328.4296875
2022-12-28,TAIEX,14173.099609375,14173.099609375
2022-12-29,TAIEX,14085.01953125,14085.01953125
2022-12-30,TAIEX,14137.6904296875,14137.6904296875
2023-01-03,TAIEX,14224.1201171875,14224.1201171875
2023-01-04,TAIEX,14199.1298828125,14199.1298828125
2023-01-05,TAIEX,14301.0498046875,14301.0498046875
2023-01-06,TAIEX,14373.33984375,14373.33984375
2023-01-09,TAIEX,14752.2099609375,14752.2099609375
2023-01-10,TAIEX,14802.9599609375,14802.9599609375
2023-01-11,TAIEX,14751.4404296875,14751.4404296875
2023-01-12,TAIEX,14731.6396484375,14731.6396484375
2023-01-13,TAIEX,14824.1298828125,14824.1298828125
2023-01-16,TAIEX,14927.009765625,14927.009765625
2023-01-17,TAIEX,14932.9296875,14932.9296875
2023-01-30,TAIEX,15493.8203125,15493.8203125
2023-01-31,TAIEX,15265.2001953125,15265.2001953125
2023-02-01,TAIEX,15420.1298828125,15420.1298828125
2023-02-02,TAIEX,15595.16015625,15595.16015625
2023-02-03,TAIEX,15602.66015625,15602.66015625
2023-02-06,TAIEX,15392.8203125,15392.8203125
2023-02-07,TAIEX,15400.91015625,15400.91015625
2023-02-08,TAIEX,15618.169921875,15618.169921875
2023-02-09,TAIEX,15598.7099609375,15598.7099609375
2023-02-10,TAIEX,15586.650390625,15586.650390625
2023-02-13,TAIEX,15544.2802734375,15544.2802734375
2023-02-14,TAIEX,15654.48046875,15654.48046875
2023-02-15,TAIEX,15432.8896484375,15432.8896484375
2023-02-16,TAIEX,15550.5,15550.5
2023-02-17,TAIEX,15479.7001953125,15479.7001953125
2023-02-20,TAIEX,15551.23046875,15551.23046875
2023-02-21,TAIEX,15563.0,15563.0
2023-02-22,TAIEX,15418.76953125,15418.76953125
2023-02-23,TAIEX,15615.41015625,15615.41015625
2023-02-24,TAIEX,15503.7900390625,15503.7900390625
2023-03-01,TAIEX,15598.490234375,15598.490234375
2023-03-02,TAIEX,15598.7197265625,15598.7197265625
2023-03-03,TAIEX,15608.419921875,15608.419921875
2023-03-06,TAIEX,15763.509765625,15763.509765625
2023-03-07,TAIEX,15857.8896484375,15857.8896484375
2023-03-08,TAIEX,15818.2001953125,15818.2001953125
2023-03-09,TAIEX,15770.66015625,15770.66015625
2023-03-10,TAIEX,15526.2001953125,15526.2001953125
2023-03-13,TAIEX,15560.490234375,15560.490234375
2023-03-14,TAIEX,15360.419921875,15360.419921875
2023-03-15,TAIEX,15387.58984375,15387.58984375
2023-03-16,TAIEX,15221.1201171875,15221.1201171875
2023-03-17,TAIEX,15452.9599609375,15452.9599609375
2023-03-20,TAIEX,15419.9697265625,15419.9697265625
2023-03-21,TAIEX,15513.4501953125,15513.4501953125
2023-03-22,TAIEX,15760.4599609375,15760.4599609375
2023-03-23,TAIEX,15863.9501953125,15863.9501953125
2023-03-24,TAIEX,15914.7001953125,15914.7001953125
2023-03-27,TAIEX,15830.3095703125,15830.3095703125
2023-03-28,TAIEX,15701.48046875,15701.48046875
2023-03-29,TAIEX,15769.759765625,15769.759765625
2023-03-30,TAIEX,15849.4296875,15849.4296875
2023-03-31,TAIEX,15868.0595703125,15868.0595703125
2023-04-06,TAIEX,15810.76953125,15810.76953125
2023-04-07,TAIEX,15836.5,15836.5
2023-04-10,TAIEX,15876.169921875,15876.169921875
2023-04-11,TAIEX,15913.8798828125,15913.8798828125
2023-04-12,TAIEX,15932.9697265625,15932.9697265625
2023-04-13,TAIEX,15804.759765625,15804.759765625
2023-04-14,TAIEX,15929.4296875,15929.4296875
2023-04-17,TAIEX,15963.5498046875,15963.5498046875
2023-04-18,TAIEX,15869.4404296875,15869.4404296875
2023-04-19,TAIEX,15770.4697265625,15770.4697265625
2023-04-20,TAIEX,15707.51953125,15707.51953125
2023-04-21,TAIEX,15602.990234375,15602.990234375
2023-04-24,TAIEX,15626.8701171875,15626.8701171875
2023-04-25,TAIEX,15370.73046875,15370.73046875
2023-04-26,TAIEX,15374.6298828125,15374.6298828125
2023-04-27,TAIEX,15411.490234375,15411.490234375
2023-04-28,TAIEX,15579.1796875,15579.1796875
2023-05-02,TAIEX,15636.48046875,15636.48046875
2023-05-03,TAIEX,15553.41015625,15553.41015625
2023-05-04,TAIEX,15609.0302734375,15609.0302734375
2023-05-05,TAIEX,15626.0703125,15626.0703125
2023-05-08,TAIEX,15699.5703125,15699.5703125
2023-05-09,TAIEX,15727.7001953125,15727.7001953125
2023-05-10,TAIEX,15641.759765625,15641.759765625
2023-05-11,TAIEX,15514.6396484375,15514.6396484375
2023-05-12,TAIEX,15502.3603515625,15502.3603515625
2023-05-15,TAIEX,15475.0498046875,15475.0498046875
2023-05-16,TAIEX,15673.900390625,15673.900390625
2023-05-17,TAIEX,15925.2900390625,15925.2900390625
2023-05-18,TAIEX,16101.8798828125,16101.8798828125
2023-05-19,TAIEX,16174.919921875,16174.919921875
2023-05-22,TAIEX,16180.8896484375,16180.8896484375
2023-05-23,TAIEX,16188.0302734375,16188.0302734375
2023-05-24,TAIEX,16159.3203125,16159.3203125
2023-05-25,TAIEX,16292.0,16292.0
2023-05-26,TAIEX,16505.05078125,16505.05078125
2023-05-29,TAIEX,16636.30078125,16636.30078125
2023-05-30,TAIEX,16622.740234375,16622.740234375
2023-05-31,TAIEX,16578.9609375,16578.9609375
2023-06-01,TAIEX,16512.650390625,16512.650390625
2023-06-02,TAIEX,16706.91015625,16706.91015625
2023-06-05,TAIEX,16714.4296875,16714.4296875
2023-06-06,TAIEX,16761.66015625,16761.66015625
2023-06-07,TAIEX,16922.48046875,16922.48046875
2023-06-08,TAIEX,16733.689453125,16733.689453125
2023-06-09,TAIEX,16886.400390625,16886.400390625
2023-06-12,TAIEX,16955.369140625,16955.369140625
2023-06-13,TAIEX,17216.599609375,17216.599609375
2023-06-14,TAIEX,17238.140625,17238.140625
2023-06-15,TAIEX,17334.98046875,17334.98046875
2023-06-16,TAIEX,17288.91015625,17288.91015625
2023-06-19,TAIEX,17274.560546875,17274.560546875
2023-06-20,TAIEX,17184.91015625,17184.91015625
2023-06-21,TAIEX,17202.400390625,17202.400390625
2023-06-26,TAIEX,17059.240234375,17059.240234375
2023-06-27,TAIEX,16887.900390625,16887.900390625
2023-06-28,TAIEX,16935.630859375,16935.630859375
2023-06-29,TAIEX,16942.30078125,16942.30078125
2023-06-30,TAIEX,16915.5390625,16915.5390625
2023-07-03,TAIEX,17084.19921875,17084.19921875
2023-07-04,TAIEX,17140.76953125,17140.76953125
2023-07-05,TAIEX,17056.4296875,17056.4296875
2023-07-06,TAIEX,16762.169921875,16762.169921875
2023-07-07,TAIEX,16664.2109375,16664.2109375
2023-07-10,TAIEX,16652.80078125,16652.80078125
2023-07-11,TAIEX,16898.91015625,16898.91015625
2023-07-12,TAIEX,16962.029296875,16962.029296875
2023-07-13,TAIEX,17061.400390625,17061.400390625
2023-07-14,TAIEX,17283.7109375,17283.7109375
2023-07-17,TAIEX,17334.2890625,17334.2890625
2023-07-18,TAIEX,17227.91015625,17227.91015625
2023-07-19,TAIEX,17116.439453125,17116.439453125
2023-07-20,TAIEX,17164.890625,17164.890625
2023-07-21,TAIEX,17030.69921875,17030.69921875
2023-07-24,TAIEX,17033.609375,17033.609375
2023-07-25,TAIEX,17198.890625,17198.890625
2023-07-26,TAIEX,17162.55078125,17162.55078125
2023-07-27,TAIEX,17241.8203125,17241.8203125
2023-07-28,TAIEX,17292.9296875,17292.9296875
2023-07-31,TAIEX,17145.4296875,17145.4296875
2023-08-01,TAIEX,17212.869140625,17212.869140625
2023-08-02,TAIEX,16893.73046875,16893.73046875
2023-08-04,TAIEX,16843.6796875,16843.6796875
2023-08-07,TAIEX,16996.0,16996.0
2023-08-08,TAIEX,16877.0703125,16877.0703125
2023-08-09,TAIEX,16870.939453125,16870.939453125
2023-08-10,TAIEX,16634.69921875,16634.69921875
2023-08-11,TAIEX,16601.25,16601.25
2023-08-14,TAIEX,16393.66015625,16393.66015625
2023-08-15,TAIEX,16454.80078125,16454.80078125
2023-08-16,TAIEX,16446.779296875,16446.779296875
2023-08-17,TAIEX,16516.66015625,16516.66015625
2023-08-18,TAIEX,16381.3095703125,16381.3095703125
2023-08-21,TAIEX,16381.490234375,16381.490234375
2023-08-22,TAIEX,16437.609375,16437.609375
2023-08-23,TAIEX,16576.900390625,16576.900390625
2023-08-24,TAIEX,16770.869140625,16770.869140625
2023-08-25,TAIEX,16481.580078125,16481.580078125
2023-08-28,TAIEX,16509.259765625,16509.259765625
2023-08-29,TAIEX,16623.650390625,16623.650390625
2023-08-30,TAIEX,16719.8203125,16719.8203125
2023-08-31,TAIEX,16634.509765625,16634.509765625
2023-09-01,TAIEX,16644.939453125,16644.939453125
2023-09-04,TAIEX,16789.689453125,16789.689453125
2023-09-05,TAIEX,16791.609375,16791.609375
2023-09-06,TAIEX,16738.16015625,16738.16015625
2023-09-07,TAIEX,16619.140625,16619.140625
2023-09-08,TAIEX,16576.01953125,16576.01953125
2023-09-11,TAIEX,16432.94921875,16432.94921875
2023-09-12,TAIEX,16572.7109375,16572.7109375
2023-09-13,TAIEX,16581.509765625,16581.509765625
2023-09-14,TAIEX,16807.560546875,16807.560546875
2023-09-15,TAIEX,16920.919921875,16920.919921875
2023-09-18,TAIEX,16698.240234375,16698.240234375
2023-09-19,TAIEX,16636.3203125,16636.3203125
2023-09-20,TAIEX,16534.75,16534.75
2023-09-21,TAIEX,16316.669921875,16316.669921875
2023-09-22,TAIEX,16344.48046875,16344.48046875
2023-09-25,TAIEX,16452.23046875,16452.23046875
2023-09-26,TAIEX,16276.0703125,16276.0703125
2023-09-27,TAIEX,16310.3603515625,16310.3603515625
2023-09-28,TAIEX,16353.740234375,16353.740234375
2023-10-02,TAIEX,16557.310546875,16557.310546875
2023-10-03,TAIEX,16454.33984375,16454.33984375
2023-10-04,TAIEX,16273.3798828125,16273.3798828125
2023-10-05,TAIEX,16453.51953125,16453.51953125
2023-10-06,TAIEX,16520.5703125,16520.5703125
2023-10-11,TAIEX,16672.029296875,16672.029296875
2023-10-12,TAIEX,16825.91015625,16825.91015625
2023-10-13,TAIEX,16782.5703125,16782.5703125
2023-10-16,TAIEX,16652.240234375,16652.240234375
2023-10-17,TAIEX,16642.55078125,16642.55078125
2023-10-18,TAIEX,16440.91015625,16440.91015625
2023-10-19,TAIEX,16452.73046875,16452.73046875
2023-10-20,TAIEX,16440.720703125,16440.720703125
2023-10-23,TAIEX,16251.3603515625,16251.3603515625
2023-10-24,TAIEX,16309.759765625,16309.759765625
2023-10-25,TAIEX,16358.8896484375,16358.8896484375
2023-10-26,TAIEX,16073.740234375,16073.740234375
2023-10-27,TAIEX,16134.6103515625,16134.6103515625
2023-10-30,TAIEX,16149.6796875,16149.6796875
2023-10-31,TAIEX,16001.26953125,16001.26953125
2023-11-01,TAIEX,16038.5595703125,16038.5595703125
2023-11-02,TAIEX,16396.94921875,16396.94921875
2023-11-03,TAIEX,16507.650390625,16507.650390625
2023-11-06,TAIEX,16649.359375,16649.359375
2023-11-07,TAIEX,16684.94921875,16684.94921875
2023-11-08,TAIEX,16740.830078125,16740.830078125
2023-11-09,TAIEX,16745.650390625,16745.650390625
2023-11-10,TAIEX,16682.669921875,16682.669921875
2023-11-13,TAIEX,16839.2890625,16839.2890625
2023-11-14,TAIEX,16915.7109375,16915.7109375
2023-11-15,TAIEX,17128.779296875,17128.779296875
2023-11-16,TAIEX,17171.1796875,17171.1796875
2023-11-17,TAIEX,17208.94921875,17208.94921875
2023-11-20,TAIEX,17210.470703125,17210.470703125
2023-11-21,TAIEX,17416.69921875,17416.69921875
2023-11-22,TAIEX,17310.259765625,17310.259765625
2023-11-23,TAIEX,17294.55078125,17294.55078125
2023-11-24,TAIEX,17287.419921875,17287.419921875
2023-11-27,TAIEX,17137.419921875,17137.419921875
2023-11-28,TAIEX,17341.25,17341.25
2023-11-29,TAIEX,17370.560546875,17370.560546875
2023-11-30,TAIEX,17433.849609375,17433.849609375
2023-12-01,TAIEX,17438.349609375,17438.349609375
2023-12-04,TAIEX,17421.48046875,17421.48046875
2023-12-05,TAIEX,17328.009765625,17328.009765625
2023-12-06,TAIEX,17360.720703125,17360.720703125
2023-12-07,TAIEX,17278.740234375,17278.740234375
2023-12-08,TAIEX,17383.990234375,17383.990234375
2023-12-11,TAIEX,17418.33984375,17418.33984375
2023-12-12,TAIEX,17450.630859375,17450.630859375
2023-12-13,TAIEX,17468.9296875,17468.9296875
2023-12-14,TAIEX,17653.109375,17653.109375
2023-12-15,TAIEX,17673.869140625,17673.869140625
2023-12-18,TAIEX,17652.029296875,17652.029296875
2023-12-19,TAIEX,17576.55078125,17576.55078125
2023-12-20,TAIEX,17635.19921875,17635.19921875
2023-12-21,TAIEX,17543.740234375,17543.740234375
2023-12-22,TAIEX,17596.630859375,17596.630859375
2023-12-25,TAIEX,17604.83984375,17604.83984375
2023-12-26,TAIEX,17751.73046875,17751.73046875
2023-12-27,TAIEX,17891.5,17891.5
2023-12-28,TAIEX,17910.369140625,17910.369140625
2023-12-29,TAIEX,17930.810546875,17930.810546875
2024-01-02,TAIEX,17853.759765625,17853.759765625
2024-01-03,TAIEX,17559.310546875,17559.310546875
2024-01-04,TAIEX,17549.650390625,17549.650390625
2024-01-05,TAIEX,17519.140625,17519.140625
2024-01-08,TAIEX,17572.66015625,17572.66015625
2024-01-09,TAIEX,17535.490234375,17535.490234375
2024-01-10,TAIEX,17465.630859375,17465.630859375
2024-01-11,TAIEX,17545.3203125,17545.3203125
2024-01-12,TAIEX,17512.830078125,17512.830078125
2024-01-15,TAIEX,17546.8203125,17546.8203125
2024-01-16,TAIEX,17346.869140625,17346.869140625
2024-01-17,TAIEX,17161.7890625,17161.7890625
2024-01-18,TAIEX,17227.7890625,17227.7890625
2024-01-19,TAIEX,17681.51953125,17681.51953125
2024-01-22,TAIEX,17815.099609375,17815.099609375
2024-01-23,TAIEX,17874.58984375,17874.58984375
2024-01-24,TAIEX,17875.830078125,17875.830078125
2024-01-25,TAIEX,18002.619140625,18002.619140625
2024-01-26,TAIEX,17995.029296875,17995.029296875
2024-01-29,TAIEX,18119.630859375,18119.630859375
2024-01-30,TAIEX,18034.630859375,18034.630859375
2024-01-31,TAIEX,17889.560546875,17889.560546875
2024-02-01,TAIEX,17968.109375,17968.109375
2024-02-02,TAIEX,18059.9296875,18059.9296875
2024-02-05,TAIEX,18096.0703125,18096.0703125
2024-02-15,TAIEX,18644.5703125,18644.5703125
2024-02-16,TAIEX,18607.25,18607.25
2024-02-19,TAIEX,18635.80078125,18635.80078125
2024-02-20,TAIEX,18753.16015625,18753.16015625
2024-02-21,TAIEX,18676.310546875,18676.310546875
2024-02-22,TAIEX,18852.779296875,18852.779296875
2024-02-23,TAIEX,18889.189453125,18889.189453125
2024-02-26,TAIEX,18948.05078125,18948.05078125
2024-02-27,TAIEX,18854.41015625,18854.41015625
2024-02-29,TAIEX,18966.76953125,18966.76953125
2024-03-01,TAIEX,18935.9296875,18935.9296875
2024-03-04,TAIEX,19305.310546875,19305.310546875
2024-03-05,TAIEX,19386.919921875,19386.919921875
2024-03-06,TAIEX,19499.44921875,19499.44921875
2024-03-07,TAIEX,19693.51953125,19693.51953125
2024-03-08,TAIEX,19785.3203125,19785.3203125
2024-03-11,TAIEX,19726.080078125,19726.080078125
2024-03-12,TAIEX,19914.55078125,19914.55078125
2024-03-13,TAIEX,19928.509765625,19928.509765625
2024-03-14,TAIEX,19937.919921875,19937.919921875
2024-03-15,TAIEX,19682.5,19682.5
2024-03-18,TAIEX,19879.849609375,19879.849609375
2024-03-19,TAIEX,19857.19921875,19857.19921875
2024-03-20,TAIEX,19784.44921875,19784.44921875
2024-03-21,TAIEX,20199.08984375,20199.08984375
2024-03-22,TAIEX,20228.4296875,20228.4296875
2024-03-25,TAIEX,20192.25,20192.25
2024-03-26,TAIEX,20126.490234375,20126.490234375
2024-03-27,TAIEX,20200.119140625,20200.119140625
2024-03-28,TAIEX,20146.55078125,20146.55078125
2024-03-29,TAIEX,20294.44921875,20294.44921875
2024-04-01,TAIEX,20222.330078125,20222.330078125
2024-04-02,TAIEX,20466.5703125,20466.5703125
2024-04-03,TAIEX,20337.599609375,20337.599609375
2024-04-08,TAIEX,20417.69921875,20417.69921875
2024-04-09,TAIEX,20796.19921875,20796.19921875
2024-04-10,TAIEX,20763.529296875,20763.529296875
2024-04-11,TAIEX,20753.220703125,20753.220703125
2024-04-12,TAIEX,20736.5703125,20736.5703125
2024-04-15,TAIEX,20449.76953125,20449.76953125
2024-04-16,TAIEX,19901.9609375,19901.9609375
2024-04-17,TAIEX,20213.330078125,20213.330078125
2024-04-18,TAIEX,20301.19921875,20301.19921875
2024-04-19,TAIEX,19527.119140625,19527.119140625
2024-04-22,TAIEX,19411.220703125,19411.220703125
2024-04-23,TAIEX,19599.279296875,19599.279296875
2024-04-24,TAIEX,20131.740234375,20131.740234375
2024-04-25,TAIEX,19857.419921875,19857.419921875
2024-04-26,TAIEX,20120.509765625,20120.509765625
2024-04-29,TAIEX,20495.51953125,20495.51953125
2024-04-30,TAIEX,20396.599609375,20396.599609375
2024-05-02,TAIEX,20222.439453125,20222.439453125
2024-05-03,TAIEX,20330.3203125,20330.3203125
2024-05-06,TAIEX,20523.310546875,20523.310546875
2024-05-07,TAIEX,20653.529296875,20653.529296875
2024-05-08,TAIEX,20700.509765625,20700.509765625
2024-05-09,TAIEX,20560.76953125,20560.76953125
2024-05-10,TAIEX,20708.83984375,20708.83984375
2024-05-13,TAIEX,20857.7109375,20857.7109375
2024-05-14,TAIEX,20985.849609375,20985.849609375
2024-05-15,TAIEX,21147.2109375,21147.2109375
2024-05-16,TAIEX,21304.259765625,21304.259765625
2024-05-17,TAIEX,21258.470703125,21258.470703125
2024-05-20,TAIEX,21271.630859375,21271.630859375
2024-05-21,TAIEX,21236.75,21236.75
2024-05-22,TAIEX,21551.830078125,21551.830078125
2024-05-23,TAIEX,21607.4296875,21607.4296875
2024-05-24,TAIEX,21565.33984375,21565.33984375
2024-05-27,TAIEX,21803.76953125,21803.76953125
2024-05-28,TAIEX,21858.41015625,21858.41015625
2024-05-29,TAIEX,21662.5,21662.5
2024-05-30,TAIEX,21364.48046875,21364.48046875
2024-05-31,TAIEX,21174.220703125,21174.220703125
2024-06-03,TAIEX,21536.759765625,21536.759765625
2024-06-04,TAIEX,21356.619140625,21356.619140625
2024-06-05,TAIEX,21484.880859375,21484.880859375
2024-06-06,TAIEX,21902.69921875,21902.69921875
2024-06-07,TAIEX,21858.380859375,21858.380859375
2024-06-11,TAIEX,21792.119140625,21792.119140625
2024-06-12,TAIEX,22048.9609375,22048.9609375
2024-06-13,TAIEX,22312.0390625,22312.0390625
2024-06-14,TAIEX,22504.720703125,22504.720703125
2024-06-17,TAIEX,22496.529296875,22496.529296875
2024-06-18,TAIEX,22757.4296875,22757.4296875
2024-06-19,TAIEX,23209.5390625,23209.5390625
2024-06-20,TAIEX,23406.099609375,23406.099609375
2024-06-21,TAIEX,23253.390625,23253.390625
2024-06-24,TAIEX,22813.69921875,22813.69921875
2024-06-25,TAIEX,22875.970703125,22875.970703125
2024-06-26,TAIEX,22986.689453125,22986.689453125
2024-06-27,TAIEX,22905.98046875,22905.98046875
2024-06-28,TAIEX,23032.25,23032.25
2024-07-01,TAIEX,23058.5703125,23058.5703125
2024-07-02,TAIEX,22879.369140625,22879.369140625
2024-07-03,TAIEX,23172.4296875,23172.4296875
2024-07-04,TAIEX,23522.529296875,23522.529296875
2024-07-05,TAIEX,23556.58984375,23556.58984375
2024-07-08,TAIEX,23878.150390625,23878.150390625
2024-07-09,TAIEX,23900.080078125,23900.080078125
2024-07-10,TAIEX,24007.080078125,24007.080078125
2024-07-11,TAIEX,24390.029296875,24390.029296875
2024-07-12,TAIEX,23916.9296875,23916.9296875
2024-07-15,TAIEX,23879.359375,23879.359375
2024-07-16,TAIEX,23997.25,23997.25
2024-07-17,TAIEX,23769.8203125,23769.8203125
2024-07-18,TAIEX,23398.470703125,23398.470703125
2024-07-19,TAIEX,22869.259765625,22869.259765625
2024-07-22,TAIEX,22256.990234375,22256.990234375
2024-07-23,TAIEX,22871.83984375,22871.83984375
2024-07-26,TAIEX,22119.2109375,22119.2109375
2024-07-29,TAIEX,22164.490234375,22164.490234375
2024-07-30,TAIEX,22223.5703125,22223.5703125
2024-07-31,TAIEX,22199.349609375,22199.349609375
2024-08-01,TAIEX,22642.099609375,22642.099609375
2024-08-02,TAIEX,21638.08984375,21638.08984375
2024-08-05,TAIEX,19830.880859375,19830.880859375
2024-08-06,TAIEX,20501.01953125,20501.01953125
2024-08-07,TAIEX,21295.279296875,21295.279296875
2024-08-08,TAIEX,20870.099609375,20870.099609375
2024-08-09,TAIEX,21469.0,21469.0
2024-08-12,TAIEX,21773.259765625,21773.259765625
2024-08-13,TAIEX,21796.5703125,21796.5703125
2024-08-14,TAIEX,22027.25,22027.25
2024-08-15,TAIEX,21895.169921875,21895.169921875
2024-08-16,TAIEX,22349.330078125,22349.330078125
2024-08-19,TAIEX,22409.630859375,22409.630859375
2024-08-20,TAIEX,22429.099609375,22429.099609375
2024-08-21,TAIEX,22237.890625,22237.890625
2024-08-22,TAIEX,22148.830078125,22148.830078125
2024-08-23,TAIEX,22158.05078125,22158.05078125
2024-08-26,TAIEX,22240.119140625,22240.119140625
2024-08-27,TAIEX,22185.0,22185.0
2024-08-28,TAIEX,22370.66015625,22370.66015625
2024-08-29,TAIEX,22201.849609375,22201.849609375
2024-08-30,TAIEX,22268.08984375,22268.08984375
2024-09-02,TAIEX,22235.099609375,22235.099609375
2024-09-03,TAIEX,22092.2109375,22092.2109375
2024-09-04,TAIEX,21092.75,21092.75
2024-09-05,TAIEX,21187.7109375,21187.7109375
2024-09-06,TAIEX,21435.189453125,21435.189453125
2024-09-09,TAIEX,21144.439453125,21144.439453125
2024-09-10,TAIEX,21064.080078125,21064.080078125
2024-09-11,TAIEX,21031.0,21031.0
2024-09-12,TAIEX,21653.25,21653.25
2024-09-13,TAIEX,21759.650390625,21759.650390625
2024-09-16,TAIEX,21850.080078125,21850.080078125
2024-09-18,TAIEX,21678.83984375,21678.83984375
2024-09-19,TAIEX,22042.689453125,22042.689453125
2024-09-20,TAIEX,22159.419921875,22159.419921875
2024-09-23,TAIEX,22285.529296875,22285.529296875
2024-09-24,TAIEX,22431.779296875,22431.779296875
2024-09-25,TAIEX,22761.599609375,22761.599609375
2024-09-26,TAIEX,22858.810546875,22858.810546875
2024-09-27,TAIEX,22822.7890625,22822.7890625
2024-09-30,TAIEX,22224.5390625,22224.5390625
2024-10-01,TAIEX,22390.390625,22390.390625
2024-10-04,TAIEX,22302.7109375,22302.7109375
2024-10-07,TAIEX,22702.560546875,22702.560546875
2024-10-08,TAIEX,22611.390625,22611.390625
2024-10-09,TAIEX,22659.080078125,22659.080078125
2024-10-11,TAIEX,22901.640625,22901.640625
2024-10-14,TAIEX,22975.2890625,22975.2890625
2024-10-15,TAIEX,23292.0390625,23292.0390625
2024-10-16,TAIEX,23010.98046875,23010.98046875
2024-10-17,TAIEX,23053.83984375,23053.83984375
2024-10-18,TAIEX,23487.26953125,23487.26953125
2024-10-21,TAIEX,23542.529296875,23542.529296875
2024-10-22,TAIEX,23535.4296875,23535.4296875
2024-10-23,TAIEX,23334.759765625,23334.759765625
2024-10-24,TAIEX,23192.51953125,23192.51953125
2024-10-25,TAIEX,23348.44921875,23348.44921875
2024-10-28,TAIEX,23198.0703125,23198.0703125
2024-10-29,TAIEX,22926.58984375,22926.58984375
2024-10-30,TAIEX,22820.4296875,22820.4296875
2024-11-01,TAIEX,22780.080078125,22780.080078125
2024-11-04,TAIEX,22965.390625,22965.390625
2024-11-05,TAIEX,23106.7890625,23106.7890625
2024-11-06,TAIEX,23217.380859375,23217.380859375
2024-11-07,TAIEX,23408.8203125,23408.8203125
2024-11-08,TAIEX,23553.890625,23553.890625
2024-11-11,TAIEX,23529.640625,23529.640625
2024-11-12,TAIEX,22981.76953125,22981.76953125
2024-11-13,TAIEX,22860.23046875,22860.23046875
2024-11-14,TAIEX,22715.380859375,22715.380859375
2024-11-15,TAIEX,22742.76953125,22742.76953125
2024-11-18,TAIEX,22546.5390625,22546.5390625
2024-11-19,TAIEX,22848.80078125,22848.80078125
2024-11-20,TAIEX,22688.359375,22688.359375
2024-11-21,TAIEX,22555.66015625,22555.66015625
2024-11-22,TAIEX,22904.3203125,22904.3203125
2024-11-25,TAIEX,22948.369140625,22948.369140625
2024-11-26,TAIEX,22678.759765625,22678.759765625
2024-11-27,TAIEX,22334.779296875,22334.779296875
2024-11-28,TAIEX,22298.900390625,22298.900390625
2024-11-29,TAIEX,22262.5,22262.5
2024-12-02,TAIEX,22736.9296875,22736.9296875
2024-12-03,TAIEX,23027.4609375,23027.4609375
2024-12-04,TAIEX,23255.330078125,23255.330078125
2024-12-05,TAIEX,23267.939453125,23267.939453125
2024-12-06,TAIEX,23193.26953125,23193.26953125
2024-12-09,TAIEX,23273.25,23273.25
2024-12-10,TAIEX,23125.080078125,23125.080078125
2024-12-11,TAIEX,22903.630859375,22903.630859375
2024-12-12,TAIEX,23046.80078125,23046.80078125
2024-12-13,TAIEX,23020.48046875,23020.48046875
2024-12-16,TAIEX,23039.900390625,23039.900390625
2024-12-17,TAIEX,23018.009765625,23018.009765625
2024-12-18,TAIEX,23168.669921875,23168.669921875
2024-12-19,TAIEX,22932.25,22932.25
2024-12-20,TAIEX,22510.25,22510.25
2024-12-23,TAIEX,23104.5390625,23104.5390625
2024-12-24,TAIEX,23120.240234375,23120.240234375
2024-12-25,TAIEX,23220.130859375,23220.130859375
2024-12-26,TAIEX,23246.939453125,23246.939453125
2024-12-27,TAIEX,23275.6796875,23275.6796875
2024-12-30,TAIEX,23190.19921875,23190.19921875
2024-12-31,TAIEX,23035.099609375,23035.099609375
2025-01-02,TAIEX,22832.060546875,22832.060546875
2025-01-03,TAIEX,22908.30078125,22908.30078125
2025-01-06,TAIEX,23547.7109375,23547.7109375
2025-01-07,TAIEX,23651.26953125,23651.26953125
2025-01-08,TAIEX,23407.330078125,23407.330078125
2025-01-09,TAIEX,23081.130859375,23081.130859375
2025-01-10,TAIEX,23011.859375,23011.859375
2025-01-13,TAIEX,22488.330078125,22488.330078125
2025-01-14,TAIEX,22797.51953125,22797.51953125
2025-01-15,TAIEX,22514.5703125,22514.5703125
2025-01-16,TAIEX,23025.099609375,23025.099609375
2025-01-17,TAIEX,23148.080078125,23148.080078125
2025-01-20,TAIEX,23266.8203125,23266.8203125
2025-01-21,TAIEX,23300.009765625,23300.009765625
2025-01-22,TAIEX,23525.41015625,23525.41015625
2025-02-03,TAIEX,22694.7109375,22694.7109375
2025-02-04,TAIEX,22793.9609375,22793.9609375
2025-02-05,TAIEX,23161.580078125,23161.580078125
2025-02-06,TAIEX,23316.599609375,23316.599609375
2025-02-07,TAIEX,23478.26953125,23478.26953125
2025-02-10,TAIEX,23252.140625,23252.140625
2025-02-11,TAIEX,23384.05078125,23384.05078125
2025-02-12,TAIEX,23289.75,23289.75
2025-02-13,TAIEX,23399.41015625,23399.41015625
2025-02-14,TAIEX,23152.609375,23152.609375
2025-02-17,TAIEX,23505.330078125,23505.330078125
2025-02-18,TAIEX,23666.109375,23666.109375
2025-02-19,TAIEX,23604.080078125,23604.080078125
2025-02-20,TAIEX,23487.4609375,23487.4609375
2025-02-21,TAIEX,23730.25,23730.25
2025-02-24,TAIEX,23565.310546875,23565.310546875
2025-02-25,TAIEX,23285.720703125,23285.720703125
2025-02-26,TAIEX,23402.55078125,23402.55078125
2025-02-27,TAIEX,23053.1796875,23053.1796875
2025-03-03,TAIEX,22756.25,22756.25
2025-03-04,TAIEX,22596.880859375,22596.880859375
2025-03-05,TAIEX,22871.900390625,22871.900390625
2025-03-06,TAIEX,22715.4296875,22715.4296875
2025-03-07,TAIEX,22576.0703125,22576.0703125
2025-03-10,TAIEX,22459.150390625,22459.150390625
2025-03-11,TAIEX,22071.08984375,22071.08984375
2025-03-12,TAIEX,22278.359375,22278.359375
2025-03-13,TAIEX,21961.6796875,21961.6796875
2025-03-14,TAIEX,21968.05078125,21968.05078125
2025-03-17,TAIEX,22118.630859375,22118.630859375
2025-03-18,TAIEX,22271.669921875,22271.669921875
2025-03-19,TAIEX,21960.830078125,21960.830078125
2025-03-20,TAIEX,22377.259765625,22377.259765625
2025-03-21,TAIEX,22209.099609375,22209.099609375
2025-03-24,TAIEX,22106.640625,22106.640625
2025-03-25,TAIEX,22273.189453125,22273.189453125
2025-03-26,TAIEX,22260.2890625,22260.2890625
2025-03-27,TAIEX,21951.759765625,21951.759765625
2025-03-28,TAIEX,21602.890625,21602.890625
2025-03-31,TAIEX,20695.900390625,20695.900390625
2025-04-01,TAIEX,21280.169921875,21280.169921875
2025-04-02,TAIEX,21298.220703125,21298.220703125
2025-04-07,TAIEX,19232.349609375,19232.349609375
2025-04-08,TAIEX,18459.94921875,18459.94921875
2025-04-09,TAIEX,17391.759765625,17391.759765625
2025-04-10,TAIEX,19000.029296875,19000.029296875
2025-04-11,TAIEX,19528.76953125,19528.76953125
2025-04-14,TAIEX,19513.08984375,19513.08984375
2025-04-15,TAIEX,19857.669921875,19857.669921875
2025-04-16,TAIEX,19468.0,19468.0
2025-04-17,TAIEX,19338.73046875,19338.73046875
2025-04-18,TAIEX,19395.029296875,19395.029296875
2025-04-21,TAIEX,19106.19921875,19106.19921875
2025-04-22,TAIEX,18793.4296875,18793.4296875
2025-04-23,TAIEX,19639.140625,19639.140625
2025-04-24,TAIEX,19478.810546875,19478.810546875
2025-04-25,TAIEX,19872.73046875,19872.73046875
2025-04-28,TAIEX,20034.41015625,20034.41015625
2025-04-29,TAIEX,20232.630859375,20232.630859375
2025-04-30,TAIEX,20235.029296875,20235.029296875
2025-05-02,TAIEX,20787.640625,20787.640625
2025-05-05,TAIEX,20532.990234375,20532.990234375
2025-05-06,TAIEX,20522.58984375,20522.58984375
2025-05-07,TAIEX,20546.490234375,20546.490234375
2025-05-08,TAIEX,20543.400390625,20543.400390625
2025-05-09,TAIEX,20915.0390625,20915.0390625
2025-05-12,TAIEX,21129.5390625,21129.5390625
2025-05-13,TAIEX,21330.140625,21330.140625
2025-05-14,TAIEX,21782.869140625,21782.869140625
2025-05-15,TAIEX,21730.25,21730.25
2025-05-16,TAIEX,21843.689453125,21843.689453125
2025-05-19,TAIEX,21523.830078125,21523.830078125
2025-05-20,TAIEX,21526.029296875,21526.029296875
2025-05-21,TAIEX,21803.91015625,21803.91015625
2025-05-22,TAIEX,21670.9609375,21670.9609375
2025-05-23,TAIEX,21652.240234375,21652.240234375
2025-05-26,TAIEX,21536.5703125,21536.5703125
2025-05-27,TAIEX,21336.5390625,21336.5390625
2025-05-28,TAIEX,21357.720703125,21357.720703125
2025-05-29,TAIEX,21347.30078125,21347.30078125
2025-06-02,TAIEX,21002.7109375,21002.7109375
2025-06-03,TAIEX,21126.9296875,21126.9296875
2025-06-04,TAIEX,21618.08984375,21618.08984375
2025-06-05,TAIEX,21674.4296875,21674.4296875
2025-06-06,TAIEX,21660.66015625,21660.66015625
2025-06-09,TAIEX,21790.2890625,21790.2890625
2025-06-10,TAIEX,22242.140625,22242.140625
2025-06-11,TAIEX,22470.099609375,22470.099609375
2025-06-12,TAIEX,22287.8203125,22287.8203125
2025-06-13,TAIEX,22072.94921875,22072.94921875
2025-06-16,TAIEX,22049.900390625,22049.900390625
2025-06-17,TAIEX,22211.58984375,22211.58984375
2025-06-18,TAIEX,22356.73046875,22356.73046875
2025-06-19,TAIEX,22003.5,22003.5
2025-06-20,TAIEX,22045.740234375,22045.740234375
2025-06-23,TAIEX,21732.01953125,21732.01953125
2025-06-24,TAIEX,22188.759765625,22188.759765625
2025-06-25,TAIEX,22430.609375,22430.609375
2025-06-26,TAIEX,22492.33984375,22492.33984375
2025-06-27,TAIEX,22580.080078125,22580.080078125
2025-06-30,TAIEX,22256.01953125,22256.01953125
2025-07-01,TAIEX,22553.720703125,22553.720703125
2025-07-02,TAIEX,22577.740234375,22577.740234375
2025-07-03,TAIEX,22712.970703125,22712.970703125
2025-07-04,TAIEX,22547.5,22547.5
2025-07-07,TAIEX,22428.720703125,22428.720703125
2025-07-08,TAIEX,22362.26953125,22362.26953125
2025-07-09,TAIEX,22527.009765625,22527.009765625
2025-07-10,TAIEX,22693.25,22693.25
2025-07-11,TAIEX,22751.029296875,22751.029296875
2025-07-14,TAIEX,22614.970703125,22614.970703125
2025-07-15,TAIEX,22835.939453125,22835.939453125
2025-07-16,TAIEX,23042.900390625,23042.900390625
2025-07-17,TAIEX,23113.279296875,23113.279296875
2025-07-18,TAIEX,23383.130859375,23383.130859375
2025-07-21,TAIEX,23340.560546875,23340.560546875
2025-07-22,TAIEX,22987.919921875,22987.919921875
2025-07-23,TAIEX,23318.669921875,23318.669921875
2025-07-24,TAIEX,23373.73046875,23373.73046875
2025-07-25,TAIEX,23364.380859375,23364.380859375
2025-07-28,TAIEX,23412.98046875,23412.98046875
2025-07-29,TAIEX,23201.51953125,23201.51953125
2025-07-30,TAIEX,23461.720703125,23461.720703125
2025-07-31,TAIEX,23542.51953125,23542.51953125
2025-08-01,TAIEX,23434.380859375,23434.380859375
2025-08-04,TAIEX,23378.939453125,23378.939453125
2025-08-05,TAIEX,23660.58984375,23660.58984375
2025-08-06,TAIEX,23447.359375,23447.359375
2025-08-07,TAIEX,24003.76953125,24003.76953125
2025-08-08,TAIEX,24021.259765625,24021.259765625
2025-08-11,TAIEX,24135.5,24135.5
2025-08-12,TAIEX,24158.359375,24158.359375
2025-08-13,TAIEX,24370.01953125,24370.01953125
2025-08-14,TAIEX,24238.099609375,24238.099609375
2025-08-15,TAIEX,24334.48046875,24334.48046875
2025-08-18,TAIEX,24482.51953125,24482.51953125
2025-08-19,TAIEX,24353.5,24353.5
2025-08-20,TAIEX,23625.439453125,23625.439453125
2025-08-21,TAIEX,23962.130859375,23962.130859375
2025-08-22,TAIEX,23764.470703125,23764.470703125
2025-08-25,TAIEX,24277.380859375,24277.380859375
2025-08-26,TAIEX,24305.099609375,24305.099609375
2025-08-27,TAIEX,24519.900390625,24519.900390625
2025-08-28,TAIEX,24236.44921875,24236.44921875
2025-08-29,TAIEX,24233.099609375,24233.099609375
2025-09-01,TAIEX,24071.73046875,24071.73046875
2025-09-02,TAIEX,24016.779296875,24016.779296875
2025-09-03,TAIEX,24100.30078125,24100.30078125
2025-09-04,TAIEX,24179.849609375,24179.849609375
2025-09-05,TAIEX,24494.580078125,24494.580078125
2025-09-08,TAIEX,24547.380859375,24547.380859375
2025-09-09,TAIEX,24855.1796875,24855.1796875
2025-09-10,TAIEX,25192.58984375,25192.58984375
2025-09-11,TAIEX,25215.7109375,25215.7109375
2025-09-12,TAIEX,25474.640625,25474.640625
2025-09-15,TAIEX,25357.16015625,25357.16015625
2025-09-16,TAIEX,25629.640625,25629.640625
2025-09-17,TAIEX,25438.25,25438.25
2025-09-18,TAIEX,25769.359375,25769.359375
2025-09-19,TAIEX,25578.369140625,25578.369140625
2025-09-22,TAIEX,25880.599609375,25880.599609375
2025-09-23,TAIEX,26247.369140625,26247.369140625
2025-09-24,TAIEX,26196.73046875,26196.73046875
2025-09-25,TAIEX,26023.849609375,26023.849609375
2025-09-26,TAIEX,25580.3203125,25580.3203125
2025-09-30,TAIEX,25820.5390625,25820.5390625
2025-10-01,TAIEX,25982.91015625,25982.91015625
2025-10-02,TAIEX,26378.390625,26378.390625
2025-10-03,TAIEX,26761.060546875,26761.060546875
2025-10-07,TAIEX,27211.94921875,27211.94921875
2025-10-08,TAIEX,27063.6796875,27063.6796875
2025-10-09,TAIEX,27301.919921875,27301.919921875
2025-10-13,TAIEX,26923.419921875,26923.419921875
2025-10-14,TAIEX,26793.150390625,26793.150390625
2025-10-15,TAIEX,27275.7109375,27275.7109375
2025-10-16,TAIEX,27647.869140625,27647.869140625
2025-10-17,TAIEX,27302.369140625,27302.369140625
2025-10-20,TAIEX,27688.630859375,27688.630859375
2025-10-21,TAIEX,27752.41015625,27752.41015625
2025-10-22,TAIEX,27648.91015625,27648.91015625
2025-10-23,TAIEX,27532.259765625,27532.259765625
2025-10-27,TAIEX,27993.630859375,27993.630859375
2025-10-28,TAIEX,27949.109375,27949.109375
2025-10-29,TAIEX,28294.740234375,28294.740234375
2025-10-30,TAIEX,28287.529296875,28287.529296875
2025-10-31,TAIEX,28233.349609375,28233.349609375
2025-11-03,TAIEX,28334.58984375,28334.58984375
2025-11-04,TAIEX,28116.560546875,28116.560546875
2025-11-05,TAIEX,27717.060546875,27717.060546875
2025-11-06,TAIEX,27899.44921875,27899.44921875
2025-11-07,TAIEX,27651.41015625,27651.41015625
2025-11-10,TAIEX,27869.509765625,27869.509765625
2025-11-11,TAIEX,27784.94921875,27784.94921875
2025-11-12,TAIEX,27947.08984375,27947.08984375
2025-11-13,TAIEX,27903.560546875,27903.560546875
2025-11-14,TAIEX,27397.5,27397.5
2025-11-17,TAIEX,27447.310546875,27447.310546875
2025-11-18,TAIEX,26756.119140625,26756.119140625
2025-11-19,TAIEX,26580.119140625,26580.119140625
2025-11-20,TAIEX,27426.359375,27426.359375
2025-11-21,TAIEX,26434.939453125,26434.939453125
2025-11-24,TAIEX,26504.240234375,26504.240234375
2025-11-25,TAIEX,26912.169921875,26912.169921875
2025-11-26,TAIEX,27409.5390625,27409.5390625
2025-11-27,TAIEX,27554.529296875,27554.529296875
2025-11-28,TAIEX,27626.48046875,27626.48046875
2025-12-01,TAIEX,27342.529296875,27342.529296875
2025-12-02,TAIEX,27564.26953125,27564.26953125
2025-12-03,TAIEX,27793.0390625,27793.0390625
2025-12-04,TAIEX,27795.7109375,27795.7109375
2025-12-05,TAIEX,27980.890625,27980.890625
2025-12-08,TAIEX,28303.779296875,28303.779296875
2025-12-09,TAIEX,28182.599609375,28182.599609375
2025-12-10,TAIEX,28400.73046875,28400.73046875
2025-12-11,TAIEX,28024.75,28024.75
2025-12-12,TAIEX,28198.01953125,28198.01953125
2025-12-15,TAIEX,27866.939453125,27866.939453125
2025-12-16,TAIEX,27536.66015625,27536.66015625
2025-12-17,TAIEX,27525.169921875,27525.169921875
2025-12-18,TAIEX,27468.529296875,27468.529296875
2025-12-19,TAIEX,27696.349609375,27696.349609375
2025-12-22,TAIEX,28149.640625,28149.640625
2025-12-23,TAIEX,28310.470703125,28310.470703125
2025-12-24,TAIEX,28371.98046875,28371.98046875
2025-12-26,TAIEX,28556.01953125,28556.01953125
2025-12-29,TAIEX,28810.890625,28810.890625
2025-12-30,TAIEX,28707.130859375,28707.130859375
2025-12-31,TAIEX,28963.599609375,28963.599609375
2026-01-02,TAIEX,29349.810546875,29349.810546875
2026-01-05,TAIEX,30105.0390625,30105.0390625
2026-01-06,TAIEX,30576.30078125,30576.30078125
2026-01-07,TAIEX,30435.470703125,30435.470703125
2026-01-08,TAIEX,30360.55078125,30360.55078125
2026-01-09,TAIEX,30288.9609375,30288.9609375
2026-01-12,TAIEX,30567.2890625,30567.2890625
2026-01-13,TAIEX,30707.220703125,30707.220703125
2026-01-14,TAIEX,30941.779296875,30941.779296875
2026-01-15,TAIEX,30810.580078125,30810.580078125
2026-01-16,TAIEX,31408.69921875,31408.69921875
2026-01-19,TAIEX,31639.2890625,31639.2890625
2026-01-20,TAIEX,31759.990234375,31759.990234375
2026-01-21,TAIEX,31246.369140625,31246.369140625
2026-01-22,TAIEX,31746.080078125,31746.080078125
2026-01-23,TAIEX,31961.509765625,31961.509765625
2026-01-26,TAIEX,32064.51953125,32064.51953125
2026-01-27,TAIEX,32317.919921875,32317.919921875
2026-01-28,TAIEX,32803.8203125,32803.8203125
2026-01-29,TAIEX,32536.26953125,32536.26953125
2026-01-30,TAIEX,32063.75,32063.75
2026-02-02,TAIEX,31624.029296875,31624.029296875
2026-02-03,TAIEX,32195.359375,32195.359375
2026-02-04,TAIEX,32289.810546875,32289.810546875
2026-02-05,TAIEX,31801.26953125,31801.26953125
2026-02-06,TAIEX,31782.919921875,31782.919921875
2026-02-09,TAIEX,32404.619140625,32404.619140625
2026-02-10,TAIEX,33072.96875,33072.96875
2026-02-11,TAIEX,33605.7109375,33605.7109375
2026-02-23,TAIEX,33773.26171875,33773.26171875
2026-02-24,TAIEX,34700.8203125,34700.8203125
2026-02-25,TAIEX,35413.0703125,35413.0703125
2026-02-26,TAIEX,35414.48828125,35414.48828125
2026-03-02,TAIEX,35095.08984375,35095.08984375
2026-03-03,TAIEX,34323.6484375,34323.6484375
2026-03-04,TAIEX,32828.87890625,32828.87890625
2026-03-05,TAIEX,33672.94140625,33672.94140625
2026-03-06,TAIEX,33599.5390625,33599.5390625
2026-03-09,TAIEX,32110.419921875,32110.419921875
2026-03-10,TAIEX,32771.87109375,32771.87109375
2026-03-11,TAIEX,34114.19140625,34114.19140625
2026-03-12,TAIEX,33581.859375,33581.859375
2026-03-13,TAIEX,33400.3203125,33400.3203125
2026-03-16,TAIEX,33342.51171875,33342.51171875
2026-03-17,TAIEX,33836.5703125,33836.5703125
2026-03-18,TAIEX,34348.578125,34348.578125
2026-03-19,TAIEX,33689.6796875,33689.6796875
2026-03-20,TAIEX,33543.87890625,33543.87890625
2026-03-23,TAIEX,32722.5,32722.5
2026-03-24,TAIEX,32612.240234375,32612.240234375
2026-03-25,TAIEX,33439.109375,33439.109375
2026-03-26,TAIEX,33337.62109375,33337.62109375
2026-03-27,TAIEX,33112.58984375,33112.58984375
2026-03-30,TAIEX,32518.16015625,32518.16015625
2026-03-31,TAIEX,31722.990234375,31722.990234375
2026-04-01,TAIEX,33174.8203125,33174.8203125
2026-04-02,TAIEX,32572.4296875,32572.4296875
2026-04-07,TAIEX,33229.8203125,33229.8203125
2026-04-08,TAIEX,34761.37890625,34761.37890625
2026-04-09,TAIEX,34861.16015625,34861.16015625
2026-04-10,TAIEX,35417.828125,35417.828125
2026-04-13,TAIEX,35457.2890625,35457.2890625
2026-04-14,TAIEX,36296.12109375,36296.12109375
2026-04-15,TAIEX,36722.140625,36722.140625
2026-04-16,TAIEX,37132.01953125,37132.01953125
2026-04-17,TAIEX,36804.33984375,36804.33984375
2026-04-20,TAIEX,36958.80078125,36958.80078125
2026-04-21,TAIEX,37605.109375,37605.109375
2026-04-22,TAIEX,37878.46875,37878.46875
2026-04-23,TAIEX,37714.1484375,37714.1484375
2026-04-24,TAIEX,38932.3984375,38932.3984375
2026-04-27,TAIEX,39616.62890625,39616.62890625
2026-04-28,TAIEX,39521.73046875,39521.73046875
2026-04-29,TAIEX,39303.5,39303.5
2026-04-30,TAIEX,38926.62890625,38926.62890625
2026-05-04,TAIEX,40705.140625,40705.140625
2026-05-05,TAIEX,40769.2890625,40769.2890625
2026-05-06,TAIEX,41138.8515625,41138.8515625
2026-05-07,TAIEX,41933.78125,41933.78125
2026-05-08,TAIEX,41603.94140625,41603.94140625
2026-05-11,TAIEX,41790.05859375,41790.05859375
2026-05-12,TAIEX,41898.3203125,41898.3203125
2026-05-13,TAIEX,41374.5,41374.5
2026-05-14,TAIEX,41751.75,41751.75
2026-05-15,TAIEX,41172.359375,41172.359375
2026-05-18,TAIEX,40891.8203125,40891.8203125
2026-05-19,TAIEX,40175.55859375,40175.55859375
2026-05-20,TAIEX,40020.8203125,40020.8203125
2026-05-21,TAIEX,41368.2109375,41368.2109375
2026-05-22,TAIEX,42267.96875,42267.96875
2026-05-25,TAIEX,43644.3984375,43644.3984375
2026-05-26,TAIEX,43525.37109375,43525.37109375
2026-05-27,TAIEX,44256.80078125,44256.80078125
2026-05-28,TAIEX,43636.44140625,43636.44140625
2026-05-29,TAIEX,44732.94140625,44732.94140625
2026-06-01,TAIEX,45337.91015625,45337.91015625
2026-06-02,TAIEX,45557.30859375,45557.30859375
2026-06-03,TAIEX,46459.16015625,46459.16015625
2026-06-04,TAIEX,45677.4609375,45677.4609375
2026-06-05,TAIEX,45070.94140625,45070.94140625
2026-06-08,TAIEX,43502.78125,43502.78125
2026-06-09,TAIEX,44704.44140625,44704.44140625
2026-06-10,TAIEX,43225.5390625,43225.5390625
2026-06-11,TAIEX,43149.4609375,43149.4609375
2026-06-12,TAIEX,44169.0390625,44169.0390625
2026-06-15,TAIEX,45396.98828125,45396.98828125
2026-06-16,TAIEX,45809.19140625,45809.19140625
2026-06-17,TAIEX,45877.390625,45877.390625
2026-06-18,TAIEX,46465.19921875,46465.19921875
2026-06-22,TAIEX,47741.51171875,47741.51171875
2026-06-23,TAIEX,47100.6484375,47100.6484375
2026-06-24,TAIEX,46043.6015625,46043.6015625
2026-06-25,TAIEX,46255.26171875,46255.26171875
2026-06-26,TAIEX,44571.76171875,44571.76171875
2026-06-29,TAIEX,44999.8984375,44999.8984375
2026-06-30,TAIEX,46125.91015625,46125.91015625
2026-07-01,TAIEX,47018.98828125,47018.98828125
2026-07-02,TAIEX,46744.16015625,46744.16015625
2026-07-03,TAIEX,46780.62109375,46780.62109375
2026-07-06,TAIEX,46556.390625,46556.390625
2026-07-07,TAIEX,45479.109375,45479.109375
2026-07-08,TAIEX,45734.41015625,45734.41015625
2026-07-09,TAIEX,45354.609375,45354.609375
2026-07-13,TAIEX,45380.51953125,45380.51953125
2026-07-14,TAIEX,44737.94921875,44737.94921875
2026-07-15,TAIEX,45631.58984375,45631.58984375
2026-07-16,TAIEX,45624.98046875,45624.98046875
2026-07-17,TAIEX,42671.26953125,42671.26953125
2026-07-20,TAIEX,42449.69921875,42449.69921875
2026-07-21,TAIEX,44232.87109375,44232.87109375
2026-07-22,TAIEX,44825.78125,44825.78125
2026-07-23,TAIEX,44850.80859375,44850.80859375
2026-07-24,TAIEX,43654.83984375,43654.83984375
2026-07-27,TAIEX,43634.19140625,43634.19140625
2026-07-28,TAIEX,41603.359375,41603.359375
2026-07-29,TAIEX,40039.1796875,40039.1796875
2026-07-30,TAIEX,39933.30078125,39933.30078125
2026-07-31,TAIEX,43119.75,43119.75
2026-08-03,TAIEX,43386.41015625,43386.41015625
2026-08-04,TAIEX,43360.66015625,43360.66015625
2026-08-05,TAIEX,44611.6015625,44611.6015625
2026-08-06,TAIEX,44396.69921875,44396.69921875
2026-08-07,TAIEX,44225.91015625,44225.91015625
2026-08-10,TAIEX,44928.76171875,44928.76171875
2026-08-11,TAIEX,45120.71875,45120.71875
2026-08-12,TAIEX,45518.0703125,45518.0703125
2026-08-13,TAIEX,46021.48046875,46021.48046875
2026-08-14,TAIEX,45811.01171875,45811.01171875
2026-08-17,TAIEX,45857.26953125,45857.26953125
2026-08-18,TAIEX,45308.6796875,45308.6796875
2026-08-19,TAIEX,44719.3515625,44719.3515625
2026-08-20,TAIEX,44933.73828125,44933.73828125
2026-08-21,TAIEX,45224.2890625,45224.2890625
2026-08-24,TAIEX,44762.3203125,44762.3203125
2026-08-25,TAIEX,45169.4609375,45169.4609375
2026-08-26,TAIEX,45832.62109375,45832.62109375
2026-08-27,TAIEX,45975.21875,45975.21875
2026-08-28,TAIEX,46331.44921875,46331.44921875
2026-08-31,TAIEX,46128.46875,46128.46875
2026-09-01,TAIEX,46948.71875,46948.71875
2026-09-02,TAIEX,46164.71875,46164.71875
2026-09-03,TAIEX,45857.66015625,45857.66015625
2026-09-04,TAIEX,46551.12890625,46551.12890625
2026-09-07,TAIEX,47326.26953125,47326.26953125
2026-09-08,TAIEX,47105.78125,47105.78125
2026-09-09,TAIEX,47183.359375,47183.359375
2026-09-10,TAIEX,46940.48828125,46940.48828125
2026-09-11,TAIEX,46184.8515625,46184.8515625
2026-09-14,TAIEX,45862.51953125,45862.51953125
2026-09-15,TAIEX,45511.48828125,45511.48828125
2026-09-16,TAIEX,45848.8984375,45848.8984375
2026-09-17,TAIEX,46288.0,46288.0
2026-09-18,TAIEX,47180.75,47180.75
2026-09-21,TAIEX,47718.83984375,47718.83984375
2026-09-23,TAIEX,48157.2890625,48157.2890625
